transactionId,customerRef,customerName,amount,occurredAt,countryCode,city,latitude,longitude,merchantId,merchantCategory,deviceId,paymentMethod,hour,dayOfWeek,isForeign,isNewDevice,isNewPaymentMethod,isDawn,label,scenario
SIM-CUST-014-NORMAL-0001,SIM-CUST-014,Shin Haein,85603,2025-11-28T08:39:52,KR,Daegu,35.863913,128.60028,grocery-daegu-01,GROCERY,web-trusted-sim-cust-014,E-PAY,8,4,0,0,0,0,0,NORMAL_BASELINE
SIM-CUST-001-NORMAL-0001,SIM-CUST-001,Kim Minjun,45976,2025-11-28T09:00:11,KR,Seoul,37.571601,126.981062,grocery-seoul-01,GROCERY,web-trusted-sim-cust-001,CARD,9,4,0,0,0,0,0,NORMAL_BASELINE
SIM-CUST-018-NORMAL-0001,SIM-CUST-018,Song Sumin,59247,2025-11-28T09:51:00,KR,Incheon,37.440029,126.685829,online-incheon-01,ONLINE,web-trusted-sim-cust-018,ACCOUNT,9,4,0,0,0,0,0,NORMAL_BASELINE
SIM-CUST-019-NORMAL-0001,SIM-CUST-019,Hong Jiwon,144922,2025-11-28T09:54:17,KR,Daegu,35.854102,128.600059,grocery-daegu-01,GROCERY,web-trusted-sim-cust-019,CARD,9,4,0,0,0,0,0,NORMAL_BASELINE
SIM-CUST-003-NORMAL-0001,SIM-CUST-003,Park Jiho,64603,2025-11-28T10:06:45,KR,Incheon,37.451202,126.712678,cafe-incheon-01,CAFE,web-trusted-sim-cust-003,E-PAY,10,4,0,0,0,0,0,NORMAL_BASELINE
SIM-CUST-013-NORMAL-0001,SIM-CUST-013,Seo Jiho,96513,2025-11-28T10:36:35,KR,Incheon,37.467706,126.700356,utility-incheon-01,UTILITY,web-trusted-sim-cust-013,CARD,10,4,0,0,0,0,0,NORMAL_BASELINE
SIM-CUST-007-NORMAL-0001,SIM-CUST-007,Cho Hyunwoo,61962,2025-11-28T11:18:53,KR,Busan,35.195697,129.085086,online-busan-01,ONLINE,web-trusted-sim-cust-007,E-PAY,11,4,0,0,0,0,0,NORMAL_BASELINE
SIM-CUST-008-NORMAL-0001,SIM-CUST-008,Yoon Sumin,49779,2025-11-28T11:21:10,KR,Incheon,37.43968,126.700137,dining-incheon-01,DINING,web-trusted-sim-cust-008,CARD,11,4,0,0,0,0,0,NORMAL_BASELINE
SIM-CUST-005-NORMAL-0001,SIM-CUST-005,Jung Doyun,86300,2025-11-28T12:12:19,KR,Daejeon,36.329685,127.37669,dining-daejeon-01,DINING,web-trusted-sim-cust-005,CARD,12,4,0,0,0,0,0,NORMAL_BASELINE
SIM-CUST-011-NORMAL-0001,SIM-CUST-011,Han Minjun,62918,2025-11-28T12:30:01,KR,Seoul,37.565738,126.956412,cafe-seoul-01,CAFE,web-trusted-sim-cust-011,E-PAY,12,4,0,0,0,0,0,NORMAL_BASELINE
SIM-CUST-015-NORMAL-0001,SIM-CUST-015,Kwon Doyun,84725,2025-11-28T12:42:09,KR,Daejeon,36.375187,127.394713,cafe-daejeon-01,CAFE,web-trusted-sim-cust-015,ACCOUNT,12,4,0,0,0,0,0,NORMAL_BASELINE
SIM-CUST-020-NORMAL-0001,SIM-CUST-020,Moon Nari,43129,2025-11-28T13:57:34,KR,Daejeon,36.332929,127.400718,grocery-daejeon-01,GROCERY,web-trusted-sim-cust-020,E-PAY,13,4,0,0,0,0,0,NORMAL_BASELINE
SIM-CUST-006-NORMAL-0001,SIM-CUST-006,Kang Yuna,111019,2025-11-28T14:15:36,KR,Seoul,37.551371,126.98203,dining-seoul-01,DINING,web-trusted-sim-cust-006,ACCOUNT,14,4,0,0,0,0,0,NORMAL_BASELINE
SIM-CUST-012-NORMAL-0001,SIM-CUST-012,Oh Seoyeon,40850,2025-11-28T14:33:18,KR,Busan,35.183042,129.061473,dining-busan-01,DINING,web-trusted-sim-cust-012,ACCOUNT,14,4,0,0,0,0,0,NORMAL_BASELINE
SIM-CUST-009-NORMAL-0001,SIM-CUST-009,Jang Jiwon,141291,2025-11-28T15:24:27,KR,Daegu,35.879734,128.623907,utility-daegu-01,UTILITY,web-trusted-sim-cust-009,ACCOUNT,15,4,0,0,0,0,0,NORMAL_BASELINE
SIM-CUST-002-NORMAL-0001,SIM-CUST-002,Lee Seoyeon,36315,2025-11-28T18:03:28,KR,Busan,35.180522,129.081732,grocery-busan-01,GROCERY,web-trusted-sim-cust-002,CARD,18,4,0,0,0,0,0,NORMAL_BASELINE
SIM-CUST-004-NORMAL-0001,SIM-CUST-004,Choi Haein,37419,2025-11-28T18:09:02,KR,Daegu,35.85639,128.626263,grocery-daegu-01,GROCERY,web-trusted-sim-cust-004,CARD,18,4,0,0,0,0,0,NORMAL_BASELINE
SIM-CUST-010-NORMAL-0001,SIM-CUST-010,Lim Nari,48370,2025-11-28T18:27:44,KR,Daejeon,36.36044,127.403177,grocery-daejeon-01,GROCERY,web-trusted-sim-cust-010,CARD,18,4,0,0,0,0,0,NORMAL_BASELINE
SIM-CUST-016-NORMAL-0001,SIM-CUST-016,Hwang Yuna,73612,2025-11-28T18:45:26,KR,Seoul,37.570806,126.955966,shopping-seoul-01,SHOPPING,web-trusted-sim-cust-016,CARD,18,4,0,0,0,0,0,NORMAL_BASELINE
SIM-CUST-017-NORMAL-0001,SIM-CUST-017,Ahn Hyunwoo,60784,2025-11-28T21:48:43,KR,Busan,35.180799,129.059515,online-busan-01,ONLINE,web-trusted-sim-cust-017,E-PAY,21,4,0,0,0,0,0,NORMAL_BASELINE
SIM-CUST-016-NORMAL-0002,SIM-CUST-016,Hwang Yuna,65191,2025-11-29T07:52:00,KR,Seoul,37.559972,126.99918,cafe-seoul-02,CAFE,mobile-primary-sim-cust-016,CARD,7,5,0,0,0,0,0,NORMAL_BASELINE
SIM-CUST-004-NORMAL-0002,SIM-CUST-004,Choi Haein,35809,2025-11-29T08:16:36,KR,Daegu,35.89405,128.599481,dining-daegu-02,DINING,mobile-primary-sim-cust-004,CARD,8,5,0,0,0,0,0,NORMAL_BASELINE
SIM-CUST-019-NORMAL-0002,SIM-CUST-019,Hong Jiwon,136296,2025-11-29T09:01:51,KR,Daegu,35.8618,128.600726,grocery-daegu-02,GROCERY,mobile-primary-sim-cust-019,CARD,9,5,0,0,0,0,0,NORMAL_BASELINE
SIM-CUST-014-NORMAL-0002,SIM-CUST-014,Shin Haein,85384,2025-11-29T09:46:26,KR,Daegu,35.885081,128.616968,utility-daegu-02,UTILITY,mobile-primary-sim-cust-014,E-PAY,9,5,0,0,0,0,0,NORMAL_BASELINE
SIM-CUST-018-NORMAL-0002,SIM-CUST-018,Song Sumin,61132,2025-11-29T10:58:34,KR,Incheon,37.466046,126.693857,grocery-incheon-02,GROCERY,mobile-primary-sim-cust-018,ACCOUNT,10,5,0,0,0,0,0,NORMAL_BASELINE
SIM-CUST-003-NORMAL-0002,SIM-CUST-003,Park Jiho,59394,2025-11-29T11:13:19,KR,Incheon,37.440602,126.706087,transport-incheon-02,TRANSPORT,mobile-primary-sim-cust-003,E-PAY,11,5,0,0,0,0,0,NORMAL_BASELINE
SIM-CUST-008-NORMAL-0002,SIM-CUST-008,Yoon Sumin,63034,2025-11-29T11:28:44,KR,Incheon,37.477423,126.691883,grocery-incheon-02,GROCERY,mobile-primary-sim-cust-008,CARD,11,5,0,0,0,0,0,NORMAL_BASELINE
SIM-CUST-013-NORMAL-0002,SIM-CUST-013,Seo Jiho,101705,2025-11-29T11:43:09,KR,Incheon,37.436279,126.720259,grocery-incheon-02,GROCERY,mobile-primary-sim-cust-013,CARD,11,5,0,0,0,0,0,NORMAL_BASELINE
SIM-CUST-020-NORMAL-0002,SIM-CUST-020,Moon Nari,45141,2025-11-29T12:04:08,KR,Daejeon,36.341106,127.382944,grocery-daejeon-02,GROCERY,mobile-primary-sim-cust-020,E-PAY,12,5,0,0,0,0,0,NORMAL_BASELINE
SIM-CUST-015-NORMAL-0002,SIM-CUST-015,Kwon Doyun,100472,2025-11-29T12:49:43,KR,Daejeon,36.366566,127.402659,cafe-daejeon-02,CAFE,mobile-primary-sim-cust-015,ACCOUNT,12,5,0,0,0,0,0,NORMAL_BASELINE
SIM-CUST-002-NORMAL-0002,SIM-CUST-002,Lee Seoyeon,44859,2025-11-29T13:10:02,KR,Busan,35.164778,129.078061,cafe-busan-02,CAFE,mobile-primary-sim-cust-002,CARD,13,5,0,0,0,0,0,NORMAL_BASELINE
SIM-CUST-009-NORMAL-0002,SIM-CUST-009,Jang Jiwon,139738,2025-11-29T13:31:01,KR,Daegu,35.869132,128.58251,grocery-daegu-02,GROCERY,mobile-primary-sim-cust-009,ACCOUNT,13,5,0,0,0,0,0,NORMAL_BASELINE
SIM-CUST-017-NORMAL-0002,SIM-CUST-017,Ahn Hyunwoo,53545,2025-11-29T13:55:17,KR,Busan,35.165325,129.073462,dining-busan-02,DINING,mobile-primary-sim-cust-017,E-PAY,13,5,0,0,0,0,0,NORMAL_BASELINE
SIM-CUST-006-NORMAL-0002,SIM-CUST-006,Kang Yuna,127841,2025-11-29T14:22:10,KR,Seoul,37.553227,126.967257,grocery-seoul-02,GROCERY,mobile-primary-sim-cust-006,ACCOUNT,14,5,0,0,0,0,0,NORMAL_BASELINE
SIM-CUST-012-NORMAL-0002,SIM-CUST-012,Oh Seoyeon,44662,2025-11-29T14:40:52,KR,Busan,35.180376,129.095271,utility-busan-02,UTILITY,mobile-primary-sim-cust-012,ACCOUNT,14,5,0,0,0,0,0,NORMAL_BASELINE
SIM-CUST-010-NORMAL-0002,SIM-CUST-010,Lim Nari,40856,2025-11-29T18:34:18,KR,Daejeon,36.339389,127.38589,utility-daejeon-02,UTILITY,mobile-primary-sim-cust-010,CARD,18,5,0,0,0,0,0,NORMAL_BASELINE
SIM-CUST-001-NORMAL-0002,SIM-CUST-001,Kim Minjun,51662,2025-11-29T19:07:45,KR,Seoul,37.552522,126.982463,cafe-seoul-02,CAFE,mobile-primary-sim-cust-001,CARD,19,5,0,0,0,0,0,NORMAL_BASELINE
SIM-CUST-007-NORMAL-0002,SIM-CUST-007,Cho Hyunwoo,72943,2025-11-29T19:25:27,KR,Busan,35.183133,129.079181,utility-busan-02,UTILITY,mobile-primary-sim-cust-007,E-PAY,19,5,0,0,0,0,0,NORMAL_BASELINE
SIM-CUST-005-NORMAL-0002,SIM-CUST-005,Jung Doyun,91733,2025-11-29T20:19:53,KR,Daejeon,36.336776,127.362549,grocery-daejeon-02,GROCERY,mobile-primary-sim-cust-005,CARD,20,5,0,0,0,0,0,NORMAL_BASELINE
SIM-CUST-011-NORMAL-0002,SIM-CUST-011,Han Minjun,65048,2025-11-29T20:37:35,KR,Seoul,37.563386,126.976539,cafe-seoul-02,CAFE,mobile-primary-sim-cust-011,E-PAY,20,5,0,0,0,0,0,NORMAL_BASELINE
SIM-CUST-016-NORMAL-0003,SIM-CUST-016,Hwang Yuna,78013,2025-11-30T07:59:34,KR,Seoul,37.545199,127.001859,grocery-seoul-03,GROCERY,mobile-primary-sim-cust-016,CARD,7,6,0,0,0,0,0,NORMAL_BASELINE
SIM-CUST-004-NORMAL-0003,SIM-CUST-004,Choi Haein,35013,2025-11-30T08:23:10,KR,Daegu,35.881042,128.617348,grocery-daegu-03,GROCERY,mobile-primary-sim-cust-004,CARD,8,6,0,0,0,0,0,NORMAL_BASELINE
SIM-CUST-018-NORMAL-0003,SIM-CUST-018,Song Sumin,58022,2025-11-30T09:05:08,KR,Incheon,37.467872,126.687865,dining-incheon-03,DINING,mobile-primary-sim-cust-018,ACCOUNT,9,6,0,0,0,0,0,NORMAL_BASELINE
SIM-CUST-006-NORMAL-0003,SIM-CUST-006,Kang Yuna,122370,2025-11-30T09:29:44,KR,Seoul,37.564032,126.983817,utility-seoul-03,UTILITY,mobile-primary-sim-cust-006,ACCOUNT,9,6,0,0,0,0,0,NORMAL_BASELINE
SIM-CUST-007-NORMAL-0003,SIM-CUST-007,Cho Hyunwoo,73118,2025-11-30T10:32:01,KR,Busan,35.16152,129.068954,shopping-busan-03,SHOPPING,mobile-primary-sim-cust-007,E-PAY,10,6,0,0,0,0,0,NORMAL_BASELINE
SIM-CUST-017-NORMAL-0003,SIM-CUST-017,Ahn Hyunwoo,65510,2025-11-30T12:02:51,KR,Busan,35.158248,129.06078,utility-busan-03,UTILITY,mobile-primary-sim-cust-017,E-PAY,12,6,0,0,0,0,0,NORMAL_BASELINE
SIM-CUST-019-NORMAL-0003,SIM-CUST-019,Hong Jiwon,142695,2025-11-30T12:08:25,KR,Daegu,35.857101,128.597905,utility-daegu-03,UTILITY,mobile-primary-sim-cust-019,CARD,12,6,0,0,0,0,0,NORMAL_BASELINE
SIM-CUST-002-NORMAL-0003,SIM-CUST-002,Lee Seoyeon,46033,2025-11-30T12:17:36,KR,Busan,35.160671,129.099257,grocery-busan-03,GROCERY,mobile-primary-sim-cust-002,CARD,12,6,0,0,0,0,0,NORMAL_BASELINE
SIM-CUST-009-NORMAL-0003,SIM-CUST-009,Jang Jiwon,163325,2025-11-30T13:38:35,KR,Daegu,35.85313,128.58138,grocery-daegu-03,GROCERY,mobile-primary-sim-cust-009,ACCOUNT,13,6,0,0,0,0,0,NORMAL_BASELINE
SIM-CUST-010-NORMAL-0003,SIM-CUST-010,Lim Nari,47464,2025-11-30T13:41:52,KR,Daejeon,36.335657,127.386721,dining-daejeon-03,DINING,mobile-primary-sim-cust-010,CARD,13,6,0,0,0,0,0,NORMAL_BASELINE
SIM-CUST-011-NORMAL-0003,SIM-CUST-011,Han Minjun,59443,2025-11-30T13:44:09,KR,Seoul,37.542403,126.958026,online-seoul-03,ONLINE,mobile-primary-sim-cust-011,E-PAY,13,6,0,0,0,0,0,NORMAL_BASELINE
SIM-CUST-008-NORMAL-0003,SIM-CUST-008,Yoon Sumin,54370,2025-11-30T15:35:18,KR,Incheon,37.474814,126.680793,grocery-incheon-03,GROCERY,mobile-primary-sim-cust-008,CARD,15,6,0,0,0,0,0,NORMAL_BASELINE
SIM-CUST-012-NORMAL-0003,SIM-CUST-012,Oh Seoyeon,45373,2025-11-30T15:47:26,KR,Busan,35.157475,129.050895,utility-busan-03,UTILITY,mobile-primary-sim-cust-012,ACCOUNT,15,6,0,0,0,0,0,NORMAL_BASELINE
SIM-CUST-020-NORMAL-0003,SIM-CUST-020,Moon Nari,39078,2025-11-30T18:11:42,KR,Daejeon,36.355361,127.35964,grocery-daejeon-03,GROCERY,mobile-primary-sim-cust-020,E-PAY,18,6,0,0,0,0,0,NORMAL_BASELINE
SIM-CUST-013-NORMAL-0003,SIM-CUST-013,Seo Jiho,109340,2025-11-30T18:50:43,KR,Incheon,37.450901,126.718309,online-incheon-03,ONLINE,mobile-primary-sim-cust-013,CARD,18,6,0,0,0,0,0,NORMAL_BASELINE
SIM-CUST-014-NORMAL-0003,SIM-CUST-014,Shin Haein,96397,2025-11-30T18:53:00,KR,Daegu,35.88058,128.577305,cafe-daegu-03,CAFE,mobile-primary-sim-cust-014,E-PAY,18,6,0,0,0,0,0,NORMAL_BASELINE
SIM-CUST-005-NORMAL-0003,SIM-CUST-005,Jung Doyun,88284,2025-11-30T19:26:27,KR,Daejeon,36.352176,127.402845,online-daejeon-03,ONLINE,mobile-primary-sim-cust-005,CARD,19,6,0,0,0,0,0,NORMAL_BASELINE
SIM-CUST-001-NORMAL-0003,SIM-CUST-001,Kim Minjun,56425,2025-11-30T20:14:19,KR,Seoul,37.549483,126.974131,online-seoul-03,ONLINE,mobile-primary-sim-cust-001,CARD,20,6,0,0,0,0,0,NORMAL_BASELINE
SIM-CUST-015-NORMAL-0003,SIM-CUST-015,Kwon Doyun,97027,2025-11-30T20:56:17,KR,Daejeon,36.349915,127.383172,transport-daejeon-03,TRANSPORT,mobile-primary-sim-cust-015,ACCOUNT,20,6,0,0,0,0,0,NORMAL_BASELINE
SIM-CUST-003-NORMAL-0003,SIM-CUST-003,Park Jiho,74051,2025-11-30T21:20:53,KR,Incheon,37.466502,126.690929,online-incheon-03,ONLINE,mobile-primary-sim-cust-003,E-PAY,21,6,0,0,0,0,0,NORMAL_BASELINE
SIM-CUST-009-NORMAL-0004,SIM-CUST-009,Jang Jiwon,164533,2025-12-01T08:45:09,KR,Daegu,35.847737,128.585355,online-daegu-04,ONLINE,mobile-primary-sim-cust-009,ACCOUNT,8,0,0,0,0,0,0,NORMAL_BASELINE
SIM-CUST-018-NORMAL-0004,SIM-CUST-018,Song Sumin,58786,2025-12-01T09:12:42,KR,Incheon,37.433158,126.701824,grocery-incheon-04,GROCERY,mobile-primary-sim-cust-018,ACCOUNT,9,0,0,0,0,0,0,NORMAL_BASELINE
SIM-CUST-019-NORMAL-0004,SIM-CUST-019,Hong Jiwon,155812,2025-12-01T10:15:59,KR,Daegu,35.854645,128.58436,grocery-daegu-04,GROCERY,mobile-primary-sim-cust-019,CARD,10,0,0,0,0,0,0,NORMAL_BASELINE
SIM-CUST-001-NORMAL-0004,SIM-CUST-001,Kim Minjun,61163,2025-12-01T11:21:53,KR,Seoul,37.55833,126.957637,grocery-seoul-04,GROCERY,mobile-primary-sim-cust-001,CARD,11,0,0,0,0,0,0,NORMAL_BASELINE
SIM-CUST-013-NORMAL-0004,SIM-CUST-013,Seo Jiho,102561,2025-12-01T11:57:17,KR,Incheon,37.44742,126.684863,online-incheon-04,ONLINE,mobile-primary-sim-cust-013,CARD,11,0,0,0,0,0,0,NORMAL_BASELINE
SIM-CUST-017-NORMAL-0004,SIM-CUST-017,Ahn Hyunwoo,66503,2025-12-01T12:09:25,KR,Busan,35.156862,129.069674,cafe-busan-04,CAFE,mobile-primary-sim-cust-017,E-PAY,12,0,0,0,0,0,0,NORMAL_BASELINE
SIM-CUST-020-NORMAL-0004,SIM-CUST-020,Moon Nari,44353,2025-12-01T12:18:16,KR,Daejeon,36.357233,127.363934,online-daejeon-04,ONLINE,mobile-primary-sim-cust-020,E-PAY,12,0,0,0,0,0,0,NORMAL_BASELINE
SIM-CUST-014-NORMAL-0004,SIM-CUST-014,Shin Haein,109450,2025-12-01T13:00:34,KR,Daegu,35.881172,128.597886,utility-daegu-04,UTILITY,mobile-primary-sim-cust-014,E-PAY,13,0,0,0,0,0,0,NORMAL_BASELINE
SIM-CUST-011-NORMAL-0004,SIM-CUST-011,Han Minjun,70705,2025-12-01T13:51:43,KR,Seoul,37.549923,126.98657,cafe-seoul-04,CAFE,mobile-primary-sim-cust-011,E-PAY,13,0,0,0,0,0,0,NORMAL_BASELINE
SIM-CUST-006-NORMAL-0004,SIM-CUST-006,Kang Yuna,121889,2025-12-01T14:36:18,KR,Seoul,37.569843,126.993385,dining-seoul-04,DINING,mobile-primary-sim-cust-006,ACCOUNT,14,0,0,0,0,0,0,NORMAL_BASELINE
SIM-CUST-008-NORMAL-0004,SIM-CUST-008,Yoon Sumin,58923,2025-12-01T15:42:52,KR,Incheon,37.457813,126.727994,grocery-incheon-04,GROCERY,mobile-primary-sim-cust-008,CARD,15,0,0,0,0,0,0,NORMAL_BASELINE
SIM-CUST-012-NORMAL-0004,SIM-CUST-012,Oh Seoyeon,42044,2025-12-01T15:54:00,KR,Busan,35.154858,129.09511,dining-busan-04,DINING,mobile-primary-sim-cust-012,ACCOUNT,15,0,0,0,0,0,0,NORMAL_BASELINE
SIM-CUST-016-NORMAL-0004,SIM-CUST-016,Hwang Yuna,80879,2025-12-01T18:06:08,KR,Seoul,37.57099,126.981704,online-seoul-04,ONLINE,mobile-primary-sim-cust-016,CARD,18,0,0,0,0,0,0,NORMAL_BASELINE
SIM-CUST-002-NORMAL-0004,SIM-CUST-002,Lee Seoyeon,47919,2025-12-01T18:24:10,KR,Busan,35.170138,129.051284,online-busan-04,ONLINE,mobile-primary-sim-cust-002,CARD,18,0,0,0,0,0,0,NORMAL_BASELINE
SIM-CUST-004-NORMAL-0004,SIM-CUST-004,Choi Haein,34985,2025-12-01T18:30:44,KR,Daegu,35.861542,128.589034,dining-daegu-04,DINING,mobile-primary-sim-cust-004,CARD,18,0,0,0,0,0,0,NORMAL_BASELINE
SIM-CUST-005-NORMAL-0004,SIM-CUST-005,Jung Doyun,87640,2025-12-01T19:33:01,KR,Daejeon,36.340343,127.37924,cafe-daejeon-04,CAFE,mobile-primary-sim-cust-005,CARD,19,0,0,0,0,0,0,NORMAL_BASELINE
SIM-CUST-010-NORMAL-0004,SIM-CUST-010,Lim Nari,52232,2025-12-01T20:48:26,KR,Daejeon,36.369784,127.398578,cafe-daejeon-04,CAFE,mobile-primary-sim-cust-010,CARD,20,0,0,0,0,0,0,NORMAL_BASELINE
SIM-CUST-003-NORMAL-0004,SIM-CUST-003,Park Jiho,79290,2025-12-01T21:27:27,KR,Incheon,37.45586,126.686332,online-incheon-04,ONLINE,mobile-primary-sim-cust-003,E-PAY,21,0,0,0,0,0,0,NORMAL_BASELINE
SIM-CUST-007-NORMAL-0004,SIM-CUST-007,Cho Hyunwoo,74078,2025-12-01T21:39:35,KR,Busan,35.169615,129.079124,shopping-busan-04,SHOPPING,mobile-primary-sim-cust-007,E-PAY,21,0,0,0,0,0,0,NORMAL_BASELINE
SIM-CUST-015-NORMAL-0004,SIM-CUST-015,Kwon Doyun,104768,2025-12-01T22:03:51,KR,Daejeon,36.32731,127.360942,dining-daejeon-04,DINING,mobile-primary-sim-cust-015,ACCOUNT,22,0,0,0,0,0,0,NORMAL_BASELINE
SIM-CUST-004-NORMAL-0005,SIM-CUST-004,Choi Haein,42289,2025-12-02T08:37:18,KR,Daegu,35.850098,128.625935,dining-daegu-05,DINING,mobile-primary-sim-cust-004,CARD,8,1,0,0,0,0,0,NORMAL_BASELINE
SIM-CUST-013-NORMAL-0005,SIM-CUST-013,Seo Jiho,118991,2025-12-02T09:04:51,KR,Incheon,37.460964,126.681591,grocery-incheon-05,GROCERY,mobile-primary-sim-cust-013,CARD,9,1,0,0,0,0,0,NORMAL_BASELINE
SIM-CUST-001-NORMAL-0005,SIM-CUST-001,Kim Minjun,55094,2025-12-02T09:28:27,KR,Seoul,37.554726,126.955173,grocery-seoul-05,GROCERY,mobile-primary-sim-cust-001,CARD,9,1,0,0,0,0,0,NORMAL_BASELINE
SIM-CUST-008-NORMAL-0005,SIM-CUST-008,Yoon Sumin,65856,2025-12-02T09:49:26,KR,Incheon,37.479109,126.701789,utility-incheon-05,UTILITY,mobile-primary-sim-cust-008,CARD,9,1,0,0,0,0,0,NORMAL_BASELINE
SIM-CUST-012-NORMAL-0005,SIM-CUST-012,Oh Seoyeon,39884,2025-12-02T10:01:34,KR,Busan,35.17614,129.060477,grocery-busan-05,GROCERY,mobile-primary-sim-cust-012,ACCOUNT,10,1,0,0,0,0,0,NORMAL_BASELINE
SIM-CUST-003-NORMAL-0005,SIM-CUST-003,Park Jiho,81808,2025-12-02T10:34:01,KR,Incheon,37.453556,126.68459,grocery-incheon-05,GROCERY,mobile-primary-sim-cust-003,E-PAY,10,1,0,0,0,0,0,NORMAL_BASELINE
SIM-CUST-019-NORMAL-0005,SIM-CUST-019,Hong Jiwon,170355,2025-12-02T11:22:33,KR,Daegu,35.851433,128.580516,cafe-daegu-05,CAFE,mobile-primary-sim-cust-019,CARD,11,1,0,0,0,0,0,NORMAL_BASELINE
SIM-CUST-011-NORMAL-0005,SIM-CUST-011,Han Minjun,63643,2025-12-02T11:58:17,KR,Seoul,37.559404,126.963834,dining-seoul-05,DINING,mobile-primary-sim-cust-011,E-PAY,11,1,0,0,0,0,0,NORMAL_BASELINE
SIM-CUST-014-NORMAL-0005,SIM-CUST-014,Shin Haein,97039,2025-12-02T13:07:08,KR,Daegu,35.8523,128.607183,cafe-daegu-05,CAFE,mobile-primary-sim-cust-014,E-PAY,13,1,0,0,0,0,0,NORMAL_BASELINE
SIM-CUST-002-NORMAL-0005,SIM-CUST-002,Lee Seoyeon,52773,2025-12-02T13:31:44,KR,Busan,35.200246,129.073672,cafe-busan-05,CAFE,mobile-primary-sim-cust-002,CARD,13,1,0,0,0,0,0,NORMAL_BASELINE
SIM-CUST-009-NORMAL-0005,SIM-CUST-009,Jang Jiwon,156553,2025-12-02T14:52:43,KR,Daegu,35.877498,128.581217,dining-daegu-05,DINING,mobile-primary-sim-cust-009,ACCOUNT,14,1,0,0,0,0,0,NORMAL_BASELINE
SIM-CUST-018-NORMAL-0005,SIM-CUST-018,Song Sumin,69670,2025-12-02T15:19:16,KR,Incheon,37.460138,126.682402,grocery-incheon-05,GROCERY,mobile-primary-sim-cust-018,ACCOUNT,15,1,0,0,0,0,0,NORMAL_BASELINE
SIM-CUST-006-NORMAL-0005,SIM-CUST-006,Kang Yuna,131443,2025-12-02T15:43:52,KR,Seoul,37.580783,126.98861,transfer-seoul-05,TRANSFER,mobile-primary-sim-cust-006,ACCOUNT,15,1,0,0,0,0,0,NORMAL_BASELINE
SIM-CUST-016-NORMAL-0005,SIM-CUST-016,Hwang Yuna,72377,2025-12-02T19:13:42,KR,Seoul,37.570137,126.991139,shopping-seoul-05,SHOPPING,mobile-primary-sim-cust-016,CARD,19,1,0,0,0,0,0,NORMAL_BASELINE
SIM-CUST-020-NORMAL-0005,SIM-CUST-020,Moon Nari,47629,2025-12-02T19:25:50,KR,Daejeon,36.345659,127.38765,grocery-daejeon-05,GROCERY,mobile-primary-sim-cust-020,E-PAY,19,1,0,0,0,0,0,NORMAL_BASELINE
SIM-CUST-010-NORMAL-0005,SIM-CUST-010,Lim Nari,56329,2025-12-02T19:55:00,KR,Daejeon,36.329614,127.386372,dining-daejeon-05,DINING,mobile-primary-sim-cust-010,CARD,19,1,0,0,0,0,0,NORMAL_BASELINE
SIM-CUST-017-NORMAL-0005,SIM-CUST-017,Ahn Hyunwoo,63785,2025-12-02T21:16:59,KR,Busan,35.19982,129.08358,medical-busan-05,MEDICAL,mobile-primary-sim-cust-017,E-PAY,21,1,0,0,0,0,0,NORMAL_BASELINE
SIM-CUST-005-NORMAL-0005,SIM-CUST-005,Jung Doyun,98412,2025-12-02T21:40:35,KR,Daejeon,36.351241,127.388074,dining-daejeon-05,DINING,mobile-primary-sim-cust-005,CARD,21,1,0,0,0,0,0,NORMAL_BASELINE
SIM-CUST-007-NORMAL-0005,SIM-CUST-007,Cho Hyunwoo,85878,2025-12-02T21:46:09,KR,Busan,35.190779,129.090245,utility-busan-05,UTILITY,mobile-primary-sim-cust-007,E-PAY,21,1,0,0,0,0,0,NORMAL_BASELINE
SIM-CUST-015-NORMAL-0005,SIM-CUST-015,Kwon Doyun,106813,2025-12-02T22:10:25,KR,Daejeon,36.368946,127.366082,transport-daejeon-05,TRANSPORT,mobile-primary-sim-cust-015,ACCOUNT,22,1,0,0,0,0,0,NORMAL_BASELINE
SIM-CUST-002-NORMAL-0006,SIM-CUST-002,Lee Seoyeon,44868,2025-12-03T08:38:18,KR,Busan,35.201233,129.065193,cafe-busan-06,CAFE,mobile-primary-sim-cust-002,CARD,8,2,0,0,0,0,0,NORMAL_BASELINE
SIM-CUST-009-NORMAL-0006,SIM-CUST-009,Jang Jiwon,176895,2025-12-03T08:59:17,KR,Daegu,35.871009,128.599701,cafe-daegu-06,CAFE,mobile-primary-sim-cust-009,ACCOUNT,8,2,0,0,0,0,0,NORMAL_BASELINE
SIM-CUST-016-NORMAL-0006,SIM-CUST-016,Hwang Yuna,85451,2025-12-03T09:20:16,KR,Seoul,37.575979,126.960023,cafe-seoul-06,CAFE,mobile-primary-sim-cust-016,CARD,9,2,0,0,0,0,0,NORMAL_BASELINE
SIM-CUST-018-NORMAL-0006,SIM-CUST-018,Song Sumin,70482,2025-12-03T09:26:50,KR,Incheon,37.466795,126.716144,utility-incheon-06,UTILITY,mobile-primary-sim-cust-018,ACCOUNT,9,2,0,0,0,0,0,NORMAL_BASELINE
SIM-CUST-020-NORMAL-0006,SIM-CUST-020,Moon Nari,52266,2025-12-03T09:32:24,KR,Daejeon,36.350984,127.409033,grocery-daejeon-06,GROCERY,mobile-primary-sim-cust-020,E-PAY,9,2,0,0,0,0,0,NORMAL_BASELINE
SIM-CUST-011-NORMAL-0006,SIM-CUST-011,Han Minjun,72107,2025-12-03T11:05:51,KR,Seoul,37.563603,126.955388,utility-seoul-06,UTILITY,mobile-primary-sim-cust-011,E-PAY,11,2,0,0,0,0,0,NORMAL_BASELINE
SIM-CUST-007-NORMAL-0006,SIM-CUST-007,Cho Hyunwoo,91951,2025-12-03T11:53:43,KR,Busan,35.189742,129.091576,grocery-busan-06,GROCERY,mobile-primary-sim-cust-007,E-PAY,11,2,0,0,0,0,0,NORMAL_BASELINE
SIM-CUST-008-NORMAL-0006,SIM-CUST-008,Yoon Sumin,62273,2025-12-03T11:56:00,KR,Incheon,37.436214,126.712917,medical-incheon-06,MEDICAL,mobile-primary-sim-cust-008,CARD,11,2,0,0,0,0,0,NORMAL_BASELINE
SIM-CUST-014-NORMAL-0006,SIM-CUST-014,Shin Haein,106118,2025-12-03T12:14:42,KR,Daegu,35.892303,128.588309,grocery-daegu-06,GROCERY,mobile-primary-sim-cust-014,E-PAY,12,2,0,0,0,0,0,NORMAL_BASELINE
SIM-CUST-001-NORMAL-0006,SIM-CUST-001,Kim Minjun,65644,2025-12-03T12:35:01,KR,Seoul,37.560427,126.980602,cafe-seoul-06,CAFE,mobile-primary-sim-cust-001,CARD,12,2,0,0,0,0,0,NORMAL_BASELINE
SIM-CUST-017-NORMAL-0006,SIM-CUST-017,Ahn Hyunwoo,77233,2025-12-03T13:23:33,KR,Busan,35.195929,129.069189,transport-busan-06,TRANSPORT,mobile-primary-sim-cust-017,E-PAY,13,2,0,0,0,0,0,NORMAL_BASELINE
SIM-CUST-006-NORMAL-0006,SIM-CUST-006,Kang Yuna,137296,2025-12-03T15:50:26,KR,Seoul,37.575479,126.969578,transfer-seoul-06,TRANSFER,mobile-primary-sim-cust-006,ACCOUNT,15,2,0,0,0,0,0,NORMAL_BASELINE
SIM-CUST-012-NORMAL-0006,SIM-CUST-012,Oh Seoyeon,42778,2025-12-03T16:08:08,KR,Busan,35.160792,129.074971,grocery-busan-06,GROCERY,mobile-primary-sim-cust-012,ACCOUNT,16,2,0,0,0,0,0,NORMAL_BASELINE
SIM-CUST-004-NORMAL-0006,SIM-CUST-004,Choi Haein,41224,2025-12-03T18:44:52,KR,Daegu,35.892575,128.619882,cafe-daegu-06,CAFE,mobile-primary-sim-cust-004,CARD,18,2,0,0,0,0,0,NORMAL_BASELINE
SIM-CUST-010-NORMAL-0006,SIM-CUST-010,Lim Nari,56404,2025-12-03T19:02:34,KR,Daejeon,36.3317,127.409096,dining-daejeon-06,DINING,mobile-primary-sim-cust-010,CARD,19,2,0,0,0,0,0,NORMAL_BASELINE
SIM-CUST-013-NORMAL-0006,SIM-CUST-013,Seo Jiho,132530,2025-12-03T19:11:25,KR,Incheon,37.45989,126.681464,cafe-incheon-06,CAFE,mobile-primary-sim-cust-013,CARD,19,2,0,0,0,0,0,NORMAL_BASELINE
SIM-CUST-019-NORMAL-0006,SIM-CUST-019,Hong Jiwon,163980,2025-12-03T19:29:07,KR,Daegu,35.871032,128.581016,grocery-daegu-06,GROCERY,mobile-primary-sim-cust-019,CARD,19,2,0,0,0,0,0,NORMAL_BASELINE
SIM-CUST-015-NORMAL-0006,SIM-CUST-015,Kwon Doyun,95147,2025-12-03T20:17:59,KR,Daejeon,36.347569,127.39503,online-daejeon-06,ONLINE,mobile-primary-sim-cust-015,ACCOUNT,20,2,0,0,0,0,0,NORMAL_BASELINE
SIM-CUST-005-NORMAL-0006,SIM-CUST-005,Jung Doyun,110528,2025-12-03T20:47:09,KR,Daejeon,36.347852,127.406953,dining-daejeon-06,DINING,mobile-primary-sim-cust-005,CARD,20,2,0,0,0,0,0,NORMAL_BASELINE
SIM-CUST-003-NORMAL-0006,SIM-CUST-003,Park Jiho,86086,2025-12-03T22:41:35,KR,Incheon,37.464692,126.715677,transport-incheon-06,TRANSPORT,mobile-primary-sim-cust-003,E-PAY,22,2,0,0,0,0,0,NORMAL_BASELINE
SIM-CUST-016-NORMAL-0007,SIM-CUST-016,Hwang Yuna,85703,2025-12-04T07:27:50,KR,Seoul,37.578453,127.00086,online-seoul-07,ONLINE,mobile-primary-sim-cust-016,CARD,7,3,0,0,0,0,0,NORMAL_BASELINE
SIM-CUST-014-NORMAL-0007,SIM-CUST-014,Shin Haein,106158,2025-12-04T08:21:16,KR,Daegu,35.883774,128.620817,cafe-daegu-07,CAFE,mobile-primary-sim-cust-014,E-PAY,8,3,0,0,0,0,0,NORMAL_BASELINE
SIM-CUST-007-NORMAL-0007,SIM-CUST-007,Cho Hyunwoo,82478,2025-12-04T10:00:17,KR,Busan,35.191139,129.079414,cafe-busan-07,CAFE,mobile-primary-sim-cust-007,E-PAY,10,3,0,0,0,0,0,NORMAL_BASELINE
SIM-CUST-009-NORMAL-0007,SIM-CUST-009,Jang Jiwon,180856,2025-12-04T10:06:51,KR,Daegu,35.859483,128.593581,cafe-daegu-07,CAFE,mobile-primary-sim-cust-009,ACCOUNT,10,3,0,0,0,0,0,NORMAL_BASELINE
SIM-CUST-012-NORMAL-0007,SIM-CUST-012,Oh Seoyeon,45130,2025-12-04T10:15:42,KR,Busan,35.178135,129.069315,dining-busan-07,DINING,mobile-primary-sim-cust-012,ACCOUNT,10,3,0,0,0,0,0,NORMAL_BASELINE
SIM-CUST-018-NORMAL-0007,SIM-CUST-018,Song Sumin,59202,2025-12-04T10:33:24,KR,Incheon,37.444898,126.7238,online-incheon-07,ONLINE,mobile-primary-sim-cust-018,ACCOUNT,10,3,0,0,0,0,0,NORMAL_BASELINE
SIM-CUST-015-NORMAL-0007,SIM-CUST-015,Kwon Doyun,108710,2025-12-04T12:24:33,KR,Daejeon,36.37457,127.369209,transport-daejeon-07,TRANSPORT,mobile-primary-sim-cust-015,ACCOUNT,12,3,0,0,0,0,0,NORMAL_BASELINE
SIM-CUST-020-NORMAL-0007,SIM-CUST-020,Moon Nari,48705,2025-12-04T12:39:58,KR,Daejeon,36.366479,127.398757,cafe-daejeon-07,CAFE,mobile-primary-sim-cust-020,E-PAY,12,3,0,0,0,0,0,NORMAL_BASELINE
SIM-CUST-005-NORMAL-0007,SIM-CUST-005,Jung Doyun,110385,2025-12-04T12:54:43,KR,Daejeon,36.331709,127.380669,transport-daejeon-07,TRANSPORT,mobile-primary-sim-cust-005,CARD,12,3,0,0,0,0,0,NORMAL_BASELINE
SIM-CUST-008-NORMAL-0007,SIM-CUST-008,Yoon Sumin,70629,2025-12-04T15:03:34,KR,Incheon,37.44339,126.713794,grocery-incheon-07,GROCERY,mobile-primary-sim-cust-008,CARD,15,3,0,0,0,0,0,NORMAL_BASELINE
SIM-CUST-006-NORMAL-0007,SIM-CUST-006,Kang Yuna,141328,2025-12-04T15:57:00,KR,Seoul,37.556774,126.980584,grocery-seoul-07,GROCERY,mobile-primary-sim-cust-006,ACCOUNT,15,3,0,0,0,0,0,NORMAL_BASELINE
SIM-CUST-010-NORMAL-0007,SIM-CUST-010,Lim Nari,55117,2025-12-04T18:09:08,KR,Daejeon,36.341013,127.376535,utility-daejeon-07,UTILITY,mobile-primary-sim-cust-010,CARD,18,3,0,0,0,0,0,NORMAL_BASELINE
SIM-CUST-004-NORMAL-0007,SIM-CUST-004,Choi Haein,44982,2025-12-04T18:51:26,KR,Daegu,35.864376,128.621175,cafe-daegu-07,CAFE,mobile-primary-sim-cust-004,CARD,18,3,0,0,0,0,0,NORMAL_BASELINE
SIM-CUST-013-NORMAL-0007,SIM-CUST-013,Seo Jiho,121460,2025-12-04T19:18:59,KR,Incheon,37.462875,126.698106,online-incheon-07,ONLINE,mobile-primary-sim-cust-013,CARD,19,3,0,0,0,0,0,NORMAL_BASELINE
SIM-CUST-017-NORMAL-0007,SIM-CUST-017,Ahn Hyunwoo,65325,2025-12-04T19:30:07,KR,Busan,35.166909,129.084027,medical-busan-07,MEDICAL,mobile-primary-sim-cust-017,E-PAY,19,3,0,0,0,0,0,NORMAL_BASELINE
SIM-CUST-002-NORMAL-0007,SIM-CUST-002,Lee Seoyeon,54249,2025-12-04T19:45:52,KR,Busan,35.203612,129.062787,cafe-busan-07,CAFE,mobile-primary-sim-cust-002,CARD,19,3,0,0,0,0,0,NORMAL_BASELINE
SIM-CUST-019-NORMAL-0007,SIM-CUST-019,Hong Jiwon,173061,2025-12-04T20:36:41,KR,Daegu,35.895992,128.576504,online-daegu-07,ONLINE,mobile-primary-sim-cust-019,CARD,20,3,0,0,0,0,0,NORMAL_BASELINE
SIM-CUST-001-NORMAL-0007,SIM-CUST-001,Kim Minjun,66329,2025-12-04T20:42:35,KR,Seoul,37.559582,126.962614,cafe-seoul-07,CAFE,mobile-primary-sim-cust-001,CARD,20,3,0,0,0,0,0,NORMAL_BASELINE
SIM-CUST-011-NORMAL-0007,SIM-CUST-011,Han Minjun,76123,2025-12-04T21:12:25,KR,Seoul,37.577321,126.99785,online-seoul-07,ONLINE,mobile-primary-sim-cust-011,E-PAY,21,3,0,0,0,0,0,NORMAL_BASELINE
SIM-CUST-003-NORMAL-0007,SIM-CUST-003,Park Jiho,86848,2025-12-04T21:48:09,KR,Incheon,37.473868,126.71579,cafe-incheon-07,CAFE,mobile-primary-sim-cust-003,E-PAY,21,3,0,0,0,0,0,NORMAL_BASELINE
SIM-CUST-016-NORMAL-0008,SIM-CUST-016,Hwang Yuna,69743,2025-12-05T09:34:24,KR,Seoul,37.585729,126.962207,utility-seoul-08,UTILITY,mobile-primary-sim-cust-016,CARD,9,4,0,0,0,0,0,NORMAL_BASELINE
SIM-CUST-001-NORMAL-0008,SIM-CUST-001,Kim Minjun,49118,2025-12-05T09:49:09,KR,Seoul,37.555969,126.95699,grocery-seoul-08,GROCERY,mobile-primary-sim-cust-001,CARD,9,4,0,0,0,0,0,NORMAL_BASELINE
SIM-CUST-006-NORMAL-0008,SIM-CUST-006,Kang Yuna,113740,2025-12-05T10:04:34,KR,Seoul,37.555531,126.994322,cafe-seoul-08,CAFE,mobile-primary-sim-cust-006,ACCOUNT,10,4,0,0,0,0,0,NORMAL_BASELINE
SIM-CUST-007-NORMAL-0008,SIM-CUST-007,Cho Hyunwoo,82093,2025-12-05T10:07:51,KR,Busan,35.171319,129.09459,dining-busan-08,DINING,mobile-primary-sim-cust-007,E-PAY,10,4,0,0,0,0,0,NORMAL_BASELINE
SIM-CUST-008-NORMAL-0008,SIM-CUST-008,Yoon Sumin,60980,2025-12-05T10:10:08,KR,Incheon,37.480961,126.695863,grocery-incheon-08,GROCERY,mobile-primary-sim-cust-008,CARD,10,4,0,0,0,0,0,NORMAL_BASELINE
SIM-CUST-013-NORMAL-0008,SIM-CUST-013,Seo Jiho,99027,2025-12-05T10:25:33,KR,Incheon,37.440991,126.722223,cafe-incheon-08,CAFE,mobile-primary-sim-cust-013,CARD,10,4,0,0,0,0,0,NORMAL_BASELINE
SIM-CUST-018-NORMAL-0008,SIM-CUST-018,Song Sumin,61724,2025-12-05T10:40:58,KR,Incheon,37.481092,126.682406,dining-incheon-08,DINING,mobile-primary-sim-cust-018,ACCOUNT,10,4,0,0,0,0,0,NORMAL_BASELINE
SIM-CUST-019-NORMAL-0008,SIM-CUST-019,Hong Jiwon,137231,2025-12-05T10:43:15,KR,Daegu,35.888579,128.610337,grocery-daegu-08,GROCERY,mobile-primary-sim-cust-019,CARD,10,4,0,0,0,0,0,NORMAL_BASELINE
SIM-CUST-010-NORMAL-0008,SIM-CUST-010,Lim Nari,51788,2025-12-05T13:16:42,KR,Daejeon,36.352397,127.372435,utility-daejeon-08,UTILITY,mobile-primary-sim-cust-010,CARD,13,4,0,0,0,0,0,NORMAL_BASELINE
SIM-CUST-020-NORMAL-0008,SIM-CUST-020,Moon Nari,43931,2025-12-05T13:46:32,KR,Daejeon,36.327369,127.382988,dining-daejeon-08,DINING,mobile-primary-sim-cust-020,E-PAY,13,4,0,0,0,0,0,NORMAL_BASELINE
SIM-CUST-009-NORMAL-0008,SIM-CUST-009,Jang Jiwon,173081,2025-12-05T14:13:25,KR,Daegu,35.84798,128.59792,cafe-daegu-08,CAFE,mobile-primary-sim-cust-009,ACCOUNT,14,4,0,0,0,0,0,NORMAL_BASELINE
SIM-CUST-012-NORMAL-0008,SIM-CUST-012,Oh Seoyeon,38282,2025-12-05T14:22:16,KR,Busan,35.195177,129.056035,grocery-busan-08,GROCERY,mobile-primary-sim-cust-012,ACCOUNT,14,4,0,0,0,0,0,NORMAL_BASELINE
SIM-CUST-014-NORMAL-0008,SIM-CUST-014,Shin Haein,109199,2025-12-05T18:28:50,KR,Daegu,35.847145,128.612391,cafe-daegu-08,CAFE,mobile-primary-sim-cust-014,E-PAY,18,4,0,0,0,0,0,NORMAL_BASELINE
SIM-CUST-002-NORMAL-0008,SIM-CUST-002,Lee Seoyeon,40236,2025-12-05T18:52:26,KR,Busan,35.184569,129.087915,cafe-busan-08,CAFE,mobile-primary-sim-cust-002,CARD,18,4,0,0,0,0,0,NORMAL_BASELINE
SIM-CUST-011-NORMAL-0008,SIM-CUST-011,Han Minjun,62741,2025-12-05T19:19:59,KR,Seoul,37.57141,126.955433,dining-seoul-08,DINING,mobile-primary-sim-cust-011,E-PAY,19,4,0,0,0,0,0,NORMAL_BASELINE
SIM-CUST-017-NORMAL-0008,SIM-CUST-017,Ahn Hyunwoo,64604,2025-12-05T19:37:41,KR,Busan,35.199704,129.066087,dining-busan-08,DINING,mobile-primary-sim-cust-017,E-PAY,19,4,0,0,0,0,0,NORMAL_BASELINE
SIM-CUST-004-NORMAL-0008,SIM-CUST-004,Choi Haein,39873,2025-12-05T19:58:00,KR,Daegu,35.851868,128.588812,cafe-daegu-08,CAFE,mobile-primary-sim-cust-004,CARD,19,4,0,0,0,0,0,NORMAL_BASELINE
SIM-CUST-005-NORMAL-0008,SIM-CUST-005,Jung Doyun,99199,2025-12-05T21:01:17,KR,Daejeon,36.356761,127.401205,grocery-daejeon-08,GROCERY,mobile-primary-sim-cust-005,CARD,21,4,0,0,0,0,0,NORMAL_BASELINE
SIM-CUST-015-NORMAL-0008,SIM-CUST-015,Kwon Doyun,89189,2025-12-05T21:31:07,KR,Daejeon,36.359,127.404483,dining-daejeon-08,DINING,mobile-primary-sim-cust-015,ACCOUNT,21,4,0,0,0,0,0,NORMAL_BASELINE
SIM-CUST-003-NORMAL-0008,SIM-CUST-003,Park Jiho,73367,2025-12-05T22:55:43,KR,Incheon,37.456738,126.686268,cafe-incheon-08,CAFE,mobile-primary-sim-cust-003,E-PAY,22,4,0,0,0,0,0,NORMAL_BASELINE
SIM-CUST-009-NORMAL-0009,SIM-CUST-009,Jang Jiwon,153641,2025-12-06T08:20:59,KR,Daegu,35.865217,128.599383,grocery-daegu-09,GROCERY,mobile-primary-sim-cust-009,ACCOUNT,8,5,0,0,0,0,0,NORMAL_BASELINE
SIM-CUST-014-NORMAL-0009,SIM-CUST-014,Shin Haein,91706,2025-12-06T08:35:24,KR,Daegu,35.85543,128.578586,utility-daegu-09,UTILITY,mobile-primary-sim-cust-014,E-PAY,8,5,0,0,0,0,0,NORMAL_BASELINE
SIM-CUST-004-NORMAL-0009,SIM-CUST-004,Choi Haein,38302,2025-12-06T09:05:34,KR,Daegu,35.874561,128.608652,transport-daegu-09,TRANSPORT,mobile-primary-sim-cust-004,CARD,9,5,0,0,0,0,0,NORMAL_BASELINE
SIM-CUST-008-NORMAL-0009,SIM-CUST-008,Yoon Sumin,64806,2025-12-06T09:17:42,KR,Incheon,37.431898,126.685085,dining-incheon-09,DINING,mobile-primary-sim-cust-008,CARD,9,5,0,0,0,0,0,NORMAL_BASELINE
SIM-CUST-002-NORMAL-0009,SIM-CUST-002,Lee Seoyeon,42221,2025-12-06T09:59:00,KR,Busan,35.1941,129.071347,online-busan-09,ONLINE,mobile-primary-sim-cust-002,CARD,9,5,0,0,0,0,0,NORMAL_BASELINE
SIM-CUST-001-NORMAL-0009,SIM-CUST-001,Kim Minjun,52376,2025-12-06T10:56:43,KR,Seoul,37.564171,126.994706,online-seoul-09,ONLINE,mobile-primary-sim-cust-001,CARD,10,5,0,0,0,0,0,NORMAL_BASELINE
SIM-CUST-003-NORMAL-0009,SIM-CUST-003,Park Jiho,66113,2025-12-06T11:02:17,KR,Incheon,37.456001,126.698245,online-incheon-09,ONLINE,mobile-primary-sim-cust-003,E-PAY,11,5,0,0,0,0,0,NORMAL_BASELINE
SIM-CUST-005-NORMAL-0009,SIM-CUST-005,Jung Doyun,96082,2025-12-06T13:08:51,KR,Daejeon,36.365767,127.363851,dining-daejeon-09,DINING,mobile-primary-sim-cust-005,CARD,13,5,0,0,0,0,0,NORMAL_BASELINE
SIM-CUST-020-NORMAL-0009,SIM-CUST-020,Moon Nari,43626,2025-12-06T13:53:06,KR,Daejeon,36.368201,127.387413,cafe-daejeon-09,CAFE,mobile-primary-sim-cust-020,E-PAY,13,5,0,0,0,0,0,NORMAL_BASELINE
SIM-CUST-012-NORMAL-0009,SIM-CUST-012,Oh Seoyeon,41888,2025-12-06T15:29:50,KR,Busan,35.161594,129.087955,cafe-busan-09,CAFE,mobile-primary-sim-cust-012,ACCOUNT,15,5,0,0,0,0,0,NORMAL_BASELINE
SIM-CUST-006-NORMAL-0009,SIM-CUST-006,Kang Yuna,136677,2025-12-06T16:11:08,KR,Seoul,37.572831,126.989371,transfer-seoul-09,TRANSFER,mobile-primary-sim-cust-006,ACCOUNT,16,5,0,0,0,0,0,NORMAL_BASELINE
SIM-CUST-018-NORMAL-0009,SIM-CUST-018,Song Sumin,58179,2025-12-06T16:47:32,KR,Incheon,37.478907,126.704626,online-incheon-09,ONLINE,mobile-primary-sim-cust-018,ACCOUNT,16,5,0,0,0,0,0,NORMAL_BASELINE
SIM-CUST-010-NORMAL-0009,SIM-CUST-010,Lim Nari,54295,2025-12-06T18:23:16,KR,Daejeon,36.330922,127.362497,dining-daejeon-09,DINING,mobile-primary-sim-cust-010,CARD,18,5,0,0,0,0,0,NORMAL_BASELINE
SIM-CUST-016-NORMAL-0009,SIM-CUST-016,Hwang Yuna,70200,2025-12-06T18:41:58,KR,Seoul,37.551449,127.001572,shopping-seoul-09,SHOPPING,mobile-primary-sim-cust-016,CARD,18,5,0,0,0,0,0,NORMAL_BASELINE
SIM-CUST-011-NORMAL-0009,SIM-CUST-011,Han Minjun,71885,2025-12-06T19:26:33,KR,Seoul,37.560232,126.964927,dining-seoul-09,DINING,mobile-primary-sim-cust-011,E-PAY,19,5,0,0,0,0,0,NORMAL_BASELINE
SIM-CUST-013-NORMAL-0009,SIM-CUST-013,Seo Jiho,116153,2025-12-06T19:32:07,KR,Incheon,37.46982,126.713163,dining-incheon-09,DINING,mobile-primary-sim-cust-013,CARD,19,5,0,0,0,0,0,NORMAL_BASELINE
SIM-CUST-007-NORMAL-0009,SIM-CUST-007,Cho Hyunwoo,83336,2025-12-06T20:14:25,KR,Busan,35.198089,129.061936,grocery-busan-09,GROCERY,mobile-primary-sim-cust-007,E-PAY,20,5,0,0,0,0,0,NORMAL_BASELINE
SIM-CUST-019-NORMAL-0009,SIM-CUST-019,Hong Jiwon,154005,2025-12-06T20:50:49,KR,Daegu,35.850776,128.584661,dining-daegu-09,DINING,mobile-primary-sim-cust-019,CARD,20,5,0,0,0,0,0,NORMAL_BASELINE
SIM-CUST-017-NORMAL-0009,SIM-CUST-017,Ahn Hyunwoo,59841,2025-12-06T21:44:15,KR,Busan,35.189114,129.071394,dining-busan-09,DINING,mobile-primary-sim-cust-017,E-PAY,21,5,0,0,0,0,0,NORMAL_BASELINE
SIM-CUST-015-NORMAL-0009,SIM-CUST-015,Kwon Doyun,106264,2025-12-06T22:38:41,KR,Daejeon,36.361507,127.377813,transport-daejeon-09,TRANSPORT,mobile-primary-sim-cust-015,ACCOUNT,22,5,0,0,0,0,0,NORMAL_BASELINE
SIM-CUST-009-NORMAL-0010,SIM-CUST-009,Jang Jiwon,170576,2025-12-07T08:27:33,KR,Daegu,35.885369,128.620635,transfer-daegu-10,TRANSFER,mobile-primary-sim-cust-009,ACCOUNT,8,6,0,0,0,0,0,NORMAL_BASELINE
SIM-CUST-006-NORMAL-0010,SIM-CUST-006,Kang Yuna,136695,2025-12-07T09:18:42,KR,Seoul,37.582132,126.981945,online-seoul-10,ONLINE,mobile-primary-sim-cust-006,ACCOUNT,9,6,0,0,0,0,0,NORMAL_BASELINE
SIM-CUST-008-NORMAL-0010,SIM-CUST-008,Yoon Sumin,59372,2025-12-07T09:24:16,KR,Incheon,37.467563,126.692795,dining-incheon-10,DINING,mobile-primary-sim-cust-008,CARD,9,6,0,0,0,0,0,NORMAL_BASELINE
SIM-CUST-012-NORMAL-0010,SIM-CUST-012,Oh Seoyeon,47280,2025-12-07T09:36:24,KR,Busan,35.164523,129.060078,grocery-busan-10,GROCERY,mobile-primary-sim-cust-012,ACCOUNT,9,6,0,0,0,0,0,NORMAL_BASELINE
SIM-CUST-016-NORMAL-0010,SIM-CUST-016,Hwang Yuna,78576,2025-12-07T09:48:32,KR,Seoul,37.542657,126.95896,shopping-seoul-10,SHOPPING,mobile-primary-sim-cust-016,CARD,9,6,0,0,0,0,0,NORMAL_BASELINE
SIM-CUST-001-NORMAL-0010,SIM-CUST-001,Kim Minjun,51387,2025-12-07T10:03:17,KR,Seoul,37.554849,126.999833,grocery-seoul-10,GROCERY,mobile-primary-sim-cust-001,CARD,10,6,0,0,0,0,0,NORMAL_BASELINE
SIM-CUST-015-NORMAL-0010,SIM-CUST-015,Kwon Doyun,95362,2025-12-07T10:45:15,KR,Daejeon,36.367286,127.392982,utility-daejeon-10,UTILITY,mobile-primary-sim-cust-015,ACCOUNT,10,6,0,0,0,0,0,NORMAL_BASELINE
SIM-CUST-018-NORMAL-0010,SIM-CUST-018,Song Sumin,63911,2025-12-07T10:54:06,KR,Incheon,37.445626,126.684621,dining-incheon-10,DINING,mobile-primary-sim-cust-018,ACCOUNT,10,6,0,0,0,0,0,NORMAL_BASELINE
SIM-CUST-011-NORMAL-0010,SIM-CUST-011,Han Minjun,59402,2025-12-07T11:33:07,KR,Seoul,37.542228,126.994026,cafe-seoul-10,CAFE,mobile-primary-sim-cust-011,E-PAY,11,6,0,0,0,0,0,NORMAL_BASELINE
SIM-CUST-013-NORMAL-0010,SIM-CUST-013,Seo Jiho,102039,2025-12-07T11:39:41,KR,Incheon,37.432457,126.72944,online-incheon-10,ONLINE,mobile-primary-sim-cust-013,CARD,11,6,0,0,0,0,0,NORMAL_BASELINE
SIM-CUST-019-NORMAL-0010,SIM-CUST-019,Hong Jiwon,135226,2025-12-07T11:57:23,KR,Daegu,35.875543,128.625809,grocery-daegu-10,GROCERY,mobile-primary-sim-cust-019,CARD,11,6,0,0,0,0,0,NORMAL_BASELINE
SIM-CUST-014-NORMAL-0010,SIM-CUST-014,Shin Haein,112340,2025-12-07T12:42:58,KR,Daegu,35.896304,128.582886,cafe-daegu-10,CAFE,mobile-primary-sim-cust-014,E-PAY,12,6,0,0,0,0,0,NORMAL_BASELINE
SIM-CUST-020-NORMAL-0010,SIM-CUST-020,Moon Nari,50963,2025-12-07T18:00:40,KR,Daejeon,36.364018,127.398431,grocery-daejeon-10,GROCERY,mobile-primary-sim-cust-020,E-PAY,18,6,0,0,0,0,0,NORMAL_BASELINE
SIM-CUST-002-NORMAL-0010,SIM-CUST-002,Lee Seoyeon,40272,2025-12-07T18:06:34,KR,Busan,35.190903,129.092474,cafe-busan-10,CAFE,mobile-primary-sim-cust-002,CARD,18,6,0,0,0,0,0,NORMAL_BASELINE
SIM-CUST-004-NORMAL-0010,SIM-CUST-004,Choi Haein,36672,2025-12-07T18:12:08,KR,Daegu,35.886212,128.581697,transport-daegu-10,TRANSPORT,mobile-primary-sim-cust-004,CARD,18,6,0,0,0,0,0,NORMAL_BASELINE
SIM-CUST-010-NORMAL-0010,SIM-CUST-010,Lim Nari,49941,2025-12-07T18:30:50,KR,Daejeon,36.331591,127.397328,utility-daejeon-10,UTILITY,mobile-primary-sim-cust-010,CARD,18,6,0,0,0,0,0,NORMAL_BASELINE
SIM-CUST-017-NORMAL-0010,SIM-CUST-017,Ahn Hyunwoo,69920,2025-12-07T19:51:49,KR,Busan,35.164075,129.089561,grocery-busan-10,GROCERY,mobile-primary-sim-cust-017,E-PAY,19,6,0,0,0,0,0,NORMAL_BASELINE
SIM-CUST-005-NORMAL-0010,SIM-CUST-005,Jung Doyun,89524,2025-12-07T20:15:25,KR,Daejeon,36.33921,127.382408,grocery-daejeon-10,GROCERY,mobile-primary-sim-cust-005,CARD,20,6,0,0,0,0,0,NORMAL_BASELINE
SIM-CUST-003-NORMAL-0010,SIM-CUST-003,Park Jiho,77282,2025-12-07T21:09:51,KR,Incheon,37.458882,126.710797,grocery-incheon-10,GROCERY,mobile-primary-sim-cust-003,E-PAY,21,6,0,0,0,0,0,NORMAL_BASELINE
SIM-CUST-007-NORMAL-0010,SIM-CUST-007,Cho Hyunwoo,80965,2025-12-07T21:21:59,KR,Busan,35.18621,129.053306,utility-busan-10,UTILITY,mobile-primary-sim-cust-007,E-PAY,21,6,0,0,0,0,0,NORMAL_BASELINE
SIM-CUST-004-NORMAL-0011,SIM-CUST-004,Choi Haein,39044,2025-12-08T07:19:42,KR,Daegu,35.87234,128.605426,transport-daegu-11,TRANSPORT,mobile-primary-sim-cust-004,CARD,7,0,0,0,0,0,0,NORMAL_BASELINE
SIM-CUST-008-NORMAL-0011,SIM-CUST-008,Yoon Sumin,56722,2025-12-08T09:31:50,KR,Incheon,37.478225,126.71303,medical-incheon-11,MEDICAL,mobile-primary-sim-cust-008,CARD,9,0,0,0,0,0,0,NORMAL_BASELINE
SIM-CUST-009-NORMAL-0011,SIM-CUST-009,Jang Jiwon,153263,2025-12-08T09:34:07,KR,Daegu,35.882186,128.600773,grocery-daegu-11,GROCERY,mobile-primary-sim-cust-009,ACCOUNT,9,0,0,0,0,0,0,NORMAL_BASELINE
SIM-CUST-012-NORMAL-0011,SIM-CUST-012,Oh Seoyeon,43531,2025-12-08T09:43:58,KR,Busan,35.171161,129.05218,dining-busan-11,DINING,mobile-primary-sim-cust-012,ACCOUNT,9,0,0,0,0,0,0,NORMAL_BASELINE
SIM-CUST-003-NORMAL-0011,SIM-CUST-003,Park Jiho,71802,2025-12-08T10:16:25,KR,Incheon,37.467147,126.704133,online-incheon-11,ONLINE,mobile-primary-sim-cust-003,E-PAY,10,0,0,0,0,0,0,NORMAL_BASELINE
SIM-CUST-015-NORMAL-0011,SIM-CUST-015,Kwon Doyun,105648,2025-12-08T10:52:49,KR,Daejeon,36.332776,127.372832,transport-daejeon-11,TRANSPORT,mobile-primary-sim-cust-015,ACCOUNT,10,0,0,0,0,0,0,NORMAL_BASELINE
SIM-CUST-005-NORMAL-0011,SIM-CUST-005,Jung Doyun,97958,2025-12-08T11:22:59,KR,Daejeon,36.351528,127.38048,dining-daejeon-11,DINING,mobile-primary-sim-cust-005,CARD,11,0,0,0,0,0,0,NORMAL_BASELINE
SIM-CUST-010-NORMAL-0011,SIM-CUST-010,Lim Nari,51713,2025-12-08T12:37:24,KR,Daejeon,36.325661,127.376449,grocery-daejeon-11,GROCERY,mobile-primary-sim-cust-010,CARD,12,0,0,0,0,0,0,NORMAL_BASELINE
SIM-CUST-014-NORMAL-0011,SIM-CUST-014,Shin Haein,95614,2025-12-08T13:49:32,KR,Daegu,35.85024,128.58891,grocery-daegu-11,GROCERY,mobile-primary-sim-cust-014,E-PAY,13,0,0,0,0,0,0,NORMAL_BASELINE
SIM-CUST-017-NORMAL-0011,SIM-CUST-017,Ahn Hyunwoo,67957,2025-12-08T13:58:23,KR,Busan,35.174373,129.0854,cafe-busan-11,CAFE,mobile-primary-sim-cust-017,E-PAY,13,0,0,0,0,0,0,NORMAL_BASELINE
SIM-CUST-018-NORMAL-0011,SIM-CUST-018,Song Sumin,61265,2025-12-08T14:01:40,KR,Incheon,37.439495,126.71313,grocery-incheon-11,GROCERY,mobile-primary-sim-cust-018,ACCOUNT,14,0,0,0,0,0,0,NORMAL_BASELINE
SIM-CUST-006-NORMAL-0011,SIM-CUST-006,Kang Yuna,120486,2025-12-08T16:25:16,KR,Seoul,37.554531,126.997699,transfer-seoul-11,TRANSFER,mobile-primary-sim-cust-006,ACCOUNT,16,0,0,0,0,0,0,NORMAL_BASELINE
SIM-CUST-019-NORMAL-0011,SIM-CUST-019,Hong Jiwon,170083,2025-12-08T18:04:57,KR,Daegu,35.885877,128.621253,grocery-daegu-11,GROCERY,mobile-primary-sim-cust-019,CARD,18,0,0,0,0,0,0,NORMAL_BASELINE
SIM-CUST-020-NORMAL-0011,SIM-CUST-020,Moon Nari,41752,2025-12-08T18:07:14,KR,Daejeon,36.338791,127.361849,cafe-daejeon-11,CAFE,mobile-primary-sim-cust-020,E-PAY,18,0,0,0,0,0,0,NORMAL_BASELINE
SIM-CUST-002-NORMAL-0011,SIM-CUST-002,Lee Seoyeon,46405,2025-12-08T18:13:08,KR,Busan,35.16203,129.077529,transport-busan-11,TRANSPORT,mobile-primary-sim-cust-002,CARD,18,0,0,0,0,0,0,NORMAL_BASELINE
SIM-CUST-016-NORMAL-0011,SIM-CUST-016,Hwang Yuna,81182,2025-12-08T18:55:06,KR,Seoul,37.581405,126.994584,grocery-seoul-11,GROCERY,mobile-primary-sim-cust-016,CARD,18,0,0,0,0,0,0,NORMAL_BASELINE
SIM-CUST-001-NORMAL-0011,SIM-CUST-001,Kim Minjun,58042,2025-12-08T19:10:51,KR,Seoul,37.568207,126.965241,grocery-seoul-11,GROCERY,mobile-primary-sim-cust-001,CARD,19,0,0,0,0,0,0,NORMAL_BASELINE
SIM-CUST-013-NORMAL-0011,SIM-CUST-013,Seo Jiho,112500,2025-12-08T20:46:15,KR,Incheon,37.461095,126.685554,online-incheon-11,ONLINE,mobile-primary-sim-cust-013,CARD,20,0,0,0,0,0,0,NORMAL_BASELINE
SIM-CUST-007-NORMAL-0011,SIM-CUST-007,Cho Hyunwoo,80808,2025-12-08T21:28:33,KR,Busan,35.162079,129.07572,shopping-busan-11,SHOPPING,mobile-primary-sim-cust-007,E-PAY,21,0,0,0,0,0,0,NORMAL_BASELINE
SIM-CUST-011-NORMAL-0011,SIM-CUST-011,Han Minjun,63674,2025-12-08T21:40:41,KR,Seoul,37.585614,126.992846,cafe-seoul-11,CAFE,mobile-primary-sim-cust-011,E-PAY,21,0,0,0,0,0,0,NORMAL_BASELINE
SIM-CUST-016-NORMAL-0012,SIM-CUST-016,Hwang Yuna,77214,2025-12-09T07:02:40,KR,Seoul,37.54231,126.97486,utility-seoul-12,UTILITY,mobile-primary-sim-cust-016,CARD,7,1,0,0,0,0,0,NORMAL_BASELINE
SIM-CUST-020-NORMAL-0012,SIM-CUST-020,Moon Nari,44544,2025-12-09T08:14:48,KR,Daejeon,36.351829,127.40401,online-daejeon-12,ONLINE,mobile-primary-sim-cust-020,E-PAY,8,1,0,0,0,0,0,NORMAL_BASELINE
SIM-CUST-009-NORMAL-0012,SIM-CUST-009,Jang Jiwon,170104,2025-12-09T08:41:41,KR,Daegu,35.874089,128.60337,cafe-daegu-12,CAFE,mobile-primary-sim-cust-009,ACCOUNT,8,1,0,0,0,0,0,NORMAL_BASELINE
SIM-CUST-008-NORMAL-0012,SIM-CUST-008,Yoon Sumin,65866,2025-12-09T10:38:24,KR,Incheon,37.466704,126.686199,utility-incheon-12,UTILITY,mobile-primary-sim-cust-008,CARD,10,1,0,0,0,0,0,NORMAL_BASELINE
SIM-CUST-012-NORMAL-0012,SIM-CUST-012,Oh Seoyeon,49973,2025-12-09T10:50:32,KR,Busan,35.203746,129.05654,utility-busan-12,UTILITY,mobile-primary-sim-cust-012,ACCOUNT,10,1,0,0,0,0,0,NORMAL_BASELINE
SIM-CUST-007-NORMAL-0012,SIM-CUST-007,Cho Hyunwoo,84717,2025-12-09T11:35:07,KR,Busan,35.204468,129.099152,shopping-busan-12,SHOPPING,mobile-primary-sim-cust-007,E-PAY,11,1,0,0,0,0,0,NORMAL_BASELINE
SIM-CUST-013-NORMAL-0012,SIM-CUST-013,Seo Jiho,106810,2025-12-09T11:53:49,KR,Incheon,37.435169,126.722431,online-incheon-12,ONLINE,mobile-primary-sim-cust-013,CARD,11,1,0,0,0,0,0,NORMAL_BASELINE
SIM-CUST-015-NORMAL-0012,SIM-CUST-015,Kwon Doyun,95845,2025-12-09T11:59:23,KR,Daejeon,36.335334,127.384773,grocery-daejeon-12,GROCERY,mobile-primary-sim-cust-015,ACCOUNT,11,1,0,0,0,0,0,NORMAL_BASELINE
SIM-CUST-001-NORMAL-0012,SIM-CUST-001,Kim Minjun,63782,2025-12-09T12:17:25,KR,Seoul,37.5735,126.980847,grocery-seoul-12,GROCERY,mobile-primary-sim-cust-001,CARD,12,1,0,0,0,0,0,NORMAL_BASELINE
SIM-CUST-002-NORMAL-0012,SIM-CUST-002,Lee Seoyeon,50220,2025-12-09T12:20:42,KR,Busan,35.173461,129.097243,cafe-busan-12,CAFE,mobile-primary-sim-cust-002,CARD,12,1,0,0,0,0,0,NORMAL_BASELINE
SIM-CUST-010-NORMAL-0012,SIM-CUST-010,Lim Nari,57643,2025-12-09T13:44:58,KR,Daejeon,36.35368,127.404217,online-daejeon-12,ONLINE,mobile-primary-sim-cust-010,CARD,13,1,0,0,0,0,0,NORMAL_BASELINE
SIM-CUST-018-NORMAL-0012,SIM-CUST-018,Song Sumin,63295,2025-12-09T14:08:14,KR,Incheon,37.447336,126.712166,dining-incheon-12,DINING,mobile-primary-sim-cust-018,ACCOUNT,14,1,0,0,0,0,0,NORMAL_BASELINE
SIM-CUST-006-NORMAL-0012,SIM-CUST-006,Kang Yuna,146388,2025-12-09T16:32:50,KR,Seoul,37.559791,126.964165,grocery-seoul-12,GROCERY,mobile-primary-sim-cust-006,ACCOUNT,16,1,0,0,0,0,0,NORMAL_BASELINE
SIM-CUST-014-NORMAL-0012,SIM-CUST-014,Shin Haein,111842,2025-12-09T18:56:06,KR,Daegu,35.887071,128.621282,utility-daegu-12,UTILITY,mobile-primary-sim-cust-014,E-PAY,18,1,0,0,0,0,0,NORMAL_BASELINE
SIM-CUST-017-NORMAL-0012,SIM-CUST-017,Ahn Hyunwoo,70085,2025-12-09T19:05:57,KR,Busan,35.158126,129.056319,medical-busan-12,MEDICAL,mobile-primary-sim-cust-017,E-PAY,19,1,0,0,0,0,0,NORMAL_BASELINE
SIM-CUST-004-NORMAL-0012,SIM-CUST-004,Choi Haein,38423,2025-12-09T19:26:16,KR,Daegu,35.869553,128.610378,transport-daegu-12,TRANSPORT,mobile-primary-sim-cust-004,CARD,19,1,0,0,0,0,0,NORMAL_BASELINE
SIM-CUST-005-NORMAL-0012,SIM-CUST-005,Jung Doyun,98307,2025-12-09T19:29:33,KR,Daejeon,36.354534,127.407742,dining-daejeon-12,DINING,mobile-primary-sim-cust-005,CARD,19,1,0,0,0,0,0,NORMAL_BASELINE
SIM-CUST-019-NORMAL-0012,SIM-CUST-019,Hong Jiwon,142760,2025-12-09T20:11:31,KR,Daegu,35.876069,128.607172,transport-daegu-12,TRANSPORT,mobile-primary-sim-cust-019,CARD,20,1,0,0,0,0,0,NORMAL_BASELINE
SIM-CUST-003-NORMAL-0012,SIM-CUST-003,Park Jiho,80483,2025-12-09T20:23:59,KR,Incheon,37.434988,126.728819,dining-incheon-12,DINING,mobile-primary-sim-cust-003,E-PAY,20,1,0,0,0,0,0,NORMAL_BASELINE
SIM-CUST-011-NORMAL-0012,SIM-CUST-011,Han Minjun,63864,2025-12-09T21:47:15,KR,Seoul,37.562284,126.958384,cafe-seoul-12,CAFE,mobile-primary-sim-cust-011,E-PAY,21,1,0,0,0,0,0,NORMAL_BASELINE
SIM-CUST-016-NORMAL-0013,SIM-CUST-016,Hwang Yuna,84907,2025-12-10T07:09:14,KR,Seoul,37.557854,126.97994,utility-seoul-01,UTILITY,mobile-primary-sim-cust-016,CARD,7,2,0,0,0,0,0,NORMAL_BASELINE
SIM-CUST-014-NORMAL-0013,SIM-CUST-014,Shin Haein,103141,2025-12-10T09:03:40,KR,Daegu,35.864747,128.60397,grocery-daegu-01,GROCERY,mobile-primary-sim-cust-014,E-PAY,9,2,0,0,0,0,0,NORMAL_BASELINE
SIM-CUST-002-NORMAL-0013,SIM-CUST-002,Lee Seoyeon,45001,2025-12-10T09:27:16,KR,Busan,35.173749,129.093401,transport-busan-01,TRANSPORT,mobile-primary-sim-cust-002,CARD,9,2,0,0,0,0,0,NORMAL_BASELINE
SIM-CUST-015-NORMAL-0013,SIM-CUST-015,Kwon Doyun,110844,2025-12-10T11:06:57,KR,Daejeon,36.372454,127.375058,cafe-daejeon-01,CAFE,mobile-primary-sim-cust-015,ACCOUNT,11,2,0,0,0,0,0,NORMAL_BASELINE
SIM-CUST-005-NORMAL-0013,SIM-CUST-005,Jung Doyun,99573,2025-12-10T11:36:07,KR,Daejeon,36.33045,127.373805,utility-daejeon-01,UTILITY,mobile-primary-sim-cust-005,CARD,11,2,0,0,0,0,0,NORMAL_BASELINE
SIM-CUST-017-NORMAL-0013,SIM-CUST-017,Ahn Hyunwoo,67836,2025-12-10T12:12:31,KR,Busan,35.163768,129.066969,utility-busan-01,UTILITY,mobile-primary-sim-cust-017,E-PAY,12,2,0,0,0,0,0,NORMAL_BASELINE
SIM-CUST-009-NORMAL-0013,SIM-CUST-009,Jang Jiwon,187246,2025-12-10T13:48:15,KR,Daegu,35.871734,128.595969,grocery-daegu-01,GROCERY,mobile-primary-sim-cust-009,ACCOUNT,13,2,0,0,0,0,0,NORMAL_BASELINE
SIM-CUST-011-NORMAL-0013,SIM-CUST-011,Han Minjun,72345,2025-12-10T13:54:49,KR,Seoul,37.572734,126.999716,cafe-seoul-01,CAFE,mobile-primary-sim-cust-011,E-PAY,13,2,0,0,0,0,0,NORMAL_BASELINE
SIM-CUST-018-NORMAL-0013,SIM-CUST-018,Song Sumin,62090,2025-12-10T15:15:48,KR,Incheon,37.454674,126.697572,transfer-incheon-01,TRANSFER,mobile-primary-sim-cust-018,ACCOUNT,15,2,0,0,0,0,0,NORMAL_BASELINE
SIM-CUST-012-NORMAL-0013,SIM-CUST-012,Oh Seoyeon,48943,2025-12-10T15:57:06,KR,Busan,35.190316,129.066844,cafe-busan-01,CAFE,mobile-primary-sim-cust-012,ACCOUNT,15,2,0,0,0,0,0,NORMAL_BASELINE
SIM-CUST-006-NORMAL-0013,SIM-CUST-006,Kang Yuna,132529,2025-12-10T16:39:24,KR,Seoul,37.564735,126.978521,dining-seoul-01,DINING,mobile-primary-sim-cust-006,ACCOUNT,16,2,0,0,0,0,0,NORMAL_BASELINE
SIM-CUST-008-NORMAL-0013,SIM-CUST-008,Yoon Sumin,67054,2025-12-10T16:45:58,KR,Incheon,37.476295,126.708503,medical-incheon-01,MEDICAL,mobile-primary-sim-cust-008,CARD,16,2,0,0,0,0,0,NORMAL_BASELINE
SIM-CUST-019-NORMAL-0013,SIM-CUST-019,Hong Jiwon,163684,2025-12-10T18:18:05,KR,Daegu,35.853331,128.599517,grocery-daegu-01,GROCERY,mobile-primary-sim-cust-019,CARD,18,2,0,0,0,0,0,NORMAL_BASELINE
SIM-CUST-020-NORMAL-0013,SIM-CUST-020,Moon Nari,45258,2025-12-10T18:21:22,KR,Daejeon,36.362064,127.407608,dining-daejeon-01,DINING,mobile-primary-sim-cust-020,E-PAY,18,2,0,0,0,0,0,NORMAL_BASELINE
SIM-CUST-001-NORMAL-0013,SIM-CUST-001,Kim Minjun,61644,2025-12-10T19:24:59,KR,Seoul,37.544297,126.99409,grocery-seoul-01,GROCERY,mobile-primary-sim-cust-001,CARD,19,2,0,0,0,0,0,NORMAL_BASELINE
SIM-CUST-004-NORMAL-0013,SIM-CUST-004,Choi Haein,44843,2025-12-10T19:33:50,KR,Daegu,35.870539,128.591172,transport-daegu-01,TRANSPORT,mobile-primary-sim-cust-004,CARD,19,2,0,0,0,0,0,NORMAL_BASELINE
SIM-CUST-013-NORMAL-0013,SIM-CUST-013,Seo Jiho,106081,2025-12-10T20:00:23,KR,Incheon,37.471072,126.700887,online-incheon-01,ONLINE,mobile-primary-sim-cust-013,CARD,20,2,0,0,0,0,0,NORMAL_BASELINE
SIM-CUST-010-NORMAL-0013,SIM-CUST-010,Lim Nari,49126,2025-12-10T20:51:32,KR,Daejeon,36.34036,127.392846,online-daejeon-01,ONLINE,mobile-primary-sim-cust-010,CARD,20,2,0,0,0,0,0,NORMAL_BASELINE
SIM-CUST-007-NORMAL-0013,SIM-CUST-007,Cho Hyunwoo,74556,2025-12-10T21:42:41,KR,Busan,35.176197,129.089918,cafe-busan-01,CAFE,mobile-primary-sim-cust-007,E-PAY,21,2,0,0,0,0,0,NORMAL_BASELINE
SIM-CUST-003-NORMAL-0013,SIM-CUST-003,Park Jiho,75215,2025-12-10T22:30:33,KR,Incheon,37.457168,126.686617,online-incheon-01,ONLINE,mobile-primary-sim-cust-003,E-PAY,22,2,0,0,0,0,0,NORMAL_BASELINE
SIM-CUST-004-NORMAL-0014,SIM-CUST-004,Choi Haein,44807,2025-12-11T07:40:24,KR,Daegu,35.853484,128.591995,transport-daegu-02,TRANSPORT,mobile-primary-sim-cust-004,CARD,7,3,0,0,0,0,0,NORMAL_BASELINE
SIM-CUST-016-NORMAL-0014,SIM-CUST-016,Hwang Yuna,81436,2025-12-11T09:16:48,KR,Seoul,37.578222,126.981265,cafe-seoul-02,CAFE,mobile-primary-sim-cust-016,CARD,9,3,0,0,0,0,0,NORMAL_BASELINE
SIM-CUST-008-NORMAL-0014,SIM-CUST-008,Yoon Sumin,68419,2025-12-11T10:52:32,KR,Incheon,37.443967,126.703548,utility-incheon-02,UTILITY,mobile-primary-sim-cust-008,CARD,10,3,0,0,0,0,0,NORMAL_BASELINE
SIM-CUST-007-NORMAL-0014,SIM-CUST-007,Cho Hyunwoo,75254,2025-12-11T11:49:15,KR,Busan,35.183172,129.053066,shopping-busan-02,SHOPPING,mobile-primary-sim-cust-007,E-PAY,11,3,0,0,0,0,0,NORMAL_BASELINE
SIM-CUST-013-NORMAL-0014,SIM-CUST-013,Seo Jiho,106606,2025-12-11T12:07:57,KR,Incheon,37.465667,126.698963,utility-incheon-02,UTILITY,mobile-primary-sim-cust-013,CARD,12,3,0,0,0,0,0,NORMAL_BASELINE
SIM-CUST-002-NORMAL-0014,SIM-CUST-002,Lee Seoyeon,51284,2025-12-11T13:34:50,KR,Busan,35.189861,129.09117,cafe-busan-02,CAFE,mobile-primary-sim-cust-002,CARD,13,3,0,0,0,0,0,NORMAL_BASELINE
SIM-CUST-009-NORMAL-0014,SIM-CUST-009,Jang Jiwon,169770,2025-12-11T13:55:49,KR,Daegu,35.880224,128.614724,cafe-daegu-02,CAFE,mobile-primary-sim-cust-009,ACCOUNT,13,3,0,0,0,0,0,NORMAL_BASELINE
SIM-CUST-018-NORMAL-0014,SIM-CUST-018,Song Sumin,66891,2025-12-11T14:22:22,KR,Incheon,37.475771,126.713986,transfer-incheon-02,TRANSFER,mobile-primary-sim-cust-018,ACCOUNT,14,3,0,0,0,0,0,NORMAL_BASELINE
SIM-CUST-012-NORMAL-0014,SIM-CUST-012,Oh Seoyeon,50844,2025-12-11T15:04:40,KR,Busan,35.196753,129.070042,grocery-busan-02,GROCERY,mobile-primary-sim-cust-012,ACCOUNT,15,3,0,0,0,0,0,NORMAL_BASELINE
SIM-CUST-006-NORMAL-0014,SIM-CUST-006,Kang Yuna,124732,2025-12-11T15:46:58,KR,Seoul,37.553444,127.0012,grocery-seoul-02,GROCERY,mobile-primary-sim-cust-006,ACCOUNT,15,3,0,0,0,0,0,NORMAL_BASELINE
SIM-CUST-011-NORMAL-0014,SIM-CUST-011,Han Minjun,64707,2025-12-11T19:01:23,KR,Seoul,37.552189,126.970829,utility-seoul-02,UTILITY,mobile-primary-sim-cust-011,E-PAY,19,3,0,0,0,0,0,NORMAL_BASELINE
SIM-CUST-014-NORMAL-0014,SIM-CUST-014,Shin Haein,119503,2025-12-11T19:10:14,KR,Daegu,35.862343,128.603471,utility-daegu-02,UTILITY,mobile-primary-sim-cust-014,E-PAY,19,3,0,0,0,0,0,NORMAL_BASELINE
SIM-CUST-020-NORMAL-0014,SIM-CUST-020,Moon Nari,53609,2025-12-11T19:28:56,KR,Daejeon,36.350322,127.406045,cafe-daejeon-02,CAFE,mobile-primary-sim-cust-020,E-PAY,19,3,0,0,0,0,0,NORMAL_BASELINE
SIM-CUST-019-NORMAL-0014,SIM-CUST-019,Hong Jiwon,166707,2025-12-11T20:25:39,KR,Daegu,35.881397,128.581206,grocery-daegu-02,GROCERY,mobile-primary-sim-cust-019,CARD,20,3,0,0,0,0,0,NORMAL_BASELINE
SIM-CUST-001-NORMAL-0014,SIM-CUST-001,Kim Minjun,55437,2025-12-11T20:31:33,KR,Seoul,37.552049,127.000145,grocery-seoul-02,GROCERY,mobile-primary-sim-cust-001,CARD,20,3,0,0,0,0,0,NORMAL_BASELINE
SIM-CUST-005-NORMAL-0014,SIM-CUST-005,Jung Doyun,108063,2025-12-11T20:43:41,KR,Daejeon,36.338607,127.392239,online-daejeon-02,ONLINE,mobile-primary-sim-cust-005,CARD,20,3,0,0,0,0,0,NORMAL_BASELINE
SIM-CUST-010-NORMAL-0014,SIM-CUST-010,Lim Nari,55676,2025-12-11T20:58:06,KR,Daejeon,36.351383,127.371882,dining-daejeon-02,DINING,mobile-primary-sim-cust-010,CARD,20,3,0,0,0,0,0,NORMAL_BASELINE
SIM-CUST-015-NORMAL-0014,SIM-CUST-015,Kwon Doyun,99880,2025-12-11T21:13:31,KR,Daejeon,36.353809,127.394315,grocery-daejeon-02,GROCERY,mobile-primary-sim-cust-015,ACCOUNT,21,3,0,0,0,0,0,NORMAL_BASELINE
SIM-CUST-017-NORMAL-0014,SIM-CUST-017,Ahn Hyunwoo,71719,2025-12-11T21:19:05,KR,Busan,35.201131,129.07051,medical-busan-02,MEDICAL,mobile-primary-sim-cust-017,E-PAY,21,3,0,0,0,0,0,NORMAL_BASELINE
SIM-CUST-003-NORMAL-0014,SIM-CUST-003,Park Jiho,70946,2025-12-11T21:37:07,KR,Incheon,37.479613,126.701831,cafe-incheon-02,CAFE,mobile-primary-sim-cust-003,E-PAY,21,3,0,0,0,0,0,NORMAL_BASELINE
SIM-CUST-014-NORMAL-0015,SIM-CUST-014,Shin Haein,101600,2025-12-12T08:17:48,KR,Daegu,35.881675,128.607494,utility-daegu-03,UTILITY,mobile-primary-sim-cust-014,E-PAY,8,4,0,0,0,0,0,NORMAL_BASELINE
SIM-CUST-012-NORMAL-0015,SIM-CUST-012,Oh Seoyeon,41950,2025-12-12T09:11:14,KR,Busan,35.160906,129.067806,utility-busan-03,UTILITY,mobile-primary-sim-cust-012,ACCOUNT,9,4,0,0,0,0,0,NORMAL_BASELINE
SIM-CUST-008-NORMAL-0015,SIM-CUST-008,Yoon Sumin,61041,2025-12-12T09:59:06,KR,Incheon,37.445119,126.701549,cafe-incheon-03,CAFE,mobile-primary-sim-cust-008,CARD,9,4,0,0,0,0,0,NORMAL_BASELINE
SIM-CUST-009-NORMAL-0015,SIM-CUST-009,Jang Jiwon,131898,2025-12-12T10:02:23,KR,Daegu,35.848656,128.618247,transfer-daegu-03,TRANSFER,mobile-primary-sim-cust-009,ACCOUNT,10,4,0,0,0,0,0,NORMAL_BASELINE
SIM-CUST-003-NORMAL-0015,SIM-CUST-003,Park Jiho,65369,2025-12-12T10:44:41,KR,Incheon,37.446506,126.688298,online-incheon-03,ONLINE,mobile-primary-sim-cust-003,E-PAY,10,4,0,0,0,0,0,NORMAL_BASELINE
SIM-CUST-013-NORMAL-0015,SIM-CUST-013,Seo Jiho,99348,2025-12-12T11:14:31,KR,Incheon,37.439355,126.695138,cafe-incheon-03,CAFE,mobile-primary-sim-cust-013,CARD,11,4,0,0,0,0,0,NORMAL_BASELINE
SIM-CUST-011-NORMAL-0015,SIM-CUST-011,Han Minjun,62491,2025-12-12T12:08:57,KR,Seoul,37.542099,126.963638,cafe-seoul-03,CAFE,mobile-primary-sim-cust-011,E-PAY,12,4,0,0,0,0,0,NORMAL_BASELINE
SIM-CUST-002-NORMAL-0015,SIM-CUST-002,Lee Seoyeon,43993,2025-12-12T13:41:24,KR,Busan,35.187201,129.058205,transport-busan-03,TRANSPORT,mobile-primary-sim-cust-002,CARD,13,4,0,0,0,0,0,NORMAL_BASELINE
SIM-CUST-018-NORMAL-0015,SIM-CUST-018,Song Sumin,53685,2025-12-12T15:29:56,KR,Incheon,37.461408,126.724439,grocery-incheon-03,GROCERY,mobile-primary-sim-cust-018,ACCOUNT,15,4,0,0,0,0,0,NORMAL_BASELINE
SIM-CUST-006-NORMAL-0015,SIM-CUST-006,Kang Yuna,126895,2025-12-12T16:53:32,KR,Seoul,37.548519,126.960961,dining-seoul-03,DINING,mobile-primary-sim-cust-006,ACCOUNT,16,4,0,0,0,0,0,NORMAL_BASELINE
SIM-CUST-010-NORMAL-0015,SIM-CUST-010,Lim Nari,41735,2025-12-12T18:05:40,KR,Daejeon,36.364327,127.382215,grocery-daejeon-03,GROCERY,mobile-primary-sim-cust-010,CARD,18,4,0,0,0,0,0,NORMAL_BASELINE
SIM-CUST-019-NORMAL-0015,SIM-CUST-019,Hong Jiwon,129917,2025-12-12T18:32:13,KR,Daegu,35.86607,128.593333,grocery-daegu-03,GROCERY,mobile-primary-sim-cust-019,CARD,18,4,0,0,0,0,0,NORMAL_BASELINE
SIM-CUST-020-NORMAL-0015,SIM-CUST-020,Moon Nari,43274,2025-12-12T18:35:30,KR,Daejeon,36.334784,127.391887,cafe-daejeon-03,CAFE,mobile-primary-sim-cust-020,E-PAY,18,4,0,0,0,0,0,NORMAL_BASELINE
SIM-CUST-004-NORMAL-0015,SIM-CUST-004,Choi Haein,34632,2025-12-12T18:47:58,KR,Daegu,35.863815,128.581281,dining-daegu-03,DINING,mobile-primary-sim-cust-004,CARD,18,4,0,0,0,0,0,NORMAL_BASELINE
SIM-CUST-016-NORMAL-0015,SIM-CUST-016,Hwang Yuna,67507,2025-12-12T19:23:22,KR,Seoul,37.58143,126.995315,dining-seoul-03,DINING,mobile-primary-sim-cust-016,CARD,19,4,0,0,0,0,0,NORMAL_BASELINE
SIM-CUST-001-NORMAL-0015,SIM-CUST-001,Kim Minjun,51597,2025-12-12T19:38:07,KR,Seoul,37.561282,126.998727,grocery-seoul-03,GROCERY,mobile-primary-sim-cust-001,CARD,19,4,0,0,0,0,0,NORMAL_BASELINE
SIM-CUST-017-NORMAL-0015,SIM-CUST-017,Ahn Hyunwoo,63275,2025-12-12T20:26:39,KR,Busan,35.167675,129.088649,medical-busan-03,MEDICAL,mobile-primary-sim-cust-017,E-PAY,20,4,0,0,0,0,0,NORMAL_BASELINE
SIM-CUST-005-NORMAL-0015,SIM-CUST-005,Jung Doyun,75069,2025-12-12T20:50:15,KR,Daejeon,36.339171,127.366693,cafe-daejeon-03,CAFE,mobile-primary-sim-cust-005,CARD,20,4,0,0,0,0,0,NORMAL_BASELINE
SIM-CUST-007-NORMAL-0015,SIM-CUST-007,Cho Hyunwoo,69144,2025-12-12T20:56:49,KR,Busan,35.176325,129.085494,shopping-busan-03,SHOPPING,mobile-primary-sim-cust-007,E-PAY,20,4,0,0,0,0,0,NORMAL_BASELINE
SIM-CUST-015-NORMAL-0015,SIM-CUST-015,Kwon Doyun,79532,2025-12-12T21:20:05,KR,Daejeon,36.371301,127.368625,utility-daejeon-03,UTILITY,mobile-primary-sim-cust-015,ACCOUNT,21,4,0,0,0,0,0,NORMAL_BASELINE
SIM-CUST-016-NORMAL-0016,SIM-CUST-016,Hwang Yuna,67326,2025-12-13T07:30:56,KR,Seoul,37.574009,126.962544,cafe-seoul-04,CAFE,mobile-primary-sim-cust-016,CARD,7,5,0,0,0,0,0,NORMAL_BASELINE
SIM-CUST-002-NORMAL-0016,SIM-CUST-002,Lee Seoyeon,46229,2025-12-13T08:48:58,KR,Busan,35.1712,129.055618,cafe-busan-04,CAFE,mobile-primary-sim-cust-002,CARD,8,5,0,0,0,0,0,NORMAL_BASELINE
SIM-CUST-012-NORMAL-0016,SIM-CUST-012,Oh Seoyeon,37266,2025-12-13T09:18:48,KR,Busan,35.188516,129.067707,dining-busan-04,DINING,mobile-primary-sim-cust-012,ACCOUNT,9,5,0,0,0,0,0,NORMAL_BASELINE
SIM-CUST-009-NORMAL-0016,SIM-CUST-009,Jang Jiwon,153162,2025-12-13T10:09:57,KR,Daegu,35.88466,128.607658,online-daegu-04,ONLINE,mobile-primary-sim-cust-009,ACCOUNT,10,5,0,0,0,0,0,NORMAL_BASELINE
SIM-CUST-013-NORMAL-0016,SIM-CUST-013,Seo Jiho,104886,2025-12-13T10:21:05,KR,Incheon,37.47404,126.68606,cafe-incheon-04,CAFE,mobile-primary-sim-cust-013,CARD,10,5,0,0,0,0,0,NORMAL_BASELINE
SIM-CUST-015-NORMAL-0016,SIM-CUST-015,Kwon Doyun,91060,2025-12-13T10:27:39,KR,Daejeon,36.373688,127.397836,transport-daejeon-04,TRANSPORT,mobile-primary-sim-cust-015,ACCOUNT,10,5,0,0,0,0,0,NORMAL_BASELINE
SIM-CUST-019-NORMAL-0016,SIM-CUST-019,Hong Jiwon,148683,2025-12-13T10:39:47,KR,Daegu,35.864338,128.601844,dining-daegu-04,DINING,mobile-primary-sim-cust-019,CARD,10,5,0,0,0,0,0,NORMAL_BASELINE
SIM-CUST-007-NORMAL-0016,SIM-CUST-007,Cho Hyunwoo,66612,2025-12-13T11:03:23,KR,Busan,35.174366,129.079167,grocery-busan-04,GROCERY,mobile-primary-sim-cust-007,E-PAY,11,5,0,0,0,0,0,NORMAL_BASELINE
SIM-CUST-008-NORMAL-0016,SIM-CUST-008,Yoon Sumin,59914,2025-12-13T11:06:40,KR,Incheon,37.445164,126.683319,medical-incheon-04,MEDICAL,mobile-primary-sim-cust-008,CARD,11,5,0,0,0,0,0,NORMAL_BASELINE
SIM-CUST-011-NORMAL-0016,SIM-CUST-011,Han Minjun,65573,2025-12-13T12:15:31,KR,Seoul,37.573997,126.971449,cafe-seoul-04,CAFE,mobile-primary-sim-cust-011,E-PAY,12,5,0,0,0,0,0,NORMAL_BASELINE
SIM-CUST-014-NORMAL-0016,SIM-CUST-014,Shin Haein,103106,2025-12-13T12:24:22,KR,Daegu,35.888471,128.60245,utility-daegu-04,UTILITY,mobile-primary-sim-cust-014,E-PAY,12,5,0,0,0,0,0,NORMAL_BASELINE
SIM-CUST-001-NORMAL-0016,SIM-CUST-001,Kim Minjun,46115,2025-12-13T12:45:41,KR,Seoul,37.578749,126.979949,grocery-seoul-04,GROCERY,mobile-primary-sim-cust-001,CARD,12,5,0,0,0,0,0,NORMAL_BASELINE
SIM-CUST-010-NORMAL-0016,SIM-CUST-010,Lim Nari,49063,2025-12-13T13:12:14,KR,Daejeon,36.329497,127.36261,dining-daejeon-04,DINING,mobile-primary-sim-cust-010,CARD,13,5,0,0,0,0,0,NORMAL_BASELINE
SIM-CUST-020-NORMAL-0016,SIM-CUST-020,Moon Nari,38283,2025-12-13T13:42:04,KR,Daejeon,36.328677,127.394332,cafe-daejeon-04,CAFE,mobile-primary-sim-cust-020,E-PAY,13,5,0,0,0,0,0,NORMAL_BASELINE
SIM-CUST-018-NORMAL-0016,SIM-CUST-018,Song Sumin,57123,2025-12-13T14:36:30,KR,Incheon,37.453838,126.707161,utility-incheon-04,UTILITY,mobile-primary-sim-cust-018,ACCOUNT,14,5,0,0,0,0,0,NORMAL_BASELINE
SIM-CUST-006-NORMAL-0016,SIM-CUST-006,Kang Yuna,125668,2025-12-13T16:00:06,KR,Seoul,37.589887,126.989796,utility-seoul-04,UTILITY,mobile-primary-sim-cust-006,ACCOUNT,16,5,0,0,0,0,0,NORMAL_BASELINE
SIM-CUST-004-NORMAL-0016,SIM-CUST-004,Choi Haein,33245,2025-12-13T18:54:32,KR,Daegu,35.886909,128.582154,transport-daegu-04,TRANSPORT,mobile-primary-sim-cust-004,CARD,18,5,0,0,0,0,0,NORMAL_BASELINE
SIM-CUST-017-NORMAL-0016,SIM-CUST-017,Ahn Hyunwoo,64450,2025-12-13T19:33:13,KR,Busan,35.20211,129.078337,online-busan-04,ONLINE,mobile-primary-sim-cust-017,E-PAY,19,5,0,0,0,0,0,NORMAL_BASELINE
SIM-CUST-005-NORMAL-0016,SIM-CUST-005,Jung Doyun,83300,2025-12-13T20:57:49,KR,Daejeon,36.34519,127.403448,dining-daejeon-04,DINING,mobile-primary-sim-cust-005,CARD,20,5,0,0,0,0,0,NORMAL_BASELINE
SIM-CUST-003-NORMAL-0016,SIM-CUST-003,Park Jiho,72830,2025-12-13T22:51:15,KR,Incheon,37.457245,126.694402,online-incheon-04,ONLINE,mobile-primary-sim-cust-003,E-PAY,22,5,0,0,0,0,0,NORMAL_BASELINE
SIM-CUST-016-NORMAL-0017,SIM-CUST-016,Hwang Yuna,67487,2025-12-14T07:37:30,KR,Seoul,37.555343,126.975564,dining-seoul-05,DINING,mobile-primary-sim-cust-016,CARD,7,6,0,0,0,0,0,NORMAL_BASELINE
SIM-CUST-004-NORMAL-0017,SIM-CUST-004,Choi Haein,36751,2025-12-14T09:01:06,KR,Daegu,35.854618,128.625595,cafe-daegu-05,CAFE,mobile-primary-sim-cust-004,CARD,9,6,0,0,0,0,0,NORMAL_BASELINE
SIM-CUST-015-NORMAL-0017,SIM-CUST-015,Kwon Doyun,87501,2025-12-14T10:34:13,KR,Daejeon,36.329464,127.395714,transport-daejeon-05,TRANSPORT,mobile-primary-sim-cust-015,ACCOUNT,10,6,0,0,0,0,0,NORMAL_BASELINE
SIM-CUST-018-NORMAL-0017,SIM-CUST-018,Song Sumin,53804,2025-12-14T10:43:04,KR,Incheon,37.477215,126.729336,online-incheon-05,ONLINE,mobile-primary-sim-cust-018,ACCOUNT,10,6,0,0,0,0,0,NORMAL_BASELINE
SIM-CUST-003-NORMAL-0017,SIM-CUST-003,Park Jiho,68760,2025-12-14T10:58:49,KR,Incheon,37.458842,126.686459,online-incheon-05,ONLINE,mobile-primary-sim-cust-003,E-PAY,10,6,0,0,0,0,0,NORMAL_BASELINE
SIM-CUST-011-NORMAL-0017,SIM-CUST-011,Han Minjun,60450,2025-12-14T11:22:05,KR,Seoul,37.579877,126.977979,online-seoul-05,ONLINE,mobile-primary-sim-cust-011,E-PAY,11,6,0,0,0,0,0,NORMAL_BASELINE
SIM-CUST-013-NORMAL-0017,SIM-CUST-013,Seo Jiho,102513,2025-12-14T11:28:39,KR,Incheon,37.462,126.707524,transport-incheon-05,TRANSPORT,mobile-primary-sim-cust-013,CARD,11,6,0,0,0,0,0,NORMAL_BASELINE
SIM-CUST-019-NORMAL-0017,SIM-CUST-019,Hong Jiwon,150519,2025-12-14T11:46:21,KR,Daegu,35.867298,128.622925,cafe-daegu-05,CAFE,mobile-primary-sim-cust-019,CARD,11,6,0,0,0,0,0,NORMAL_BASELINE
SIM-CUST-014-NORMAL-0017,SIM-CUST-014,Shin Haein,88593,2025-12-14T12:31:56,KR,Daegu,35.865019,128.617219,dining-daegu-05,DINING,mobile-primary-sim-cust-014,E-PAY,12,6,0,0,0,0,0,NORMAL_BASELINE
SIM-CUST-009-NORMAL-0017,SIM-CUST-009,Jang Jiwon,146369,2025-12-14T13:16:31,KR,Daegu,35.864268,128.593963,transfer-daegu-05,TRANSFER,mobile-primary-sim-cust-009,ACCOUNT,13,6,0,0,0,0,0,NORMAL_BASELINE
SIM-CUST-010-NORMAL-0017,SIM-CUST-010,Lim Nari,45478,2025-12-14T13:19:48,KR,Daejeon,36.343865,127.385813,grocery-daejeon-05,GROCERY,mobile-primary-sim-cust-010,CARD,13,6,0,0,0,0,0,NORMAL_BASELINE
SIM-CUST-002-NORMAL-0017,SIM-CUST-002,Lee Seoyeon,46211,2025-12-14T13:55:32,KR,Busan,35.155367,129.057808,cafe-busan-05,CAFE,mobile-primary-sim-cust-002,CARD,13,6,0,0,0,0,0,NORMAL_BASELINE
SIM-CUST-006-NORMAL-0017,SIM-CUST-006,Kang Yuna,109256,2025-12-14T15:07:40,KR,Seoul,37.579574,126.964587,utility-seoul-05,UTILITY,mobile-primary-sim-cust-006,ACCOUNT,15,6,0,0,0,0,0,NORMAL_BASELINE
SIM-CUST-008-NORMAL-0017,SIM-CUST-008,Yoon Sumin,50958,2025-12-14T15:13:14,KR,Incheon,37.47908,126.693433,medical-incheon-05,MEDICAL,mobile-primary-sim-cust-008,CARD,15,6,0,0,0,0,0,NORMAL_BASELINE
SIM-CUST-012-NORMAL-0017,SIM-CUST-012,Oh Seoyeon,39560,2025-12-14T16:25:22,KR,Busan,35.169073,129.074896,dining-busan-05,DINING,mobile-primary-sim-cust-012,ACCOUNT,16,6,0,0,0,0,0,NORMAL_BASELINE
SIM-CUST-020-NORMAL-0017,SIM-CUST-020,Moon Nari,44382,2025-12-14T18:49:38,KR,Daejeon,36.351486,127.391759,dining-daejeon-05,DINING,mobile-primary-sim-cust-020,E-PAY,18,6,0,0,0,0,0,NORMAL_BASELINE
SIM-CUST-017-NORMAL-0017,SIM-CUST-017,Ahn Hyunwoo,60038,2025-12-14T19:40:47,KR,Busan,35.156385,129.074541,medical-busan-05,MEDICAL,mobile-primary-sim-cust-017,E-PAY,19,6,0,0,0,0,0,NORMAL_BASELINE
SIM-CUST-001-NORMAL-0017,SIM-CUST-001,Kim Minjun,55732,2025-12-14T19:52:15,KR,Seoul,37.56147,126.963966,cafe-seoul-05,CAFE,mobile-primary-sim-cust-001,CARD,19,6,0,0,0,0,0,NORMAL_BASELINE
SIM-CUST-005-NORMAL-0017,SIM-CUST-005,Jung Doyun,91229,2025-12-14T21:04:23,KR,Daejeon,36.371442,127.404352,dining-daejeon-05,DINING,mobile-primary-sim-cust-005,CARD,21,6,0,0,0,0,0,NORMAL_BASELINE
SIM-CUST-007-NORMAL-0017,SIM-CUST-007,Cho Hyunwoo,76543,2025-12-14T21:10:57,KR,Busan,35.166912,129.054182,cafe-busan-05,CAFE,mobile-primary-sim-cust-007,E-PAY,21,6,0,0,0,0,0,NORMAL_BASELINE
SIM-CUST-004-NORMAL-0018,SIM-CUST-004,Choi Haein,36110,2025-12-15T08:08:40,KR,Daegu,35.862949,128.597718,grocery-daegu-06,GROCERY,mobile-primary-sim-cust-004,CARD,8,0,0,0,0,0,0,NORMAL_BASELINE
SIM-CUST-016-NORMAL-0018,SIM-CUST-016,Hwang Yuna,62398,2025-12-15T08:44:04,KR,Seoul,37.573892,126.96999,cafe-seoul-06,CAFE,mobile-primary-sim-cust-016,CARD,8,0,0,0,0,0,0,NORMAL_BASELINE
SIM-CUST-014-NORMAL-0018,SIM-CUST-014,Shin Haein,90132,2025-12-15T09:38:30,KR,Daegu,35.868414,128.61461,utility-daegu-06,UTILITY,mobile-primary-sim-cust-014,E-PAY,9,0,0,0,0,0,0,NORMAL_BASELINE
SIM-CUST-013-NORMAL-0018,SIM-CUST-013,Seo Jiho,98040,2025-12-15T10:35:13,KR,Incheon,37.43738,126.710506,grocery-incheon-06,GROCERY,mobile-primary-sim-cust-013,CARD,10,0,0,0,0,0,0,NORMAL_BASELINE
SIM-CUST-018-NORMAL-0018,SIM-CUST-018,Song Sumin,57019,2025-12-15T10:50:38,KR,Incheon,37.472901,126.688171,cafe-incheon-06,CAFE,mobile-primary-sim-cust-018,ACCOUNT,10,0,0,0,0,0,0,NORMAL_BASELINE
SIM-CUST-001-NORMAL-0018,SIM-CUST-001,Kim Minjun,46570,2025-12-15T10:59:49,KR,Seoul,37.543856,126.958482,grocery-seoul-06,GROCERY,mobile-primary-sim-cust-001,CARD,10,0,0,0,0,0,0,NORMAL_BASELINE
SIM-CUST-005-NORMAL-0018,SIM-CUST-005,Jung Doyun,93230,2025-12-15T11:11:57,KR,Daejeon,36.340947,127.401642,dining-daejeon-06,DINING,mobile-primary-sim-cust-005,CARD,11,0,0,0,0,0,0,NORMAL_BASELINE
SIM-CUST-011-NORMAL-0018,SIM-CUST-011,Han Minjun,66709,2025-12-15T11:29:39,KR,Seoul,37.587611,126.98146,dining-seoul-06,DINING,mobile-primary-sim-cust-011,E-PAY,11,0,0,0,0,0,0,NORMAL_BASELINE
SIM-CUST-015-NORMAL-0018,SIM-CUST-015,Kwon Doyun,95049,2025-12-15T11:41:47,KR,Daejeon,36.372533,127.402729,transport-daejeon-06,TRANSPORT,mobile-primary-sim-cust-015,ACCOUNT,11,0,0,0,0,0,0,NORMAL_BASELINE
SIM-CUST-017-NORMAL-0018,SIM-CUST-017,Ahn Hyunwoo,65186,2025-12-15T11:47:21,KR,Busan,35.163824,129.088727,medical-busan-06,MEDICAL,mobile-primary-sim-cust-017,E-PAY,11,0,0,0,0,0,0,NORMAL_BASELINE
SIM-CUST-003-NORMAL-0018,SIM-CUST-003,Park Jiho,60939,2025-12-15T12:05:23,KR,Incheon,37.463349,126.70979,cafe-incheon-06,CAFE,mobile-primary-sim-cust-003,E-PAY,12,0,0,0,0,0,0,NORMAL_BASELINE
SIM-CUST-006-NORMAL-0018,SIM-CUST-006,Kang Yuna,110545,2025-12-15T14:14:14,KR,Seoul,37.551839,126.998386,grocery-seoul-06,GROCERY,mobile-primary-sim-cust-006,ACCOUNT,14,0,0,0,0,0,0,NORMAL_BASELINE
SIM-CUST-008-NORMAL-0018,SIM-CUST-008,Yoon Sumin,63959,2025-12-15T15:20:48,KR,Incheon,37.441333,126.699832,medical-incheon-06,MEDICAL,mobile-primary-sim-cust-008,CARD,15,0,0,0,0,0,0,NORMAL_BASELINE
SIM-CUST-009-NORMAL-0018,SIM-CUST-009,Jang Jiwon,144008,2025-12-15T15:23:05,KR,Daegu,35.862005,128.580647,transfer-daegu-06,TRANSFER,mobile-primary-sim-cust-009,ACCOUNT,15,0,0,0,0,0,0,NORMAL_BASELINE
SIM-CUST-012-NORMAL-0018,SIM-CUST-012,Oh Seoyeon,37307,2025-12-15T15:32:56,KR,Busan,35.180162,129.063073,dining-busan-06,DINING,mobile-primary-sim-cust-012,ACCOUNT,15,0,0,0,0,0,0,NORMAL_BASELINE
SIM-CUST-002-NORMAL-0018,SIM-CUST-002,Lee Seoyeon,38348,2025-12-15T19:02:06,KR,Busan,35.193676,129.063851,transport-busan-06,TRANSPORT,mobile-primary-sim-cust-002,CARD,19,0,0,0,0,0,0,NORMAL_BASELINE
SIM-CUST-020-NORMAL-0018,SIM-CUST-020,Moon Nari,41685,2025-12-15T19:56:12,KR,Daejeon,36.33333,127.371636,dining-daejeon-06,DINING,mobile-primary-sim-cust-020,E-PAY,19,0,0,0,0,0,0,NORMAL_BASELINE
SIM-CUST-007-NORMAL-0018,SIM-CUST-007,Cho Hyunwoo,80649,2025-12-15T20:17:31,KR,Busan,35.15908,129.084187,shopping-busan-06,SHOPPING,mobile-primary-sim-cust-007,E-PAY,20,0,0,0,0,0,0,NORMAL_BASELINE
SIM-CUST-010-NORMAL-0018,SIM-CUST-010,Lim Nari,49631,2025-12-15T20:26:22,KR,Daejeon,36.369001,127.388715,cafe-daejeon-06,CAFE,mobile-primary-sim-cust-010,CARD,20,0,0,0,0,0,0,NORMAL_BASELINE
SIM-CUST-019-NORMAL-0018,SIM-CUST-019,Hong Jiwon,135350,2025-12-15T20:53:55,KR,Daegu,35.86273,128.588434,transport-daegu-06,TRANSPORT,mobile-primary-sim-cust-019,CARD,20,0,0,0,0,0,0,NORMAL_BASELINE
SIM-CUST-014-NORMAL-0019,SIM-CUST-014,Shin Haein,104936,2025-12-16T08:45:04,KR,Daegu,35.859915,128.605812,utility-daegu-07,UTILITY,mobile-primary-sim-cust-014,E-PAY,8,1,0,0,0,0,0,NORMAL_BASELINE
SIM-CUST-012-NORMAL-0019,SIM-CUST-012,Oh Seoyeon,45882,2025-12-16T09:39:30,KR,Busan,35.166968,129.09163,online-busan-07,ONLINE,mobile-primary-sim-cust-012,ACCOUNT,9,1,0,0,0,0,0,NORMAL_BASELINE
SIM-CUST-019-NORMAL-0019,SIM-CUST-019,Hong Jiwon,127731,2025-12-16T10:00:29,KR,Daegu,35.849337,128.620157,dining-daegu-07,DINING,mobile-primary-sim-cust-019,CARD,10,1,0,0,0,0,0,NORMAL_BASELINE
SIM-CUST-017-NORMAL-0019,SIM-CUST-017,Ahn Hyunwoo,62811,2025-12-16T11:54:55,KR,Busan,35.176505,129.057738,medical-busan-07,MEDICAL,mobile-primary-sim-cust-017,E-PAY,11,1,0,0,0,0,0,NORMAL_BASELINE
SIM-CUST-020-NORMAL-0019,SIM-CUST-020,Moon Nari,39359,2025-12-16T13:03:46,KR,Daejeon,36.361512,127.401752,dining-daejeon-07,DINING,mobile-primary-sim-cust-020,E-PAY,13,1,0,0,0,0,0,NORMAL_BASELINE
SIM-CUST-011-NORMAL-0019,SIM-CUST-011,Han Minjun,64640,2025-12-16T13:36:13,KR,Seoul,37.590571,126.987816,utility-seoul-07,UTILITY,mobile-primary-sim-cust-011,E-PAY,13,1,0,0,0,0,0,NORMAL_BASELINE
SIM-CUST-006-NORMAL-0019,SIM-CUST-006,Kang Yuna,137632,2025-12-16T14:21:48,KR,Seoul,37.585578,126.954995,grocery-seoul-07,GROCERY,mobile-primary-sim-cust-006,ACCOUNT,14,1,0,0,0,0,0,NORMAL_BASELINE
SIM-CUST-008-NORMAL-0019,SIM-CUST-008,Yoon Sumin,58700,2025-12-16T15:27:22,KR,Incheon,37.452863,126.710898,medical-incheon-07,MEDICAL,mobile-primary-sim-cust-008,CARD,15,1,0,0,0,0,0,NORMAL_BASELINE
SIM-CUST-009-NORMAL-0019,SIM-CUST-009,Jang Jiwon,148252,2025-12-16T15:30:39,KR,Daegu,35.86328,128.577386,transfer-daegu-07,TRANSFER,mobile-primary-sim-cust-009,ACCOUNT,15,1,0,0,0,0,0,NORMAL_BASELINE
SIM-CUST-018-NORMAL-0019,SIM-CUST-018,Song Sumin,61394,2025-12-16T16:57:12,KR,Incheon,37.441591,126.714861,transfer-incheon-07,TRANSFER,mobile-primary-sim-cust-018,ACCOUNT,16,1,0,0,0,0,0,NORMAL_BASELINE
SIM-CUST-002-NORMAL-0019,SIM-CUST-002,Lee Seoyeon,44627,2025-12-16T18:09:40,KR,Busan,35.197188,129.093217,dining-busan-07,DINING,mobile-primary-sim-cust-002,CARD,18,1,0,0,0,0,0,NORMAL_BASELINE
SIM-CUST-004-NORMAL-0019,SIM-CUST-004,Choi Haein,35283,2025-12-16T18:15:14,KR,Daegu,35.855623,128.608424,transport-daegu-07,TRANSPORT,mobile-primary-sim-cust-004,CARD,18,1,0,0,0,0,0,NORMAL_BASELINE
SIM-CUST-013-NORMAL-0019,SIM-CUST-013,Seo Jiho,105552,2025-12-16T18:42:47,KR,Incheon,37.438917,126.723544,online-incheon-07,ONLINE,mobile-primary-sim-cust-013,CARD,18,1,0,0,0,0,0,NORMAL_BASELINE
SIM-CUST-001-NORMAL-0019,SIM-CUST-001,Kim Minjun,54343,2025-12-16T19:06:23,KR,Seoul,37.57132,126.972238,grocery-seoul-07,GROCERY,mobile-primary-sim-cust-001,CARD,19,1,0,0,0,0,0,NORMAL_BASELINE
SIM-CUST-010-NORMAL-0019,SIM-CUST-010,Lim Nari,49212,2025-12-16T19:33:56,KR,Daejeon,36.372791,127.396086,transport-daejeon-07,TRANSPORT,mobile-primary-sim-cust-010,CARD,19,1,0,0,0,0,0,NORMAL_BASELINE
SIM-CUST-016-NORMAL-0019,SIM-CUST-016,Hwang Yuna,74128,2025-12-16T19:51:38,KR,Seoul,37.588925,126.99747,dining-seoul-07,DINING,mobile-primary-sim-cust-016,CARD,19,1,0,0,0,0,0,NORMAL_BASELINE
SIM-CUST-007-NORMAL-0019,SIM-CUST-007,Cho Hyunwoo,68781,2025-12-16T20:24:05,KR,Busan,35.171826,129.08337,grocery-busan-07,GROCERY,mobile-primary-sim-cust-007,E-PAY,20,1,0,0,0,0,0,NORMAL_BASELINE
SIM-CUST-003-NORMAL-0019,SIM-CUST-003,Park Jiho,70715,2025-12-16T21:12:57,KR,Incheon,37.467332,126.710457,online-incheon-07,ONLINE,mobile-primary-sim-cust-003,E-PAY,21,1,0,0,0,0,0,NORMAL_BASELINE
SIM-CUST-005-NORMAL-0019,SIM-CUST-005,Jung Doyun,98026,2025-12-16T21:18:31,KR,Daejeon,36.336798,127.374524,dining-daejeon-07,DINING,mobile-primary-sim-cust-005,CARD,21,1,0,0,0,0,0,NORMAL_BASELINE
SIM-CUST-015-NORMAL-0019,SIM-CUST-015,Kwon Doyun,84258,2025-12-16T22:48:21,KR,Daejeon,36.328067,127.394796,dining-daejeon-07,DINING,mobile-primary-sim-cust-015,ACCOUNT,22,1,0,0,0,0,0,NORMAL_BASELINE
SIM-CUST-018-NORMAL-0020,SIM-CUST-018,Song Sumin,63056,2025-12-17T09:04:46,KR,Incheon,37.480825,126.7074,online-incheon-08,ONLINE,mobile-primary-sim-cust-018,ACCOUNT,9,2,0,0,0,0,0,NORMAL_BASELINE
SIM-CUST-008-NORMAL-0020,SIM-CUST-008,Yoon Sumin,61871,2025-12-17T09:34:56,KR,Incheon,37.436464,126.683846,utility-incheon-08,UTILITY,mobile-primary-sim-cust-008,CARD,9,2,0,0,0,0,0,NORMAL_BASELINE
SIM-CUST-013-NORMAL-0020,SIM-CUST-013,Seo Jiho,94803,2025-12-17T09:49:21,KR,Incheon,37.438228,126.684372,utility-incheon-08,UTILITY,mobile-primary-sim-cust-013,CARD,9,2,0,0,0,0,0,NORMAL_BASELINE
SIM-CUST-019-NORMAL-0020,SIM-CUST-019,Hong Jiwon,143441,2025-12-17T10:07:03,KR,Daegu,35.853866,128.580072,grocery-daegu-08,GROCERY,mobile-primary-sim-cust-019,CARD,10,2,0,0,0,0,0,NORMAL_BASELINE
SIM-CUST-009-NORMAL-0020,SIM-CUST-009,Jang Jiwon,163211,2025-12-17T10:37:13,KR,Daegu,35.867524,128.602138,transfer-daegu-08,TRANSFER,mobile-primary-sim-cust-009,ACCOUNT,10,2,0,0,0,0,0,NORMAL_BASELINE
SIM-CUST-012-NORMAL-0020,SIM-CUST-012,Oh Seoyeon,44396,2025-12-17T10:46:04,KR,Busan,35.159753,129.087123,grocery-busan-08,GROCERY,mobile-primary-sim-cust-012,ACCOUNT,10,2,0,0,0,0,0,NORMAL_BASELINE
SIM-CUST-015-NORMAL-0020,SIM-CUST-015,Kwon Doyun,94836,2025-12-17T11:55:55,KR,Daejeon,36.346099,127.401264,transport-daejeon-08,TRANSPORT,mobile-primary-sim-cust-015,ACCOUNT,11,2,0,0,0,0,0,NORMAL_BASELINE
SIM-CUST-014-NORMAL-0020,SIM-CUST-014,Shin Haein,88854,2025-12-17T12:52:38,KR,Daegu,35.860355,128.606887,online-daegu-08,ONLINE,mobile-primary-sim-cust-014,E-PAY,12,2,0,0,0,0,0,NORMAL_BASELINE
SIM-CUST-020-NORMAL-0020,SIM-CUST-020,Moon Nari,41701,2025-12-17T13:10:20,KR,Daejeon,36.364315,127.363608,cafe-daejeon-08,CAFE,mobile-primary-sim-cust-020,E-PAY,13,2,0,0,0,0,0,NORMAL_BASELINE
SIM-CUST-006-NORMAL-0020,SIM-CUST-006,Kang Yuna,140899,2025-12-17T14:28:22,KR,Seoul,37.573178,126.966675,transfer-seoul-08,TRANSFER,mobile-primary-sim-cust-006,ACCOUNT,14,2,0,0,0,0,0,NORMAL_BASELINE
SIM-CUST-001-NORMAL-0020,SIM-CUST-001,Kim Minjun,53157,2025-12-17T18:13:57,KR,Seoul,37.590054,126.996039,transport-seoul-08,TRANSPORT,mobile-primary-sim-cust-001,CARD,18,2,0,0,0,0,0,NORMAL_BASELINE
SIM-CUST-002-NORMAL-0020,SIM-CUST-002,Lee Seoyeon,41774,2025-12-17T18:16:14,KR,Busan,35.190536,129.08857,grocery-busan-08,GROCERY,mobile-primary-sim-cust-002,CARD,18,2,0,0,0,0,0,NORMAL_BASELINE
SIM-CUST-004-NORMAL-0020,SIM-CUST-004,Choi Haein,38592,2025-12-17T18:22:48,KR,Daegu,35.890555,128.598879,grocery-daegu-08,GROCERY,mobile-primary-sim-cust-004,CARD,18,2,0,0,0,0,0,NORMAL_BASELINE
SIM-CUST-016-NORMAL-0020,SIM-CUST-016,Hwang Yuna,62815,2025-12-17T18:58:12,KR,Seoul,37.582911,126.953944,cafe-seoul-08,CAFE,mobile-primary-sim-cust-016,CARD,18,2,0,0,0,0,0,NORMAL_BASELINE
SIM-CUST-007-NORMAL-0020,SIM-CUST-007,Cho Hyunwoo,72474,2025-12-17T19:31:39,KR,Busan,35.195679,129.09074,shopping-busan-08,SHOPPING,mobile-primary-sim-cust-007,E-PAY,19,2,0,0,0,0,0,NORMAL_BASELINE
SIM-CUST-010-NORMAL-0020,SIM-CUST-010,Lim Nari,43725,2025-12-17T19:40:30,KR,Daejeon,36.331756,127.395058,online-daejeon-08,ONLINE,mobile-primary-sim-cust-010,CARD,19,2,0,0,0,0,0,NORMAL_BASELINE
SIM-CUST-017-NORMAL-0020,SIM-CUST-017,Ahn Hyunwoo,64306,2025-12-17T20:01:29,KR,Busan,35.179781,129.099325,dining-busan-08,DINING,mobile-primary-sim-cust-017,E-PAY,20,2,0,0,0,0,0,NORMAL_BASELINE
SIM-CUST-003-NORMAL-0020,SIM-CUST-003,Park Jiho,74949,2025-12-17T21:19:31,KR,Incheon,37.435361,126.727627,online-incheon-08,ONLINE,mobile-primary-sim-cust-003,E-PAY,21,2,0,0,0,0,0,NORMAL_BASELINE
SIM-CUST-005-NORMAL-0020,SIM-CUST-005,Jung Doyun,96195,2025-12-17T21:25:05,KR,Daejeon,36.338871,127.380339,grocery-daejeon-08,GROCERY,mobile-primary-sim-cust-005,CARD,21,2,0,0,0,0,0,NORMAL_BASELINE
SIM-CUST-011-NORMAL-0020,SIM-CUST-011,Han Minjun,68048,2025-12-17T21:43:47,KR,Seoul,37.548147,126.961767,utility-seoul-08,UTILITY,mobile-primary-sim-cust-011,E-PAY,21,2,0,0,0,0,0,NORMAL_BASELINE
SIM-CUST-016-NORMAL-0021,SIM-CUST-016,Hwang Yuna,66173,2025-12-18T08:05:46,KR,Seoul,37.584279,126.982219,shopping-seoul-09,SHOPPING,mobile-primary-sim-cust-016,CARD,8,3,0,0,0,0,0,NORMAL_BASELINE
SIM-CUST-020-NORMAL-0021,SIM-CUST-020,Moon Nari,42120,2025-12-18T08:17:54,KR,Daejeon,36.37451,127.378994,online-daejeon-09,ONLINE,mobile-primary-sim-cust-020,E-PAY,8,3,0,0,0,0,0,NORMAL_BASELINE
SIM-CUST-001-NORMAL-0021,SIM-CUST-001,Kim Minjun,48704,2025-12-18T09:20:31,KR,Seoul,37.585739,126.990544,dining-seoul-09,DINING,mobile-primary-sim-cust-001,CARD,9,3,0,0,0,0,0,NORMAL_BASELINE
SIM-CUST-015-NORMAL-0021,SIM-CUST-015,Kwon Doyun,87563,2025-12-18T12:02:29,KR,Daejeon,36.340147,127.394378,online-daejeon-09,ONLINE,mobile-primary-sim-cust-015,ACCOUNT,12,3,0,0,0,0,0,NORMAL_BASELINE
SIM-CUST-017-NORMAL-0021,SIM-CUST-017,Ahn Hyunwoo,56087,2025-12-18T12:08:03,KR,Busan,35.155311,129.058236,dining-busan-09,DINING,mobile-primary-sim-cust-017,E-PAY,12,3,0,0,0,0,0,NORMAL_BASELINE
SIM-CUST-009-NORMAL-0021,SIM-CUST-009,Jang Jiwon,167016,2025-12-18T13:44:47,KR,Daegu,35.875799,128.625688,transfer-daegu-09,TRANSFER,mobile-primary-sim-cust-009,ACCOUNT,13,3,0,0,0,0,0,NORMAL_BASELINE
SIM-CUST-010-NORMAL-0021,SIM-CUST-010,Lim Nari,48562,2025-12-18T13:47:04,KR,Daejeon,36.351857,127.394224,transport-daejeon-09,TRANSPORT,mobile-primary-sim-cust-010,CARD,13,3,0,0,0,0,0,NORMAL_BASELINE
SIM-CUST-014-NORMAL-0021,SIM-CUST-014,Shin Haein,97153,2025-12-18T13:59:12,KR,Daegu,35.868601,128.587622,utility-daegu-09,UTILITY,mobile-primary-sim-cust-014,E-PAY,13,3,0,0,0,0,0,NORMAL_BASELINE
SIM-CUST-006-NORMAL-0021,SIM-CUST-006,Kang Yuna,130879,2025-12-18T14:35:56,KR,Seoul,37.560333,126.971926,cafe-seoul-09,CAFE,mobile-primary-sim-cust-006,ACCOUNT,14,3,0,0,0,0,0,NORMAL_BASELINE
SIM-CUST-018-NORMAL-0021,SIM-CUST-018,Song Sumin,51860,2025-12-18T16:11:20,KR,Incheon,37.478025,126.713432,transfer-incheon-09,TRANSFER,mobile-primary-sim-cust-018,ACCOUNT,16,3,0,0,0,0,0,NORMAL_BASELINE
SIM-CUST-008-NORMAL-0021,SIM-CUST-008,Yoon Sumin,63639,2025-12-18T16:41:30,KR,Incheon,37.432238,126.705085,dining-incheon-09,DINING,mobile-primary-sim-cust-008,CARD,16,3,0,0,0,0,0,NORMAL_BASELINE
SIM-CUST-012-NORMAL-0021,SIM-CUST-012,Oh Seoyeon,47126,2025-12-18T16:53:38,KR,Busan,35.18416,129.082324,dining-busan-09,DINING,mobile-primary-sim-cust-012,ACCOUNT,16,3,0,0,0,0,0,NORMAL_BASELINE
SIM-CUST-002-NORMAL-0021,SIM-CUST-002,Lee Seoyeon,39794,2025-12-18T18:23:48,KR,Busan,35.186158,129.096646,cafe-busan-09,CAFE,mobile-primary-sim-cust-002,CARD,18,3,0,0,0,0,0,NORMAL_BASELINE
SIM-CUST-004-NORMAL-0021,SIM-CUST-004,Choi Haein,38867,2025-12-18T18:29:22,KR,Daegu,35.856689,128.614016,grocery-daegu-09,GROCERY,mobile-primary-sim-cust-004,CARD,18,3,0,0,0,0,0,NORMAL_BASELINE
SIM-CUST-013-NORMAL-0021,SIM-CUST-013,Seo Jiho,102239,2025-12-18T19:56:55,KR,Incheon,37.455379,126.727861,utility-incheon-09,UTILITY,mobile-primary-sim-cust-013,CARD,19,3,0,0,0,0,0,NORMAL_BASELINE
SIM-CUST-019-NORMAL-0021,SIM-CUST-019,Hong Jiwon,141054,2025-12-18T20:14:37,KR,Daegu,35.858363,128.60048,grocery-daegu-09,GROCERY,mobile-primary-sim-cust-019,CARD,20,3,0,0,0,0,0,NORMAL_BASELINE
SIM-CUST-003-NORMAL-0021,SIM-CUST-003,Park Jiho,65276,2025-12-18T21:26:05,KR,Incheon,37.459907,126.711105,online-incheon-09,ONLINE,mobile-primary-sim-cust-003,E-PAY,21,3,0,0,0,0,0,NORMAL_BASELINE
SIM-CUST-005-NORMAL-0021,SIM-CUST-005,Jung Doyun,89399,2025-12-18T21:32:39,KR,Daejeon,36.371072,127.379859,dining-daejeon-09,DINING,mobile-primary-sim-cust-005,CARD,21,3,0,0,0,0,0,NORMAL_BASELINE
SIM-CUST-007-NORMAL-0021,SIM-CUST-007,Cho Hyunwoo,68060,2025-12-18T21:38:13,KR,Busan,35.195509,129.060584,shopping-busan-09,SHOPPING,mobile-primary-sim-cust-007,E-PAY,21,3,0,0,0,0,0,NORMAL_BASELINE
SIM-CUST-011-NORMAL-0021,SIM-CUST-011,Han Minjun,70260,2025-12-18T21:50:21,KR,Seoul,37.565607,126.969755,cafe-seoul-09,CAFE,mobile-primary-sim-cust-011,E-PAY,21,3,0,0,0,0,0,NORMAL_BASELINE
SIM-CUST-004-NORMAL-0022,SIM-CUST-004,Choi Haein,33939,2025-12-19T07:36:56,KR,Daegu,35.873244,128.59469,cafe-daegu-10,CAFE,mobile-primary-sim-cust-004,CARD,7,4,0,0,0,0,0,NORMAL_BASELINE
SIM-CUST-016-NORMAL-0022,SIM-CUST-016,Hwang Yuna,63876,2025-12-19T09:12:20,KR,Seoul,37.551517,126.994076,cafe-seoul-10,CAFE,mobile-primary-sim-cust-016,CARD,9,4,0,0,0,0,0,NORMAL_BASELINE
SIM-CUST-002-NORMAL-0022,SIM-CUST-002,Lee Seoyeon,37281,2025-12-19T09:30:22,KR,Busan,35.159522,129.082287,dining-busan-10,DINING,mobile-primary-sim-cust-002,CARD,9,4,0,0,0,0,0,NORMAL_BASELINE
SIM-CUST-008-NORMAL-0022,SIM-CUST-008,Yoon Sumin,53058,2025-12-19T09:48:04,KR,Incheon,37.444622,126.715203,utility-incheon-10,UTILITY,mobile-primary-sim-cust-008,CARD,9,4,0,0,0,0,0,NORMAL_BASELINE
SIM-CUST-012-NORMAL-0022,SIM-CUST-012,Oh Seoyeon,35269,2025-12-19T10:00:12,KR,Busan,35.168293,129.060209,dining-busan-10,DINING,mobile-primary-sim-cust-012,ACCOUNT,10,4,0,0,0,0,0,NORMAL_BASELINE
SIM-CUST-018-NORMAL-0022,SIM-CUST-018,Song Sumin,52373,2025-12-19T10:18:54,KR,Incheon,37.470686,126.704659,dining-incheon-10,DINING,mobile-primary-sim-cust-018,ACCOUNT,10,4,0,0,0,0,0,NORMAL_BASELINE
SIM-CUST-003-NORMAL-0022,SIM-CUST-003,Park Jiho,61679,2025-12-19T10:33:39,KR,Incheon,37.445784,126.728033,grocery-incheon-10,GROCERY,mobile-primary-sim-cust-003,E-PAY,10,4,0,0,0,0,0,NORMAL_BASELINE
SIM-CUST-013-NORMAL-0022,SIM-CUST-013,Seo Jiho,95778,2025-12-19T11:03:29,KR,Incheon,37.454652,126.720651,dining-incheon-10,DINING,mobile-primary-sim-cust-013,CARD,11,4,0,0,0,0,0,NORMAL_BASELINE
SIM-CUST-015-NORMAL-0022,SIM-CUST-015,Kwon Doyun,78262,2025-12-19T12:09:03,KR,Daejeon,36.343581,127.398119,transport-daejeon-10,TRANSPORT,mobile-primary-sim-cust-015,ACCOUNT,12,4,0,0,0,0,0,NORMAL_BASELINE
SIM-CUST-019-NORMAL-0022,SIM-CUST-019,Hong Jiwon,130215,2025-12-19T12:21:11,KR,Daegu,35.893529,128.604006,grocery-daegu-10,GROCERY,mobile-primary-sim-cust-019,CARD,12,4,0,0,0,0,0,NORMAL_BASELINE
SIM-CUST-020-NORMAL-0022,SIM-CUST-020,Moon Nari,36744,2025-12-19T12:24:28,KR,Daejeon,36.339931,127.403173,utility-daejeon-10,UTILITY,mobile-primary-sim-cust-020,E-PAY,12,4,0,0,0,0,0,NORMAL_BASELINE
SIM-CUST-014-NORMAL-0022,SIM-CUST-014,Shin Haein,84041,2025-12-19T13:06:46,KR,Daegu,35.849013,128.591657,utility-daegu-10,UTILITY,mobile-primary-sim-cust-014,E-PAY,13,4,0,0,0,0,0,NORMAL_BASELINE
SIM-CUST-017-NORMAL-0022,SIM-CUST-017,Ahn Hyunwoo,51827,2025-12-19T13:15:37,KR,Busan,35.164632,129.082807,utility-busan-10,UTILITY,mobile-primary-sim-cust-017,E-PAY,13,4,0,0,0,0,0,NORMAL_BASELINE
SIM-CUST-009-NORMAL-0022,SIM-CUST-009,Jang Jiwon,130803,2025-12-19T13:51:21,KR,Daegu,35.851286,128.600818,cafe-daegu-10,CAFE,mobile-primary-sim-cust-009,ACCOUNT,13,4,0,0,0,0,0,NORMAL_BASELINE
SIM-CUST-006-NORMAL-0022,SIM-CUST-006,Kang Yuna,118775,2025-12-19T16:42:30,KR,Seoul,37.567333,126.971816,cafe-seoul-10,CAFE,mobile-primary-sim-cust-006,ACCOUNT,16,4,0,0,0,0,0,NORMAL_BASELINE
SIM-CUST-005-NORMAL-0022,SIM-CUST-005,Jung Doyun,84196,2025-12-19T19:39:13,KR,Daejeon,36.366451,127.385263,dining-daejeon-10,DINING,mobile-primary-sim-cust-005,CARD,19,4,0,0,0,0,0,NORMAL_BASELINE
SIM-CUST-007-NORMAL-0022,SIM-CUST-007,Cho Hyunwoo,68675,2025-12-19T19:45:47,KR,Busan,35.158891,129.087579,shopping-busan-10,SHOPPING,mobile-primary-sim-cust-007,E-PAY,19,4,0,0,0,0,0,NORMAL_BASELINE
SIM-CUST-010-NORMAL-0022,SIM-CUST-010,Lim Nari,43793,2025-12-19T19:54:38,KR,Daejeon,36.372603,127.377967,grocery-daejeon-10,GROCERY,mobile-primary-sim-cust-010,CARD,19,4,0,0,0,0,0,NORMAL_BASELINE
SIM-CUST-001-NORMAL-0022,SIM-CUST-001,Kim Minjun,41610,2025-12-19T20:27:05,KR,Seoul,37.563238,126.975686,cafe-seoul-10,CAFE,mobile-primary-sim-cust-001,CARD,20,4,0,0,0,0,0,NORMAL_BASELINE
SIM-CUST-011-NORMAL-0022,SIM-CUST-011,Han Minjun,54816,2025-12-19T20:57:55,KR,Seoul,37.567051,126.990091,utility-seoul-10,UTILITY,mobile-primary-sim-cust-011,E-PAY,20,4,0,0,0,0,0,NORMAL_BASELINE
SIM-CUST-002-NORMAL-0023,SIM-CUST-002,Lee Seoyeon,40536,2025-12-20T08:37:56,KR,Busan,35.199771,129.0529,grocery-busan-11,GROCERY,mobile-primary-sim-cust-002,CARD,8,5,0,0,0,0,0,NORMAL_BASELINE
SIM-CUST-004-NORMAL-0023,SIM-CUST-004,Choi Haein,30641,2025-12-20T08:43:30,KR,Daegu,35.889532,128.602786,grocery-daegu-11,GROCERY,mobile-primary-sim-cust-004,CARD,8,5,0,0,0,0,0,NORMAL_BASELINE
SIM-CUST-016-NORMAL-0023,SIM-CUST-016,Hwang Yuna,66299,2025-12-20T09:19:54,KR,Seoul,37.570343,126.962442,utility-seoul-11,UTILITY,mobile-primary-sim-cust-016,CARD,9,5,0,0,0,0,0,NORMAL_BASELINE
SIM-CUST-020-NORMAL-0023,SIM-CUST-020,Moon Nari,36295,2025-12-20T09:31:02,KR,Daejeon,36.359188,127.376497,grocery-daejeon-11,GROCERY,mobile-primary-sim-cust-020,E-PAY,9,5,0,0,0,0,0,NORMAL_BASELINE
SIM-CUST-012-NORMAL-0023,SIM-CUST-012,Oh Seoyeon,37976,2025-12-20T10:07:46,KR,Busan,35.159147,129.053148,grocery-busan-11,GROCERY,mobile-primary-sim-cust-012,ACCOUNT,10,5,0,0,0,0,0,NORMAL_BASELINE
SIM-CUST-006-NORMAL-0023,SIM-CUST-006,Kang Yuna,108792,2025-12-20T10:49:04,KR,Seoul,37.584886,126.977343,grocery-seoul-11,GROCERY,mobile-primary-sim-cust-006,ACCOUNT,10,5,0,0,0,0,0,NORMAL_BASELINE
SIM-CUST-007-NORMAL-0023,SIM-CUST-007,Cho Hyunwoo,73413,2025-12-20T11:52:21,KR,Busan,35.198038,129.091607,utility-busan-11,UTILITY,mobile-primary-sim-cust-007,E-PAY,11,5,0,0,0,0,0,NORMAL_BASELINE
SIM-CUST-010-NORMAL-0023,SIM-CUST-010,Lim Nari,41461,2025-12-20T12:01:12,KR,Daejeon,36.331443,127.388088,cafe-daejeon-11,CAFE,mobile-primary-sim-cust-010,CARD,12,5,0,0,0,0,0,NORMAL_BASELINE
SIM-CUST-013-NORMAL-0023,SIM-CUST-013,Seo Jiho,92433,2025-12-20T12:10:03,KR,Incheon,37.440953,126.688848,grocery-incheon-11,GROCERY,mobile-primary-sim-cust-013,CARD,12,5,0,0,0,0,0,NORMAL_BASELINE
SIM-CUST-005-NORMAL-0023,SIM-CUST-005,Jung Doyun,83248,2025-12-20T12:46:47,KR,Daejeon,36.345569,127.398526,dining-daejeon-11,DINING,mobile-primary-sim-cust-005,CARD,12,5,0,0,0,0,0,NORMAL_BASELINE
SIM-CUST-018-NORMAL-0023,SIM-CUST-018,Song Sumin,54978,2025-12-20T14:25:28,KR,Incheon,37.458723,126.699948,dining-incheon-11,DINING,mobile-primary-sim-cust-018,ACCOUNT,14,5,0,0,0,0,0,NORMAL_BASELINE
SIM-CUST-008-NORMAL-0023,SIM-CUST-008,Yoon Sumin,52479,2025-12-20T15:55:38,KR,Incheon,37.478296,126.704734,cafe-incheon-11,CAFE,mobile-primary-sim-cust-008,CARD,15,5,0,0,0,0,0,NORMAL_BASELINE
SIM-CUST-009-NORMAL-0023,SIM-CUST-009,Jang Jiwon,134346,2025-12-20T15:58:55,KR,Daegu,35.871538,128.614645,dining-daegu-11,DINING,mobile-primary-sim-cust-009,ACCOUNT,15,5,0,0,0,0,0,NORMAL_BASELINE
SIM-CUST-014-NORMAL-0023,SIM-CUST-014,Shin Haein,96446,2025-12-20T18:13:20,KR,Daegu,35.891903,128.614124,dining-daegu-11,DINING,mobile-primary-sim-cust-014,E-PAY,18,5,0,0,0,0,0,NORMAL_BASELINE
SIM-CUST-019-NORMAL-0023,SIM-CUST-019,Hong Jiwon,135264,2025-12-20T18:28:45,KR,Daegu,35.891179,128.609209,grocery-daegu-11,GROCERY,mobile-primary-sim-cust-019,CARD,18,5,0,0,0,0,0,NORMAL_BASELINE
SIM-CUST-017-NORMAL-0023,SIM-CUST-017,Ahn Hyunwoo,60776,2025-12-20T19:22:11,KR,Busan,35.17988,129.061862,grocery-busan-11,GROCERY,mobile-primary-sim-cust-017,E-PAY,19,5,0,0,0,0,0,NORMAL_BASELINE
SIM-CUST-001-NORMAL-0023,SIM-CUST-001,Kim Minjun,44270,2025-12-20T19:34:39,KR,Seoul,37.566529,126.961933,online-seoul-11,ONLINE,mobile-primary-sim-cust-001,CARD,19,5,0,0,0,0,0,NORMAL_BASELINE
SIM-CUST-011-NORMAL-0023,SIM-CUST-011,Han Minjun,63324,2025-12-20T20:04:29,KR,Seoul,37.55313,126.983817,cafe-seoul-11,CAFE,mobile-primary-sim-cust-011,E-PAY,20,5,0,0,0,0,0,NORMAL_BASELINE
SIM-CUST-003-NORMAL-0023,SIM-CUST-003,Park Jiho,65738,2025-12-20T20:40:13,KR,Incheon,37.451605,126.702877,online-incheon-11,ONLINE,mobile-primary-sim-cust-003,E-PAY,20,5,0,0,0,0,0,NORMAL_BASELINE
SIM-CUST-015-NORMAL-0023,SIM-CUST-015,Kwon Doyun,85499,2025-12-20T21:16:37,KR,Daejeon,36.366987,127.361337,grocery-daejeon-11,GROCERY,mobile-primary-sim-cust-015,ACCOUNT,21,5,0,0,0,0,0,NORMAL_BASELINE
SIM-CUST-016-NORMAL-0024,SIM-CUST-016,Hwang Yuna,59916,2025-12-21T08:26:28,KR,Seoul,37.542811,126.983096,shopping-seoul-12,SHOPPING,mobile-primary-sim-cust-016,CARD,8,6,0,0,0,0,0,NORMAL_BASELINE
SIM-CUST-002-NORMAL-0024,SIM-CUST-002,Lee Seoyeon,38615,2025-12-21T08:44:30,KR,Busan,35.161878,129.077158,cafe-busan-12,CAFE,mobile-primary-sim-cust-002,CARD,8,6,0,0,0,0,0,NORMAL_BASELINE
SIM-CUST-001-NORMAL-0024,SIM-CUST-001,Kim Minjun,45832,2025-12-21T09:41:13,KR,Seoul,37.573447,126.983449,online-seoul-12,ONLINE,mobile-primary-sim-cust-001,CARD,9,6,0,0,0,0,0,NORMAL_BASELINE
SIM-CUST-004-NORMAL-0024,SIM-CUST-004,Choi Haein,34182,2025-12-21T09:50:04,KR,Daegu,35.87575,128.593796,cafe-daegu-12,CAFE,mobile-primary-sim-cust-004,CARD,9,6,0,0,0,0,0,NORMAL_BASELINE
SIM-CUST-009-NORMAL-0024,SIM-CUST-009,Jang Jiwon,136651,2025-12-21T10:05:29,KR,Daegu,35.894871,128.586488,transfer-daegu-12,TRANSFER,mobile-primary-sim-cust-009,ACCOUNT,10,6,0,0,0,0,0,NORMAL_BASELINE
SIM-CUST-007-NORMAL-0024,SIM-CUST-007,Cho Hyunwoo,73372,2025-12-21T10:59:55,KR,Busan,35.169856,129.07416,shopping-busan-12,SHOPPING,mobile-primary-sim-cust-007,E-PAY,10,6,0,0,0,0,0,NORMAL_BASELINE
SIM-CUST-011-NORMAL-0024,SIM-CUST-011,Han Minjun,61555,2025-12-21T11:11:03,KR,Seoul,37.579362,126.983988,cafe-seoul-12,CAFE,mobile-primary-sim-cust-011,E-PAY,11,6,0,0,0,0,0,NORMAL_BASELINE
SIM-CUST-019-NORMAL-0024,SIM-CUST-019,Hong Jiwon,122708,2025-12-21T11:35:19,KR,Daegu,35.849703,128.577969,grocery-daegu-12,GROCERY,mobile-primary-sim-cust-019,CARD,11,6,0,0,0,0,0,NORMAL_BASELINE
SIM-CUST-010-NORMAL-0024,SIM-CUST-010,Lim Nari,39576,2025-12-21T12:08:46,KR,Daejeon,36.340646,127.378223,grocery-daejeon-12,GROCERY,mobile-primary-sim-cust-010,CARD,12,6,0,0,0,0,0,NORMAL_BASELINE
SIM-CUST-014-NORMAL-0024,SIM-CUST-014,Shin Haein,98355,2025-12-21T12:20:54,KR,Daegu,35.886912,128.605948,utility-daegu-12,UTILITY,mobile-primary-sim-cust-014,E-PAY,12,6,0,0,0,0,0,NORMAL_BASELINE
SIM-CUST-008-NORMAL-0024,SIM-CUST-008,Yoon Sumin,56542,2025-12-21T15:02:12,KR,Incheon,37.471914,126.683705,grocery-incheon-12,GROCERY,mobile-primary-sim-cust-008,CARD,15,6,0,0,0,0,0,NORMAL_BASELINE
SIM-CUST-012-NORMAL-0024,SIM-CUST-012,Oh Seoyeon,39723,2025-12-21T15:14:20,KR,Busan,35.203606,129.061689,grocery-busan-12,GROCERY,mobile-primary-sim-cust-012,ACCOUNT,15,6,0,0,0,0,0,NORMAL_BASELINE
SIM-CUST-018-NORMAL-0024,SIM-CUST-018,Song Sumin,50893,2025-12-21T15:32:02,KR,Incheon,37.4517,126.717778,transfer-incheon-12,TRANSFER,mobile-primary-sim-cust-018,ACCOUNT,15,6,0,0,0,0,0,NORMAL_BASELINE
SIM-CUST-006-NORMAL-0024,SIM-CUST-006,Kang Yuna,102231,2025-12-21T15:56:38,KR,Seoul,37.585602,126.974995,online-seoul-12,ONLINE,mobile-primary-sim-cust-006,ACCOUNT,15,6,0,0,0,0,0,NORMAL_BASELINE
SIM-CUST-013-NORMAL-0024,SIM-CUST-013,Seo Jiho,102123,2025-12-21T19:17:37,KR,Incheon,37.479394,126.685345,online-incheon-12,ONLINE,mobile-primary-sim-cust-013,CARD,19,6,0,0,0,0,0,NORMAL_BASELINE
SIM-CUST-020-NORMAL-0024,SIM-CUST-020,Moon Nari,36900,2025-12-21T19:38:36,KR,Daejeon,36.368673,127.395962,cafe-daejeon-12,CAFE,mobile-primary-sim-cust-020,E-PAY,19,6,0,0,0,0,0,NORMAL_BASELINE
SIM-CUST-005-NORMAL-0024,SIM-CUST-005,Jung Doyun,72399,2025-12-21T20:53:21,KR,Daejeon,36.335038,127.401146,online-daejeon-12,ONLINE,mobile-primary-sim-cust-005,CARD,20,6,0,0,0,0,0,NORMAL_BASELINE
SIM-CUST-015-NORMAL-0024,SIM-CUST-015,Kwon Doyun,85885,2025-12-21T21:23:11,KR,Daejeon,36.335933,127.394609,grocery-daejeon-12,GROCERY,mobile-primary-sim-cust-015,ACCOUNT,21,6,0,0,0,0,0,NORMAL_BASELINE
SIM-CUST-017-NORMAL-0024,SIM-CUST-017,Ahn Hyunwoo,58540,2025-12-21T21:29:45,KR,Busan,35.176544,129.094167,medical-busan-12,MEDICAL,mobile-primary-sim-cust-017,E-PAY,21,6,0,0,0,0,0,NORMAL_BASELINE
SIM-CUST-003-NORMAL-0024,SIM-CUST-003,Park Jiho,62024,2025-12-21T22:47:47,KR,Incheon,37.455513,126.690401,online-incheon-12,ONLINE,mobile-primary-sim-cust-003,E-PAY,22,6,0,0,0,0,0,NORMAL_BASELINE
SIM-CUST-016-NORMAL-0025,SIM-CUST-016,Hwang Yuna,97549,2025-12-22T07:33:02,KR,Seoul,37.589233,126.969373,dining-seoul-01,DINING,mobile-primary-sim-cust-016,CARD,7,0,0,0,0,0,0,NORMAL_BASELINE
SIM-CUST-014-NORMAL-0025,SIM-CUST-014,Shin Haein,144286,2025-12-22T08:27:28,KR,Daegu,35.868104,128.597777,utility-daegu-01,UTILITY,mobile-primary-sim-cust-014,E-PAY,8,0,0,0,0,0,0,NORMAL_BASELINE
SIM-CUST-018-NORMAL-0025,SIM-CUST-018,Song Sumin,81355,2025-12-22T09:39:36,KR,Incheon,37.439085,126.714897,transfer-incheon-01,TRANSFER,mobile-primary-sim-cust-018,ACCOUNT,9,0,0,0,0,0,0,NORMAL_BASELINE
SIM-CUST-006-NORMAL-0025,SIM-CUST-006,Kang Yuna,178393,2025-12-22T10:03:12,KR,Seoul,37.552076,126.962345,transfer-seoul-01,TRANSFER,mobile-primary-sim-cust-006,ACCOUNT,10,0,0,0,0,0,0,NORMAL_BASELINE
SIM-CUST-008-NORMAL-0025,SIM-CUST-008,Yoon Sumin,88628,2025-12-22T10:09:46,KR,Incheon,37.472199,126.704303,medical-incheon-01,MEDICAL,mobile-primary-sim-cust-008,CARD,10,0,0,0,0,0,0,NORMAL_BASELINE
SIM-CUST-001-NORMAL-0025,SIM-CUST-001,Kim Minjun,66071,2025-12-22T10:48:47,KR,Seoul,37.589175,126.999122,grocery-seoul-01,GROCERY,mobile-primary-sim-cust-001,CARD,10,0,0,0,0,0,0,NORMAL_BASELINE
SIM-CUST-005-NORMAL-0025,SIM-CUST-005,Jung Doyun,120242,2025-12-22T11:00:55,KR,Daejeon,36.371302,127.394732,dining-daejeon-01,DINING,mobile-primary-sim-cust-005,CARD,11,0,0,0,0,0,0,NORMAL_BASELINE
SIM-CUST-011-NORMAL-0025,SIM-CUST-011,Han Minjun,86948,2025-12-22T11:18:37,KR,Seoul,37.551601,126.971787,cafe-seoul-01,CAFE,mobile-primary-sim-cust-011,E-PAY,11,0,0,0,0,0,0,NORMAL_BASELINE
SIM-CUST-017-NORMAL-0025,SIM-CUST-017,Ahn Hyunwoo,86227,2025-12-22T11:36:19,KR,Busan,35.16899,129.058655,online-busan-01,ONLINE,mobile-primary-sim-cust-017,E-PAY,11,0,0,0,0,0,0,NORMAL_BASELINE
SIM-CUST-015-NORMAL-0025,SIM-CUST-015,Kwon Doyun,132449,2025-12-22T12:30:45,KR,Daejeon,36.339834,127.376609,cafe-daejeon-01,CAFE,mobile-primary-sim-cust-015,ACCOUNT,12,0,0,0,0,0,0,NORMAL_BASELINE
SIM-CUST-009-NORMAL-0025,SIM-CUST-009,Jang Jiwon,228441,2025-12-22T15:12:03,KR,Daegu,35.888419,128.603192,online-daegu-01,ONLINE,mobile-primary-sim-cust-009,ACCOUNT,15,0,0,0,0,0,0,NORMAL_BASELINE
SIM-CUST-012-NORMAL-0025,SIM-CUST-012,Oh Seoyeon,56733,2025-12-22T15:21:54,KR,Busan,35.186794,129.065814,grocery-busan-01,GROCERY,mobile-primary-sim-cust-012,ACCOUNT,15,0,0,0,0,0,0,NORMAL_BASELINE
SIM-CUST-010-NORMAL-0025,SIM-CUST-010,Lim Nari,69331,2025-12-22T18:15:20,KR,Daejeon,36.332507,127.388981,grocery-daejeon-01,GROCERY,mobile-primary-sim-cust-010,CARD,18,0,0,0,0,0,0,NORMAL_BASELINE
SIM-CUST-002-NORMAL-0025,SIM-CUST-002,Lee Seoyeon,54894,2025-12-22T18:51:04,KR,Busan,35.163353,129.081075,dining-busan-01,DINING,mobile-primary-sim-cust-002,CARD,18,0,0,0,0,0,0,NORMAL_BASELINE
SIM-CUST-004-NORMAL-0025,SIM-CUST-004,Choi Haein,53368,2025-12-22T18:57:38,KR,Daegu,35.881699,128.591272,cafe-daegu-01,CAFE,mobile-primary-sim-cust-004,CARD,18,0,0,0,0,0,0,NORMAL_BASELINE
SIM-CUST-007-NORMAL-0025,SIM-CUST-007,Cho Hyunwoo,103073,2025-12-22T19:06:29,KR,Busan,35.16479,129.076763,shopping-busan-01,SHOPPING,mobile-primary-sim-cust-007,E-PAY,19,0,0,0,0,0,0,NORMAL_BASELINE
SIM-CUST-020-NORMAL-0025,SIM-CUST-020,Moon Nari,57649,2025-12-22T19:45:10,KR,Daejeon,36.34596,127.373489,cafe-daejeon-01,CAFE,mobile-primary-sim-cust-020,E-PAY,19,0,0,0,0,0,0,NORMAL_BASELINE
SIM-CUST-013-NORMAL-0025,SIM-CUST-013,Seo Jiho,138530,2025-12-22T20:24:11,KR,Incheon,37.471005,126.727888,dining-incheon-01,DINING,mobile-primary-sim-cust-013,CARD,20,0,0,0,0,0,0,NORMAL_BASELINE
SIM-CUST-019-NORMAL-0025,SIM-CUST-019,Hong Jiwon,192287,2025-12-22T20:42:53,KR,Daegu,35.887026,128.599575,online-daegu-01,ONLINE,mobile-primary-sim-cust-019,CARD,20,0,0,0,0,0,0,NORMAL_BASELINE
SIM-CUST-003-NORMAL-0025,SIM-CUST-003,Park Jiho,101861,2025-12-22T21:54:21,KR,Incheon,37.447266,126.729601,online-incheon-01,ONLINE,mobile-primary-sim-cust-003,E-PAY,21,0,0,0,0,0,0,NORMAL_BASELINE
SIM-CUST-016-NORMAL-0026,SIM-CUST-016,Hwang Yuna,103395,2025-12-23T09:40:36,KR,Seoul,37.551585,126.961164,utility-seoul-02,UTILITY,mobile-primary-sim-cust-016,CARD,9,1,0,0,0,0,0,NORMAL_BASELINE
SIM-CUST-001-NORMAL-0026,SIM-CUST-001,Kim Minjun,73853,2025-12-23T09:55:21,KR,Seoul,37.547093,126.971149,cafe-seoul-02,CAFE,mobile-primary-sim-cust-001,CARD,9,1,0,0,0,0,0,NORMAL_BASELINE
SIM-CUST-009-NORMAL-0026,SIM-CUST-009,Jang Jiwon,210205,2025-12-23T10:19:37,KR,Daegu,35.875076,128.61663,transfer-daegu-02,TRANSFER,mobile-primary-sim-cust-009,ACCOUNT,10,1,0,0,0,0,0,NORMAL_BASELINE
SIM-CUST-018-NORMAL-0026,SIM-CUST-018,Song Sumin,88682,2025-12-23T10:46:10,KR,Incheon,37.479764,126.720197,dining-incheon-02,DINING,mobile-primary-sim-cust-018,ACCOUNT,10,1,0,0,0,0,0,NORMAL_BASELINE
SIM-CUST-003-NORMAL-0026,SIM-CUST-003,Park Jiho,88424,2025-12-23T12:01:55,KR,Incheon,37.449827,126.708283,transport-incheon-02,TRANSPORT,mobile-primary-sim-cust-003,E-PAY,12,1,0,0,0,0,0,NORMAL_BASELINE
SIM-CUST-010-NORMAL-0026,SIM-CUST-010,Lim Nari,63863,2025-12-23T12:22:54,KR,Daejeon,36.339574,127.368654,utility-daejeon-02,UTILITY,mobile-primary-sim-cust-010,CARD,12,1,0,0,0,0,0,NORMAL_BASELINE
SIM-CUST-013-NORMAL-0026,SIM-CUST-013,Seo Jiho,147633,2025-12-23T12:31:45,KR,Incheon,37.461116,126.693784,grocery-incheon-02,GROCERY,mobile-primary-sim-cust-013,CARD,12,1,0,0,0,0,0,NORMAL_BASELINE
SIM-CUST-019-NORMAL-0026,SIM-CUST-019,Hong Jiwon,221016,2025-12-23T12:49:27,KR,Daegu,35.868881,128.617189,dining-daegu-02,DINING,mobile-primary-sim-cust-019,CARD,12,1,0,0,0,0,0,NORMAL_BASELINE
SIM-CUST-020-NORMAL-0026,SIM-CUST-020,Moon Nari,67863,2025-12-23T12:52:44,KR,Daejeon,36.351918,127.405314,grocery-daejeon-02,GROCERY,mobile-primary-sim-cust-020,E-PAY,12,1,0,0,0,0,0,NORMAL_BASELINE
SIM-CUST-005-NORMAL-0026,SIM-CUST-005,Jung Doyun,124263,2025-12-23T13:07:29,KR,Daejeon,36.345247,127.405654,grocery-daejeon-02,GROCERY,mobile-primary-sim-cust-005,CARD,13,1,0,0,0,0,0,NORMAL_BASELINE
SIM-CUST-002-NORMAL-0026,SIM-CUST-002,Lee Seoyeon,57501,2025-12-23T13:58:38,KR,Busan,35.200241,129.057756,cafe-busan-02,CAFE,mobile-primary-sim-cust-002,CARD,13,1,0,0,0,0,0,NORMAL_BASELINE
SIM-CUST-006-NORMAL-0026,SIM-CUST-006,Kang Yuna,191285,2025-12-23T14:10:46,KR,Seoul,37.574555,126.973731,cafe-seoul-02,CAFE,mobile-primary-sim-cust-006,ACCOUNT,14,1,0,0,0,0,0,NORMAL_BASELINE
SIM-CUST-012-NORMAL-0026,SIM-CUST-012,Oh Seoyeon,64473,2025-12-23T14:28:28,KR,Busan,35.190179,129.062948,grocery-busan-02,GROCERY,mobile-primary-sim-cust-012,ACCOUNT,14,1,0,0,0,0,0,NORMAL_BASELINE
SIM-CUST-008-NORMAL-0026,SIM-CUST-008,Yoon Sumin,92150,2025-12-23T16:16:20,KR,Incheon,37.447972,126.695341,cafe-incheon-02,CAFE,mobile-primary-sim-cust-008,CARD,16,1,0,0,0,0,0,NORMAL_BASELINE
SIM-CUST-004-NORMAL-0026,SIM-CUST-004,Choi Haein,53343,2025-12-23T19:04:12,KR,Daegu,35.862059,128.588329,cafe-daegu-02,CAFE,mobile-primary-sim-cust-004,CARD,19,1,0,0,0,0,0,NORMAL_BASELINE
SIM-CUST-007-NORMAL-0026,SIM-CUST-007,Cho Hyunwoo,108432,2025-12-23T19:13:03,KR,Busan,35.204215,129.085354,cafe-busan-02,CAFE,mobile-primary-sim-cust-007,E-PAY,19,1,0,0,0,0,0,NORMAL_BASELINE
SIM-CUST-014-NORMAL-0026,SIM-CUST-014,Shin Haein,146339,2025-12-23T19:34:02,KR,Daegu,35.88677,128.604065,utility-daegu-02,UTILITY,mobile-primary-sim-cust-014,E-PAY,19,1,0,0,0,0,0,NORMAL_BASELINE
SIM-CUST-017-NORMAL-0026,SIM-CUST-017,Ahn Hyunwoo,77808,2025-12-23T20:43:53,KR,Busan,35.188838,129.071096,transport-busan-02,TRANSPORT,mobile-primary-sim-cust-017,E-PAY,20,1,0,0,0,0,0,NORMAL_BASELINE
SIM-CUST-011-NORMAL-0026,SIM-CUST-011,Han Minjun,98655,2025-12-23T21:25:11,KR,Seoul,37.571404,127.000294,cafe-seoul-02,CAFE,mobile-primary-sim-cust-011,E-PAY,21,1,0,0,0,0,0,NORMAL_BASELINE
SIM-CUST-015-NORMAL-0026,SIM-CUST-015,Kwon Doyun,138510,2025-12-23T21:37:19,KR,Daejeon,36.338848,127.385164,cafe-daejeon-02,CAFE,mobile-primary-sim-cust-015,ACCOUNT,21,1,0,0,0,0,0,NORMAL_BASELINE
SIM-CUST-004-NORMAL-0027,SIM-CUST-004,Choi Haein,38214,2025-12-24T07:11:46,KR,Daegu,35.871941,128.597312,transport-daegu-03,TRANSPORT,mobile-primary-sim-cust-004,CARD,7,2,0,0,0,0,0,NORMAL_BASELINE
SIM-CUST-020-NORMAL-0027,SIM-CUST-020,Moon Nari,46028,2025-12-24T08:59:18,KR,Daejeon,36.343819,127.387305,dining-daejeon-03,DINING,mobile-primary-sim-cust-020,E-PAY,8,2,0,0,0,0,0,NORMAL_BASELINE
SIM-CUST-008-NORMAL-0027,SIM-CUST-008,Yoon Sumin,65244,2025-12-24T09:23:54,KR,Incheon,37.435833,126.706931,cafe-incheon-03,CAFE,mobile-primary-sim-cust-008,CARD,9,2,0,0,0,0,0,NORMAL_BASELINE
SIM-CUST-012-NORMAL-0027,SIM-CUST-012,Oh Seoyeon,36735,2025-12-24T09:35:02,KR,Busan,35.187622,129.066682,dining-busan-03,DINING,mobile-primary-sim-cust-012,ACCOUNT,9,2,0,0,0,0,0,NORMAL_BASELINE
SIM-CUST-016-NORMAL-0027,SIM-CUST-016,Hwang Yuna,78091,2025-12-24T09:47:10,KR,Seoul,37.580117,126.954365,shopping-seoul-03,SHOPPING,mobile-primary-sim-cust-016,CARD,9,2,0,0,0,0,0,NORMAL_BASELINE
SIM-CUST-007-NORMAL-0027,SIM-CUST-007,Cho Hyunwoo,82309,2025-12-24T10:20:37,KR,Busan,35.18094,129.063373,grocery-busan-03,GROCERY,mobile-primary-sim-cust-007,E-PAY,10,2,0,0,0,0,0,NORMAL_BASELINE
SIM-CUST-013-NORMAL-0027,SIM-CUST-013,Seo Jiho,109296,2025-12-24T11:38:19,KR,Incheon,37.452766,126.708557,cafe-incheon-03,CAFE,mobile-primary-sim-cust-013,CARD,11,2,0,0,0,0,0,NORMAL_BASELINE
SIM-CUST-015-NORMAL-0027,SIM-CUST-015,Kwon Doyun,92696,2025-12-24T11:44:53,KR,Daejeon,36.326972,127.365265,transport-daejeon-03,TRANSPORT,mobile-primary-sim-cust-015,ACCOUNT,11,2,0,0,0,0,0,NORMAL_BASELINE
SIM-CUST-003-NORMAL-0027,SIM-CUST-003,Park Jiho,62908,2025-12-24T12:08:29,KR,Incheon,37.45378,126.687244,online-incheon-03,ONLINE,mobile-primary-sim-cust-003,E-PAY,12,2,0,0,0,0,0,NORMAL_BASELINE
SIM-CUST-002-NORMAL-0027,SIM-CUST-002,Lee Seoyeon,43242,2025-12-24T13:05:12,KR,Busan,35.187942,129.095545,cafe-busan-03,CAFE,mobile-primary-sim-cust-002,CARD,13,2,0,0,0,0,0,NORMAL_BASELINE
SIM-CUST-006-NORMAL-0027,SIM-CUST-006,Kang Yuna,126359,2025-12-24T14:17:20,KR,Seoul,37.565441,126.963535,dining-seoul-03,DINING,mobile-primary-sim-cust-006,ACCOUNT,14,2,0,0,0,0,0,NORMAL_BASELINE
SIM-CUST-009-NORMAL-0027,SIM-CUST-009,Jang Jiwon,142260,2025-12-24T14:26:11,KR,Daegu,35.888609,128.581137,dining-daegu-03,DINING,mobile-primary-sim-cust-009,ACCOUNT,14,2,0,0,0,0,0,NORMAL_BASELINE
SIM-CUST-018-NORMAL-0027,SIM-CUST-018,Song Sumin,52046,2025-12-24T15:53:44,KR,Incheon,37.478806,126.692292,transfer-incheon-03,TRANSFER,mobile-primary-sim-cust-018,ACCOUNT,15,2,0,0,0,0,0,NORMAL_BASELINE
SIM-CUST-010-NORMAL-0027,SIM-CUST-010,Lim Nari,48252,2025-12-24T19:29:28,KR,Daejeon,36.328778,127.361734,utility-daejeon-03,UTILITY,mobile-primary-sim-cust-010,CARD,19,2,0,0,0,0,0,NORMAL_BASELINE
SIM-CUST-014-NORMAL-0027,SIM-CUST-014,Shin Haein,93557,2025-12-24T19:41:36,KR,Daegu,35.895945,128.603138,utility-daegu-03,UTILITY,mobile-primary-sim-cust-014,E-PAY,19,2,0,0,0,0,0,NORMAL_BASELINE
SIM-CUST-019-NORMAL-0027,SIM-CUST-019,Hong Jiwon,142533,2025-12-24T19:56:01,KR,Daegu,35.862139,128.622175,transport-daegu-03,TRANSPORT,mobile-primary-sim-cust-019,CARD,19,2,0,0,0,0,0,NORMAL_BASELINE
SIM-CUST-001-NORMAL-0027,SIM-CUST-001,Kim Minjun,49558,2025-12-24T20:02:55,KR,Seoul,37.553544,126.981368,online-seoul-03,ONLINE,mobile-primary-sim-cust-001,CARD,20,2,0,0,0,0,0,NORMAL_BASELINE
SIM-CUST-017-NORMAL-0027,SIM-CUST-017,Ahn Hyunwoo,65145,2025-12-24T20:50:27,KR,Busan,35.190804,129.066683,medical-busan-03,MEDICAL,mobile-primary-sim-cust-017,E-PAY,20,2,0,0,0,0,0,NORMAL_BASELINE
SIM-CUST-005-NORMAL-0027,SIM-CUST-005,Jung Doyun,86664,2025-12-24T21:14:03,KR,Daejeon,36.355102,127.368379,dining-daejeon-03,DINING,mobile-primary-sim-cust-005,CARD,21,2,0,0,0,0,0,NORMAL_BASELINE
SIM-CUST-011-NORMAL-0027,SIM-CUST-011,Han Minjun,58459,2025-12-24T21:32:45,KR,Seoul,37.557377,126.992349,online-seoul-03,ONLINE,mobile-primary-sim-cust-011,E-PAY,21,2,0,0,0,0,0,NORMAL_BASELINE
SIM-CUST-004-NORMAL-0028,SIM-CUST-004,Choi Haein,37164,2025-12-25T08:18:20,KR,Daegu,35.870734,128.603269,cafe-daegu-04,CAFE,mobile-primary-sim-cust-004,CARD,8,3,0,0,0,0,0,NORMAL_BASELINE
SIM-CUST-001-NORMAL-0028,SIM-CUST-001,Kim Minjun,54492,2025-12-25T09:09:29,KR,Seoul,37.544961,126.99103,grocery-seoul-04,GROCERY,mobile-primary-sim-cust-001,CARD,9,3,0,0,0,0,0,NORMAL_BASELINE
SIM-CUST-003-NORMAL-0028,SIM-CUST-003,Park Jiho,69545,2025-12-25T10:15:03,KR,Incheon,37.462069,126.692614,online-incheon-04,ONLINE,mobile-primary-sim-cust-003,E-PAY,10,3,0,0,0,0,0,NORMAL_BASELINE
SIM-CUST-006-NORMAL-0028,SIM-CUST-006,Kang Yuna,128668,2025-12-25T10:24:54,KR,Seoul,37.553684,126.959394,cafe-seoul-04,CAFE,mobile-primary-sim-cust-006,ACCOUNT,10,3,0,0,0,0,0,NORMAL_BASELINE
SIM-CUST-007-NORMAL-0028,SIM-CUST-007,Cho Hyunwoo,83096,2025-12-25T10:27:11,KR,Busan,35.185498,129.053254,shopping-busan-04,SHOPPING,mobile-primary-sim-cust-007,E-PAY,10,3,0,0,0,0,0,NORMAL_BASELINE
SIM-CUST-009-NORMAL-0028,SIM-CUST-009,Jang Jiwon,165512,2025-12-25T10:33:45,KR,Daegu,35.872953,128.597755,transfer-daegu-04,TRANSFER,mobile-primary-sim-cust-009,ACCOUNT,10,3,0,0,0,0,0,NORMAL_BASELINE
SIM-CUST-008-NORMAL-0028,SIM-CUST-008,Yoon Sumin,60401,2025-12-25T11:30:28,KR,Incheon,37.469625,126.71259,medical-incheon-04,MEDICAL,mobile-primary-sim-cust-008,CARD,11,3,0,0,0,0,0,NORMAL_BASELINE
SIM-CUST-011-NORMAL-0028,SIM-CUST-011,Han Minjun,73680,2025-12-25T11:39:19,KR,Seoul,37.573902,126.967423,grocery-seoul-04,GROCERY,mobile-primary-sim-cust-011,E-PAY,11,3,0,0,0,0,0,NORMAL_BASELINE
SIM-CUST-013-NORMAL-0028,SIM-CUST-013,Seo Jiho,118690,2025-12-25T11:45:53,KR,Incheon,37.45377,126.724672,utility-incheon-04,UTILITY,mobile-primary-sim-cust-013,CARD,11,3,0,0,0,0,0,NORMAL_BASELINE
SIM-CUST-017-NORMAL-0028,SIM-CUST-017,Ahn Hyunwoo,58156,2025-12-25T11:57:01,KR,Busan,35.166283,129.069661,medical-busan-04,MEDICAL,mobile-primary-sim-cust-017,E-PAY,11,3,0,0,0,0,0,NORMAL_BASELINE
SIM-CUST-002-NORMAL-0028,SIM-CUST-002,Lee Seoyeon,47099,2025-12-25T13:12:46,KR,Busan,35.162499,129.072686,utility-busan-04,UTILITY,mobile-primary-sim-cust-002,CARD,13,3,0,0,0,0,0,NORMAL_BASELINE
SIM-CUST-014-NORMAL-0028,SIM-CUST-014,Shin Haein,103623,2025-12-25T13:48:10,KR,Daegu,35.872346,128.584527,cafe-daegu-04,CAFE,mobile-primary-sim-cust-014,E-PAY,13,3,0,0,0,0,0,NORMAL_BASELINE
SIM-CUST-012-NORMAL-0028,SIM-CUST-012,Oh Seoyeon,47250,2025-12-25T14:42:36,KR,Busan,35.159638,129.059842,grocery-busan-04,GROCERY,mobile-primary-sim-cust-012,ACCOUNT,14,3,0,0,0,0,0,NORMAL_BASELINE
SIM-CUST-018-NORMAL-0028,SIM-CUST-018,Song Sumin,55829,2025-12-25T15:00:18,KR,Incheon,37.463212,126.727778,transfer-incheon-04,TRANSFER,mobile-primary-sim-cust-018,ACCOUNT,15,3,0,0,0,0,0,NORMAL_BASELINE
SIM-CUST-019-NORMAL-0028,SIM-CUST-019,Hong Jiwon,139168,2025-12-25T18:03:35,KR,Daegu,35.889859,128.584609,online-daegu-04,ONLINE,mobile-primary-sim-cust-019,CARD,18,3,0,0,0,0,0,NORMAL_BASELINE
SIM-CUST-020-NORMAL-0028,SIM-CUST-020,Moon Nari,48724,2025-12-25T18:06:52,KR,Daejeon,36.339172,127.395775,grocery-daejeon-04,GROCERY,mobile-primary-sim-cust-020,E-PAY,18,3,0,0,0,0,0,NORMAL_BASELINE
SIM-CUST-016-NORMAL-0028,SIM-CUST-016,Hwang Yuna,81355,2025-12-25T18:54:44,KR,Seoul,37.542771,126.996377,shopping-seoul-04,SHOPPING,mobile-primary-sim-cust-016,CARD,18,3,0,0,0,0,0,NORMAL_BASELINE
SIM-CUST-005-NORMAL-0028,SIM-CUST-005,Jung Doyun,89251,2025-12-25T19:21:37,KR,Daejeon,36.333576,127.404225,cafe-daejeon-04,CAFE,mobile-primary-sim-cust-005,CARD,19,3,0,0,0,0,0,NORMAL_BASELINE
SIM-CUST-010-NORMAL-0028,SIM-CUST-010,Lim Nari,50180,2025-12-25T19:36:02,KR,Daejeon,36.370414,127.398567,cafe-daejeon-04,CAFE,mobile-primary-sim-cust-010,CARD,19,3,0,0,0,0,0,NORMAL_BASELINE
SIM-CUST-015-NORMAL-0028,SIM-CUST-015,Kwon Doyun,96163,2025-12-25T22:51:27,KR,Daejeon,36.348762,127.37565,cafe-daejeon-04,CAFE,mobile-primary-sim-cust-015,ACCOUNT,22,3,0,0,0,0,0,NORMAL_BASELINE
SIM-CUST-016-NORMAL-0029,SIM-CUST-016,Hwang Yuna,63362,2025-12-26T08:01:18,KR,Seoul,37.561459,126.963282,grocery-seoul-05,GROCERY,mobile-primary-sim-cust-016,CARD,8,4,0,0,0,0,0,NORMAL_BASELINE
SIM-CUST-004-NORMAL-0029,SIM-CUST-004,Choi Haein,32919,2025-12-26T08:25:54,KR,Daegu,35.853415,128.592129,cafe-daegu-05,CAFE,mobile-primary-sim-cust-004,CARD,8,4,0,0,0,0,0,NORMAL_BASELINE
SIM-CUST-020-NORMAL-0029,SIM-CUST-020,Moon Nari,42492,2025-12-26T09:13:26,KR,Daejeon,36.328477,127.393913,grocery-daejeon-05,GROCERY,mobile-primary-sim-cust-020,E-PAY,9,4,0,0,0,0,0,NORMAL_BASELINE
SIM-CUST-018-NORMAL-0029,SIM-CUST-018,Song Sumin,46484,2025-12-26T10:07:52,KR,Incheon,37.437354,126.689486,transfer-incheon-05,TRANSFER,mobile-primary-sim-cust-018,ACCOUNT,10,4,0,0,0,0,0,NORMAL_BASELINE
SIM-CUST-007-NORMAL-0029,SIM-CUST-007,Cho Hyunwoo,70391,2025-12-26T10:34:45,KR,Busan,35.187749,129.096243,shopping-busan-05,SHOPPING,mobile-primary-sim-cust-007,E-PAY,10,4,0,0,0,0,0,NORMAL_BASELINE
SIM-CUST-008-NORMAL-0029,SIM-CUST-008,Yoon Sumin,59013,2025-12-26T10:37:02,KR,Incheon,37.464337,126.695144,cafe-incheon-05,CAFE,mobile-primary-sim-cust-008,CARD,10,4,0,0,0,0,0,NORMAL_BASELINE
SIM-CUST-009-NORMAL-0029,SIM-CUST-009,Jang Jiwon,147145,2025-12-26T10:40:19,KR,Daegu,35.861492,128.616606,online-daegu-05,ONLINE,mobile-primary-sim-cust-009,ACCOUNT,10,4,0,0,0,0,0,NORMAL_BASELINE
SIM-CUST-019-NORMAL-0029,SIM-CUST-019,Hong Jiwon,130675,2025-12-26T11:10:09,KR,Daegu,35.895818,128.583808,grocery-daegu-05,GROCERY,mobile-primary-sim-cust-019,CARD,11,4,0,0,0,0,0,NORMAL_BASELINE
SIM-CUST-003-NORMAL-0029,SIM-CUST-003,Park Jiho,68693,2025-12-26T11:22:37,KR,Incheon,37.467356,126.689692,online-incheon-05,ONLINE,mobile-primary-sim-cust-003,E-PAY,11,4,0,0,0,0,0,NORMAL_BASELINE
SIM-CUST-011-NORMAL-0029,SIM-CUST-011,Han Minjun,60912,2025-12-26T11:46:53,KR,Seoul,37.558636,126.963291,cafe-seoul-05,CAFE,mobile-primary-sim-cust-011,E-PAY,11,4,0,0,0,0,0,NORMAL_BASELINE
SIM-CUST-002-NORMAL-0029,SIM-CUST-002,Lee Seoyeon,37553,2025-12-26T12:19:20,KR,Busan,35.202701,129.085116,transport-busan-05,TRANSPORT,mobile-primary-sim-cust-002,CARD,12,4,0,0,0,0,0,NORMAL_BASELINE
SIM-CUST-014-NORMAL-0029,SIM-CUST-014,Shin Haein,99220,2025-12-26T13:55:44,KR,Daegu,35.858311,128.621786,grocery-daegu-05,GROCERY,mobile-primary-sim-cust-014,E-PAY,13,4,0,0,0,0,0,NORMAL_BASELINE
SIM-CUST-012-NORMAL-0029,SIM-CUST-012,Oh Seoyeon,35852,2025-12-26T15:49:10,KR,Busan,35.159444,129.051283,grocery-busan-05,GROCERY,mobile-primary-sim-cust-012,ACCOUNT,15,4,0,0,0,0,0,NORMAL_BASELINE
SIM-CUST-006-NORMAL-0029,SIM-CUST-006,Kang Yuna,118072,2025-12-26T16:31:28,KR,Seoul,37.54346,126.981613,transfer-seoul-05,TRANSFER,mobile-primary-sim-cust-006,ACCOUNT,16,4,0,0,0,0,0,NORMAL_BASELINE
SIM-CUST-013-NORMAL-0029,SIM-CUST-013,Seo Jiho,94204,2025-12-26T18:52:27,KR,Incheon,37.461494,126.724063,online-incheon-05,ONLINE,mobile-primary-sim-cust-013,CARD,18,4,0,0,0,0,0,NORMAL_BASELINE
SIM-CUST-010-NORMAL-0029,SIM-CUST-010,Lim Nari,46464,2025-12-26T19:43:36,KR,Daejeon,36.33204,127.366426,online-daejeon-05,ONLINE,mobile-primary-sim-cust-010,CARD,19,4,0,0,0,0,0,NORMAL_BASELINE
SIM-CUST-017-NORMAL-0029,SIM-CUST-017,Ahn Hyunwoo,54435,2025-12-26T20:04:35,KR,Busan,35.182948,129.09345,medical-busan-05,MEDICAL,mobile-primary-sim-cust-017,E-PAY,20,4,0,0,0,0,0,NORMAL_BASELINE
SIM-CUST-001-NORMAL-0029,SIM-CUST-001,Kim Minjun,49457,2025-12-26T20:16:03,KR,Seoul,37.588842,126.961256,grocery-seoul-05,GROCERY,mobile-primary-sim-cust-001,CARD,20,4,0,0,0,0,0,NORMAL_BASELINE
SIM-CUST-005-NORMAL-0029,SIM-CUST-005,Jung Doyun,72890,2025-12-26T21:28:11,KR,Daejeon,36.326773,127.361983,online-daejeon-05,ONLINE,mobile-primary-sim-cust-005,CARD,21,4,0,0,0,0,0,NORMAL_BASELINE
SIM-CUST-015-NORMAL-0029,SIM-CUST-015,Kwon Doyun,86085,2025-12-26T21:58:01,KR,Daejeon,36.327092,127.394564,grocery-daejeon-05,GROCERY,mobile-primary-sim-cust-015,ACCOUNT,21,4,0,0,0,0,0,NORMAL_BASELINE
SIM-CUST-020-NORMAL-0030,SIM-CUST-020,Moon Nari,42404,2025-12-27T08:20:00,KR,Daejeon,36.375056,127.374069,cafe-daejeon-06,CAFE,mobile-primary-sim-cust-020,E-PAY,8,5,0,0,0,0,0,NORMAL_BASELINE
SIM-CUST-018-NORMAL-0030,SIM-CUST-018,Song Sumin,53822,2025-12-27T09:14:26,KR,Incheon,37.437248,126.727444,transfer-incheon-06,TRANSFER,mobile-primary-sim-cust-018,ACCOUNT,9,5,0,0,0,0,0,NORMAL_BASELINE
SIM-CUST-006-NORMAL-0030,SIM-CUST-006,Kang Yuna,131227,2025-12-27T09:38:02,KR,Seoul,37.567332,126.973273,transfer-seoul-06,TRANSFER,mobile-primary-sim-cust-006,ACCOUNT,9,5,0,0,0,0,0,NORMAL_BASELINE
SIM-CUST-019-NORMAL-0030,SIM-CUST-019,Hong Jiwon,139889,2025-12-27T10:17:43,KR,Daegu,35.894253,128.621765,grocery-daegu-06,GROCERY,mobile-primary-sim-cust-019,CARD,10,5,0,0,0,0,0,NORMAL_BASELINE
SIM-CUST-003-NORMAL-0030,SIM-CUST-003,Park Jiho,65158,2025-12-27T11:29:11,KR,Incheon,37.456238,126.695627,grocery-incheon-06,GROCERY,mobile-primary-sim-cust-003,E-PAY,11,5,0,0,0,0,0,NORMAL_BASELINE
SIM-CUST-011-NORMAL-0030,SIM-CUST-011,Han Minjun,62494,2025-12-27T11:53:27,KR,Seoul,37.553917,126.987367,utility-seoul-06,UTILITY,mobile-primary-sim-cust-011,E-PAY,11,5,0,0,0,0,0,NORMAL_BASELINE
SIM-CUST-014-NORMAL-0030,SIM-CUST-014,Shin Haein,102453,2025-12-27T12:02:18,KR,Daegu,35.850677,128.588897,online-daegu-06,ONLINE,mobile-primary-sim-cust-014,E-PAY,12,5,0,0,0,0,0,NORMAL_BASELINE
SIM-CUST-002-NORMAL-0030,SIM-CUST-002,Lee Seoyeon,38155,2025-12-27T13:26:54,KR,Busan,35.173835,129.07476,online-busan-06,ONLINE,mobile-primary-sim-cust-002,CARD,13,5,0,0,0,0,0,NORMAL_BASELINE
SIM-CUST-009-NORMAL-0030,SIM-CUST-009,Jang Jiwon,141509,2025-12-27T13:47:53,KR,Daegu,35.867116,128.588963,cafe-daegu-06,CAFE,mobile-primary-sim-cust-009,ACCOUNT,13,5,0,0,0,0,0,NORMAL_BASELINE
SIM-CUST-008-NORMAL-0030,SIM-CUST-008,Yoon Sumin,57086,2025-12-27T15:44:36,KR,Incheon,37.449263,126.684443,utility-incheon-06,UTILITY,mobile-primary-sim-cust-008,CARD,15,5,0,0,0,0,0,NORMAL_BASELINE
SIM-CUST-012-NORMAL-0030,SIM-CUST-012,Oh Seoyeon,35745,2025-12-27T16:56:44,KR,Busan,35.172628,129.091102,dining-busan-06,DINING,mobile-primary-sim-cust-012,ACCOUNT,16,5,0,0,0,0,0,NORMAL_BASELINE
SIM-CUST-016-NORMAL-0030,SIM-CUST-016,Hwang Yuna,60939,2025-12-27T18:08:52,KR,Seoul,37.589962,126.978335,cafe-seoul-06,CAFE,mobile-primary-sim-cust-016,CARD,18,5,0,0,0,0,0,NORMAL_BASELINE
SIM-CUST-001-NORMAL-0030,SIM-CUST-001,Kim Minjun,48757,2025-12-27T18:23:37,KR,Seoul,37.55209,126.979965,online-seoul-06,ONLINE,mobile-primary-sim-cust-001,CARD,18,5,0,0,0,0,0,NORMAL_BASELINE
SIM-CUST-004-NORMAL-0030,SIM-CUST-004,Choi Haein,37333,2025-12-27T18:32:28,KR,Daegu,35.893992,128.60063,cafe-daegu-06,CAFE,mobile-primary-sim-cust-004,CARD,18,5,0,0,0,0,0,NORMAL_BASELINE
SIM-CUST-013-NORMAL-0030,SIM-CUST-013,Seo Jiho,89175,2025-12-27T18:59:01,KR,Incheon,37.440295,126.696334,grocery-incheon-06,GROCERY,mobile-primary-sim-cust-013,CARD,18,5,0,0,0,0,0,NORMAL_BASELINE
SIM-CUST-007-NORMAL-0030,SIM-CUST-007,Cho Hyunwoo,62666,2025-12-27T19:41:19,KR,Busan,35.197971,129.083071,online-busan-06,ONLINE,mobile-primary-sim-cust-007,E-PAY,19,5,0,0,0,0,0,NORMAL_BASELINE
SIM-CUST-010-NORMAL-0030,SIM-CUST-010,Lim Nari,46646,2025-12-27T19:50:10,KR,Daejeon,36.332849,127.395893,dining-daejeon-06,DINING,mobile-primary-sim-cust-010,CARD,19,5,0,0,0,0,0,NORMAL_BASELINE
SIM-CUST-005-NORMAL-0030,SIM-CUST-005,Jung Doyun,78382,2025-12-27T20:35:45,KR,Daejeon,36.336468,127.370756,dining-daejeon-06,DINING,mobile-primary-sim-cust-005,CARD,20,5,0,0,0,0,0,NORMAL_BASELINE
SIM-CUST-017-NORMAL-0030,SIM-CUST-017,Ahn Hyunwoo,58873,2025-12-27T21:11:09,KR,Busan,35.15559,129.0918,medical-busan-06,MEDICAL,mobile-primary-sim-cust-017,E-PAY,21,5,0,0,0,0,0,NORMAL_BASELINE
SIM-CUST-015-NORMAL-0030,SIM-CUST-015,Kwon Doyun,96140,2025-12-27T22:05:35,KR,Daejeon,36.333338,127.383275,grocery-daejeon-06,GROCERY,mobile-primary-sim-cust-015,ACCOUNT,22,5,0,0,0,0,0,NORMAL_BASELINE
SIM-CUST-004-NORMAL-0031,SIM-CUST-004,Choi Haein,39709,2025-12-28T08:39:02,KR,Daegu,35.871672,128.601148,online-daegu-07,ONLINE,mobile-primary-sim-cust-004,CARD,8,6,0,0,0,0,0,NORMAL_BASELINE
SIM-CUST-020-NORMAL-0031,SIM-CUST-020,Moon Nari,39835,2025-12-28T09:27:34,KR,Daejeon,36.363652,127.377253,utility-daejeon-07,UTILITY,mobile-primary-sim-cust-020,E-PAY,9,6,0,0,0,0,0,NORMAL_BASELINE
SIM-CUST-002-NORMAL-0031,SIM-CUST-002,Lee Seoyeon,41344,2025-12-28T09:33:28,KR,Busan,35.169394,129.085564,grocery-busan-07,GROCERY,mobile-primary-sim-cust-002,CARD,9,6,0,0,0,0,0,NORMAL_BASELINE
SIM-CUST-003-NORMAL-0031,SIM-CUST-003,Park Jiho,65927,2025-12-28T10:36:45,KR,Incheon,37.454162,126.692236,online-incheon-07,ONLINE,mobile-primary-sim-cust-003,E-PAY,10,6,0,0,0,0,0,NORMAL_BASELINE
SIM-CUST-007-NORMAL-0031,SIM-CUST-007,Cho Hyunwoo,73741,2025-12-28T11:48:53,KR,Busan,35.190084,129.095794,transport-busan-07,TRANSPORT,mobile-primary-sim-cust-007,E-PAY,11,6,0,0,0,0,0,NORMAL_BASELINE
SIM-CUST-015-NORMAL-0031,SIM-CUST-015,Kwon Doyun,82887,2025-12-28T12:12:09,KR,Daejeon,36.371057,127.374814,cafe-daejeon-07,CAFE,mobile-primary-sim-cust-015,ACCOUNT,12,6,0,0,0,0,0,NORMAL_BASELINE
SIM-CUST-005-NORMAL-0031,SIM-CUST-005,Jung Doyun,85653,2025-12-28T12:42:19,KR,Daejeon,36.326403,127.398515,dining-daejeon-07,DINING,mobile-primary-sim-cust-005,CARD,12,6,0,0,0,0,0,NORMAL_BASELINE
SIM-CUST-010-NORMAL-0031,SIM-CUST-010,Lim Nari,48551,2025-12-28T12:57:44,KR,Daejeon,36.345881,127.371141,online-daejeon-07,ONLINE,mobile-primary-sim-cust-010,CARD,12,6,0,0,0,0,0,NORMAL_BASELINE
SIM-CUST-009-NORMAL-0031,SIM-CUST-009,Jang Jiwon,163703,2025-12-28T14:54:27,KR,Daegu,35.85543,128.57733,grocery-daegu-07,GROCERY,mobile-primary-sim-cust-009,ACCOUNT,14,6,0,0,0,0,0,NORMAL_BASELINE
SIM-CUST-018-NORMAL-0031,SIM-CUST-018,Song Sumin,57988,2025-12-28T15:21:00,KR,Incheon,37.448458,126.698946,transfer-incheon-07,TRANSFER,mobile-primary-sim-cust-018,ACCOUNT,15,6,0,0,0,0,0,NORMAL_BASELINE
SIM-CUST-008-NORMAL-0031,SIM-CUST-008,Yoon Sumin,52794,2025-12-28T15:51:10,KR,Incheon,37.440955,126.716187,dining-incheon-07,DINING,mobile-primary-sim-cust-008,CARD,15,6,0,0,0,0,0,NORMAL_BASELINE
SIM-CUST-012-NORMAL-0031,SIM-CUST-012,Oh Seoyeon,39543,2025-12-28T16:03:18,KR,Busan,35.187112,129.061102,grocery-busan-07,GROCERY,mobile-primary-sim-cust-012,ACCOUNT,16,6,0,0,0,0,0,NORMAL_BASELINE
SIM-CUST-006-NORMAL-0031,SIM-CUST-006,Kang Yuna,135384,2025-12-28T16:45:36,KR,Seoul,37.577899,126.994065,cafe-seoul-07,CAFE,mobile-primary-sim-cust-006,ACCOUNT,16,6,0,0,0,0,0,NORMAL_BASELINE
SIM-CUST-014-NORMAL-0031,SIM-CUST-014,Shin Haein,98080,2025-12-28T18:09:52,KR,Daegu,35.84833,128.590113,utility-daegu-07,UTILITY,mobile-primary-sim-cust-014,E-PAY,18,6,0,0,0,0,0,NORMAL_BASELINE
SIM-CUST-016-NORMAL-0031,SIM-CUST-016,Hwang Yuna,63419,2025-12-28T19:15:26,KR,Seoul,37.57933,126.959018,dining-seoul-07,DINING,mobile-primary-sim-cust-016,CARD,19,6,0,0,0,0,0,NORMAL_BASELINE
SIM-CUST-017-NORMAL-0031,SIM-CUST-017,Ahn Hyunwoo,62731,2025-12-28T19:18:43,KR,Busan,35.168723,129.081402,utility-busan-07,UTILITY,mobile-primary-sim-cust-017,E-PAY,19,6,0,0,0,0,0,NORMAL_BASELINE
SIM-CUST-019-NORMAL-0031,SIM-CUST-019,Hong Jiwon,126769,2025-12-28T19:24:17,KR,Daegu,35.846861,128.594436,grocery-daegu-07,GROCERY,mobile-primary-sim-cust-019,CARD,19,6,0,0,0,0,0,NORMAL_BASELINE
SIM-CUST-001-NORMAL-0031,SIM-CUST-001,Kim Minjun,54305,2025-12-28T19:30:11,KR,Seoul,37.56145,126.986584,dining-seoul-07,DINING,mobile-primary-sim-cust-001,CARD,19,6,0,0,0,0,0,NORMAL_BASELINE
SIM-CUST-013-NORMAL-0031,SIM-CUST-013,Seo Jiho,98165,2025-12-28T20:06:35,KR,Incheon,37.442059,126.698783,online-incheon-07,ONLINE,mobile-primary-sim-cust-013,CARD,20,6,0,0,0,0,0,NORMAL_BASELINE
SIM-CUST-011-NORMAL-0031,SIM-CUST-011,Han Minjun,68148,2025-12-28T21:00:01,KR,Seoul,37.567574,126.962177,cafe-seoul-07,CAFE,mobile-primary-sim-cust-011,E-PAY,21,6,0,0,0,0,0,NORMAL_BASELINE
SIM-CUST-002-NORMAL-0032,SIM-CUST-002,Lee Seoyeon,46155,2025-12-29T08:40:02,KR,Busan,35.168324,129.078896,transport-busan-08,TRANSPORT,mobile-primary-sim-cust-002,CARD,8,0,0,0,0,0,0,NORMAL_BASELINE
SIM-CUST-006-NORMAL-0032,SIM-CUST-006,Kang Yuna,132598,2025-12-29T09:52:10,KR,Seoul,37.565071,126.977083,transfer-seoul-08,TRANSFER,mobile-primary-sim-cust-006,ACCOUNT,9,0,0,0,0,0,0,NORMAL_BASELINE
SIM-CUST-013-NORMAL-0032,SIM-CUST-013,Seo Jiho,99002,2025-12-29T10:13:09,KR,Incheon,37.447229,126.680745,dining-incheon-08,DINING,mobile-primary-sim-cust-013,CARD,10,0,0,0,0,0,0,NORMAL_BASELINE
SIM-CUST-019-NORMAL-0032,SIM-CUST-019,Hong Jiwon,143562,2025-12-29T11:31:51,KR,Daegu,35.846537,128.60054,online-daegu-08,ONLINE,mobile-primary-sim-cust-019,CARD,11,0,0,0,0,0,0,NORMAL_BASELINE
SIM-CUST-001-NORMAL-0032,SIM-CUST-001,Kim Minjun,54034,2025-12-29T11:37:45,KR,Seoul,37.54755,126.964235,grocery-seoul-08,GROCERY,mobile-primary-sim-cust-001,CARD,11,0,0,0,0,0,0,NORMAL_BASELINE
SIM-CUST-014-NORMAL-0032,SIM-CUST-014,Shin Haein,107051,2025-12-29T12:16:26,KR,Daegu,35.886913,128.6068,cafe-daegu-08,CAFE,mobile-primary-sim-cust-014,E-PAY,12,0,0,0,0,0,0,NORMAL_BASELINE
SIM-CUST-018-NORMAL-0032,SIM-CUST-018,Song Sumin,60231,2025-12-29T14:28:34,KR,Incheon,37.455222,126.71094,grocery-incheon-08,GROCERY,mobile-primary-sim-cust-018,ACCOUNT,14,0,0,0,0,0,0,NORMAL_BASELINE
SIM-CUST-009-NORMAL-0032,SIM-CUST-009,Jang Jiwon,148570,2025-12-29T15:01:01,KR,Daegu,35.87136,128.60944,grocery-daegu-08,GROCERY,mobile-primary-sim-cust-009,ACCOUNT,15,0,0,0,0,0,0,NORMAL_BASELINE
SIM-CUST-012-NORMAL-0032,SIM-CUST-012,Oh Seoyeon,38499,2025-12-29T15:10:52,KR,Busan,35.186078,129.080692,dining-busan-08,DINING,mobile-primary-sim-cust-012,ACCOUNT,15,0,0,0,0,0,0,NORMAL_BASELINE
SIM-CUST-008-NORMAL-0032,SIM-CUST-008,Yoon Sumin,58450,2025-12-29T16:58:44,KR,Incheon,37.470937,126.71237,medical-incheon-08,MEDICAL,mobile-primary-sim-cust-008,CARD,16,0,0,0,0,0,0,NORMAL_BASELINE
SIM-CUST-016-NORMAL-0032,SIM-CUST-016,Hwang Yuna,70025,2025-12-29T18:22:00,KR,Seoul,37.591268,126.973756,dining-seoul-08,DINING,mobile-primary-sim-cust-016,CARD,18,0,0,0,0,0,0,NORMAL_BASELINE
SIM-CUST-020-NORMAL-0032,SIM-CUST-020,Moon Nari,42562,2025-12-29T18:34:08,KR,Daejeon,36.360844,127.379236,cafe-daejeon-08,CAFE,mobile-primary-sim-cust-020,E-PAY,18,0,0,0,0,0,0,NORMAL_BASELINE
SIM-CUST-004-NORMAL-0032,SIM-CUST-004,Choi Haein,40234,2025-12-29T18:46:36,KR,Daegu,35.870835,128.580534,grocery-daegu-08,GROCERY,mobile-primary-sim-cust-004,CARD,18,0,0,0,0,0,0,NORMAL_BASELINE
SIM-CUST-010-NORMAL-0032,SIM-CUST-010,Lim Nari,43440,2025-12-29T19:04:18,KR,Daejeon,36.358922,127.381655,utility-daejeon-08,UTILITY,mobile-primary-sim-cust-010,CARD,19,0,0,0,0,0,0,NORMAL_BASELINE
SIM-CUST-017-NORMAL-0032,SIM-CUST-017,Ahn Hyunwoo,59229,2025-12-29T19:25:17,KR,Busan,35.179128,129.063102,utility-busan-08,UTILITY,mobile-primary-sim-cust-017,E-PAY,19,0,0,0,0,0,0,NORMAL_BASELINE
SIM-CUST-015-NORMAL-0032,SIM-CUST-015,Kwon Doyun,100852,2025-12-29T20:19:43,KR,Daejeon,36.34735,127.390331,cafe-daejeon-08,CAFE,mobile-primary-sim-cust-015,ACCOUNT,20,0,0,0,0,0,0,NORMAL_BASELINE
SIM-CUST-007-NORMAL-0032,SIM-CUST-007,Cho Hyunwoo,77147,2025-12-29T20:55:27,KR,Busan,35.163921,129.075633,online-busan-08,ONLINE,mobile-primary-sim-cust-007,E-PAY,20,0,0,0,0,0,0,NORMAL_BASELINE
SIM-CUST-011-NORMAL-0032,SIM-CUST-011,Han Minjun,70869,2025-12-29T21:07:35,KR,Seoul,37.544999,126.962623,cafe-seoul-08,CAFE,mobile-primary-sim-cust-011,E-PAY,21,0,0,0,0,0,0,NORMAL_BASELINE
SIM-CUST-003-NORMAL-0032,SIM-CUST-003,Park Jiho,62928,2025-12-29T21:43:19,KR,Incheon,37.456045,126.724317,grocery-incheon-08,GROCERY,mobile-primary-sim-cust-003,E-PAY,21,0,0,0,0,0,0,NORMAL_BASELINE
SIM-CUST-005-NORMAL-0032,SIM-CUST-005,Jung Doyun,99884,2025-12-29T21:49:53,KR,Daejeon,36.357769,127.389557,dining-daejeon-08,DINING,mobile-primary-sim-cust-005,CARD,21,0,0,0,0,0,0,NORMAL_BASELINE
SIM-CUST-004-NORMAL-0033,SIM-CUST-004,Choi Haein,36164,2025-12-30T07:53:10,KR,Daegu,35.848035,128.587642,online-daegu-09,ONLINE,mobile-primary-sim-cust-004,CARD,7,1,0,0,0,0,0,NORMAL_BASELINE
SIM-CUST-014-NORMAL-0033,SIM-CUST-014,Shin Haein,108247,2025-12-30T08:23:00,KR,Daegu,35.8882,128.61878,utility-daegu-09,UTILITY,mobile-primary-sim-cust-014,E-PAY,8,1,0,0,0,0,0,NORMAL_BASELINE
SIM-CUST-016-NORMAL-0033,SIM-CUST-016,Hwang Yuna,80578,2025-12-30T08:29:34,KR,Seoul,37.559493,126.965764,transport-seoul-09,TRANSPORT,mobile-primary-sim-cust-016,CARD,8,1,0,0,0,0,0,NORMAL_BASELINE
SIM-CUST-012-NORMAL-0033,SIM-CUST-012,Oh Seoyeon,48362,2025-12-30T09:17:26,KR,Busan,35.187318,129.060122,cafe-busan-09,CAFE,mobile-primary-sim-cust-012,ACCOUNT,9,1,0,0,0,0,0,NORMAL_BASELINE
SIM-CUST-018-NORMAL-0033,SIM-CUST-018,Song Sumin,68169,2025-12-30T09:35:08,KR,Incheon,37.4563,126.697775,dining-incheon-09,DINING,mobile-primary-sim-cust-018,ACCOUNT,9,1,0,0,0,0,0,NORMAL_BASELINE
SIM-CUST-020-NORMAL-0033,SIM-CUST-020,Moon Nari,49565,2025-12-30T09:41:42,KR,Daejeon,36.329903,127.395065,online-daejeon-09,ONLINE,mobile-primary-sim-cust-020,E-PAY,9,1,0,0,0,0,0,NORMAL_BASELINE
SIM-CUST-006-NORMAL-0033,SIM-CUST-006,Kang Yuna,137597,2025-12-30T10:59:44,KR,Seoul,37.581231,126.994023,online-seoul-09,ONLINE,mobile-primary-sim-cust-006,ACCOUNT,10,1,0,0,0,0,0,NORMAL_BASELINE
SIM-CUST-013-NORMAL-0033,SIM-CUST-013,Seo Jiho,114695,2025-12-30T11:20:43,KR,Incheon,37.447378,126.691832,online-incheon-09,ONLINE,mobile-primary-sim-cust-013,CARD,11,1,0,0,0,0,0,NORMAL_BASELINE
SIM-CUST-001-NORMAL-0033,SIM-CUST-001,Kim Minjun,56623,2025-12-30T11:44:19,KR,Seoul,37.570922,126.95336,grocery-seoul-09,GROCERY,mobile-primary-sim-cust-001,CARD,11,1,0,0,0,0,0,NORMAL_BASELINE
SIM-CUST-005-NORMAL-0033,SIM-CUST-005,Jung Doyun,97036,2025-12-30T11:56:27,KR,Daejeon,36.37255,127.395137,dining-daejeon-09,DINING,mobile-primary-sim-cust-005,CARD,11,1,0,0,0,0,0,NORMAL_BASELINE
SIM-CUST-008-NORMAL-0033,SIM-CUST-008,Yoon Sumin,67270,2025-12-30T15:05:18,KR,Incheon,37.453765,126.729992,cafe-incheon-09,CAFE,mobile-primary-sim-cust-008,CARD,15,1,0,0,0,0,0,NORMAL_BASELINE
SIM-CUST-009-NORMAL-0033,SIM-CUST-009,Jang Jiwon,157566,2025-12-30T15:08:35,KR,Daegu,35.878296,128.616847,utility-daegu-09,UTILITY,mobile-primary-sim-cust-009,ACCOUNT,15,1,0,0,0,0,0,NORMAL_BASELINE
SIM-CUST-010-NORMAL-0033,SIM-CUST-010,Lim Nari,54889,2025-12-30T18:11:52,KR,Daejeon,36.36076,127.3881,cafe-daejeon-09,CAFE,mobile-primary-sim-cust-010,CARD,18,1,0,0,0,0,0,NORMAL_BASELINE
SIM-CUST-002-NORMAL-0033,SIM-CUST-002,Lee Seoyeon,51389,2025-12-30T19:47:36,KR,Busan,35.200131,129.087859,dining-busan-09,DINING,mobile-primary-sim-cust-002,CARD,19,1,0,0,0,0,0,NORMAL_BASELINE
SIM-CUST-007-NORMAL-0033,SIM-CUST-007,Cho Hyunwoo,83548,2025-12-30T20:02:01,KR,Busan,35.156588,129.096714,cafe-busan-09,CAFE,mobile-primary-sim-cust-007,E-PAY,20,1,0,0,0,0,0,NORMAL_BASELINE
SIM-CUST-019-NORMAL-0033,SIM-CUST-019,Hong Jiwon,142971,2025-12-30T20:38:25,KR,Daegu,35.85379,128.610418,transport-daegu-09,TRANSPORT,mobile-primary-sim-cust-019,CARD,20,1,0,0,0,0,0,NORMAL_BASELINE
SIM-CUST-011-NORMAL-0033,SIM-CUST-011,Han Minjun,74728,2025-12-30T21:14:09,KR,Seoul,37.547778,126.961684,transport-seoul-09,TRANSPORT,mobile-primary-sim-cust-011,E-PAY,21,1,0,0,0,0,0,NORMAL_BASELINE
SIM-CUST-015-NORMAL-0033,SIM-CUST-015,Kwon Doyun,97411,2025-12-30T21:26:17,KR,Daejeon,36.345367,127.401205,cafe-daejeon-09,CAFE,mobile-primary-sim-cust-015,ACCOUNT,21,1,0,0,0,0,0,NORMAL_BASELINE
SIM-CUST-017-NORMAL-0033,SIM-CUST-017,Ahn Hyunwoo,72064,2025-12-30T21:32:51,KR,Busan,35.162257,129.077423,grocery-busan-09,GROCERY,mobile-primary-sim-cust-017,E-PAY,21,1,0,0,0,0,0,NORMAL_BASELINE
SIM-CUST-003-NORMAL-0033,SIM-CUST-003,Park Jiho,69432,2025-12-30T22:50:53,KR,Incheon,37.431709,126.685575,dining-incheon-09,DINING,mobile-primary-sim-cust-003,E-PAY,22,1,0,0,0,0,0,NORMAL_BASELINE
SIM-CUST-016-NORMAL-0034,SIM-CUST-016,Hwang Yuna,69168,2025-12-31T07:36:08,KR,Seoul,37.560501,126.974001,utility-seoul-10,UTILITY,mobile-primary-sim-cust-016,CARD,7,2,0,0,0,0,0,NORMAL_BASELINE
SIM-CUST-004-NORMAL-0034,SIM-CUST-004,Choi Haein,39739,2025-12-31T09:00:44,KR,Daegu,35.883526,128.614696,transport-daegu-10,TRANSPORT,mobile-primary-sim-cust-004,CARD,9,2,0,0,0,0,0,NORMAL_BASELINE
SIM-CUST-008-NORMAL-0034,SIM-CUST-008,Yoon Sumin,62204,2025-12-31T09:12:52,KR,Incheon,37.467351,126.700475,medical-incheon-10,MEDICAL,mobile-primary-sim-cust-008,CARD,9,2,0,0,0,0,0,NORMAL_BASELINE
SIM-CUST-013-NORMAL-0034,SIM-CUST-013,Seo Jiho,119886,2025-12-31T09:27:17,KR,Incheon,37.457663,126.685346,grocery-incheon-10,GROCERY,mobile-primary-sim-cust-013,CARD,9,2,0,0,0,0,0,NORMAL_BASELINE
SIM-CUST-006-NORMAL-0034,SIM-CUST-006,Kang Yuna,139738,2025-12-31T10:06:18,KR,Seoul,37.549886,126.98728,cafe-seoul-10,CAFE,mobile-primary-sim-cust-006,ACCOUNT,10,2,0,0,0,0,0,NORMAL_BASELINE
SIM-CUST-003-NORMAL-0034,SIM-CUST-003,Park Jiho,79883,2025-12-31T11:57:27,KR,Incheon,37.469493,126.698497,online-incheon-10,ONLINE,mobile-primary-sim-cust-003,E-PAY,11,2,0,0,0,0,0,NORMAL_BASELINE
SIM-CUST-015-NORMAL-0034,SIM-CUST-015,Kwon Doyun,105023,2025-12-31T12:33:51,KR,Daejeon,36.349528,127.379558,dining-daejeon-10,DINING,mobile-primary-sim-cust-015,ACCOUNT,12,2,0,0,0,0,0,NORMAL_BASELINE
SIM-CUST-002-NORMAL-0034,SIM-CUST-002,Lee Seoyeon,44903,2025-12-31T12:54:10,KR,Busan,35.194697,129.06155,dining-busan-10,DINING,mobile-primary-sim-cust-002,CARD,12,2,0,0,0,0,0,NORMAL_BASELINE
SIM-CUST-009-NORMAL-0034,SIM-CUST-009,Jang Jiwon,182051,2025-12-31T13:15:09,KR,Daegu,35.849394,128.586432,utility-daegu-10,UTILITY,mobile-primary-sim-cust-009,ACCOUNT,13,2,0,0,0,0,0,NORMAL_BASELINE
SIM-CUST-014-NORMAL-0034,SIM-CUST-014,Shin Haein,106632,2025-12-31T13:30:34,KR,Daegu,35.869722,128.624694,grocery-daegu-10,GROCERY,mobile-primary-sim-cust-014,E-PAY,13,2,0,0,0,0,0,NORMAL_BASELINE
SIM-CUST-017-NORMAL-0034,SIM-CUST-017,Ahn Hyunwoo,64608,2025-12-31T13:39:25,KR,Busan,35.191149,129.098752,medical-busan-10,MEDICAL,mobile-primary-sim-cust-017,E-PAY,13,2,0,0,0,0,0,NORMAL_BASELINE
SIM-CUST-020-NORMAL-0034,SIM-CUST-020,Moon Nari,50444,2025-12-31T13:48:16,KR,Daejeon,36.364769,127.386719,grocery-daejeon-10,GROCERY,mobile-primary-sim-cust-020,E-PAY,13,2,0,0,0,0,0,NORMAL_BASELINE
SIM-CUST-018-NORMAL-0034,SIM-CUST-018,Song Sumin,68960,2025-12-31T14:42:42,KR,Incheon,37.450488,126.707151,dining-incheon-10,DINING,mobile-primary-sim-cust-018,ACCOUNT,14,2,0,0,0,0,0,NORMAL_BASELINE
SIM-CUST-012-NORMAL-0034,SIM-CUST-012,Oh Seoyeon,41145,2025-12-31T15:24:00,KR,Busan,35.181929,129.067745,utility-busan-10,UTILITY,mobile-primary-sim-cust-012,ACCOUNT,15,2,0,0,0,0,0,NORMAL_BASELINE
SIM-CUST-010-NORMAL-0034,SIM-CUST-010,Lim Nari,47769,2025-12-31T18:18:26,KR,Daejeon,36.353368,127.369121,cafe-daejeon-10,CAFE,mobile-primary-sim-cust-010,CARD,18,2,0,0,0,0,0,NORMAL_BASELINE
SIM-CUST-007-NORMAL-0034,SIM-CUST-007,Cho Hyunwoo,80445,2025-12-31T19:09:35,KR,Busan,35.16245,129.067939,shopping-busan-10,SHOPPING,mobile-primary-sim-cust-007,E-PAY,19,2,0,0,0,0,0,NORMAL_BASELINE
SIM-CUST-001-NORMAL-0034,SIM-CUST-001,Kim Minjun,54285,2025-12-31T19:51:53,KR,Seoul,37.586771,126.995982,cafe-seoul-10,CAFE,mobile-primary-sim-cust-001,CARD,19,2,0,0,0,0,0,NORMAL_BASELINE
SIM-CUST-011-NORMAL-0034,SIM-CUST-011,Han Minjun,77387,2025-12-31T20:21:43,KR,Seoul,37.553316,126.956908,online-seoul-10,ONLINE,mobile-primary-sim-cust-011,E-PAY,20,2,0,0,0,0,0,NORMAL_BASELINE
SIM-CUST-019-NORMAL-0034,SIM-CUST-019,Hong Jiwon,159641,2025-12-31T20:45:59,KR,Daegu,35.872943,128.620879,dining-daegu-10,DINING,mobile-primary-sim-cust-019,CARD,20,2,0,0,0,0,0,NORMAL_BASELINE
SIM-CUST-005-NORMAL-0034,SIM-CUST-005,Jung Doyun,96367,2025-12-31T21:03:01,KR,Daejeon,36.344224,127.376935,cafe-daejeon-10,CAFE,mobile-primary-sim-cust-005,CARD,21,2,0,0,0,0,0,NORMAL_BASELINE
SIM-CUST-016-NORMAL-0035,SIM-CUST-016,Hwang Yuna,89216,2026-01-01T07:43:42,KR,Seoul,37.583327,126.974707,grocery-seoul-11,GROCERY,mobile-primary-sim-cust-016,CARD,7,3,0,0,0,0,0,NORMAL_BASELINE
SIM-CUST-002-NORMAL-0035,SIM-CUST-002,Lee Seoyeon,51677,2026-01-01T09:01:44,KR,Busan,35.190646,129.083559,cafe-busan-11,CAFE,mobile-primary-sim-cust-002,CARD,9,3,0,0,0,0,0,NORMAL_BASELINE
SIM-CUST-018-NORMAL-0035,SIM-CUST-018,Song Sumin,67100,2026-01-01T09:49:16,KR,Incheon,37.475332,126.727656,grocery-incheon-11,GROCERY,mobile-primary-sim-cust-018,ACCOUNT,9,3,0,0,0,0,0,NORMAL_BASELINE
SIM-CUST-001-NORMAL-0035,SIM-CUST-001,Kim Minjun,56858,2026-01-01T09:58:27,KR,Seoul,37.565771,126.979962,grocery-seoul-11,GROCERY,mobile-primary-sim-cust-001,CARD,9,3,0,0,0,0,0,NORMAL_BASELINE
SIM-CUST-008-NORMAL-0035,SIM-CUST-008,Yoon Sumin,69539,2026-01-01T10:19:26,KR,Incheon,37.454219,126.714104,online-incheon-11,ONLINE,mobile-primary-sim-cust-008,CARD,10,3,0,0,0,0,0,NORMAL_BASELINE
SIM-CUST-015-NORMAL-0035,SIM-CUST-015,Kwon Doyun,115550,2026-01-01T10:40:25,KR,Daejeon,36.363559,127.404543,transport-daejeon-11,TRANSPORT,mobile-primary-sim-cust-015,ACCOUNT,10,3,0,0,0,0,0,NORMAL_BASELINE
SIM-CUST-013-NORMAL-0035,SIM-CUST-013,Seo Jiho,133840,2026-01-01T11:34:51,KR,Incheon,37.471671,126.713767,dining-incheon-11,DINING,mobile-primary-sim-cust-013,CARD,11,3,0,0,0,0,0,NORMAL_BASELINE
SIM-CUST-005-NORMAL-0035,SIM-CUST-005,Jung Doyun,96786,2026-01-01T13:10:35,KR,Daejeon,36.351432,127.39068,dining-daejeon-11,DINING,mobile-primary-sim-cust-005,CARD,13,3,0,0,0,0,0,NORMAL_BASELINE
SIM-CUST-009-NORMAL-0035,SIM-CUST-009,Jang Jiwon,164094,2026-01-01T13:22:43,KR,Daegu,35.880665,128.591414,transfer-daegu-11,TRANSFER,mobile-primary-sim-cust-009,ACCOUNT,13,3,0,0,0,0,0,NORMAL_BASELINE
SIM-CUST-014-NORMAL-0035,SIM-CUST-014,Shin Haein,113384,2026-01-01T13:37:08,KR,Daegu,35.866831,128.605379,cafe-daegu-11,CAFE,mobile-primary-sim-cust-014,E-PAY,13,3,0,0,0,0,0,NORMAL_BASELINE
SIM-CUST-006-NORMAL-0035,SIM-CUST-006,Kang Yuna,129564,2026-01-01T15:13:52,KR,Seoul,37.560411,126.959611,cafe-seoul-11,CAFE,mobile-primary-sim-cust-006,ACCOUNT,15,3,0,0,0,0,0,NORMAL_BASELINE
SIM-CUST-012-NORMAL-0035,SIM-CUST-012,Oh Seoyeon,43979,2026-01-01T15:31:34,KR,Busan,35.190638,129.052791,transport-busan-11,TRANSPORT,mobile-primary-sim-cust-012,ACCOUNT,15,3,0,0,0,0,0,NORMAL_BASELINE
SIM-CUST-019-NORMAL-0035,SIM-CUST-019,Hong Jiwon,169312,2026-01-01T18:52:33,KR,Daegu,35.868147,128.623891,cafe-daegu-11,CAFE,mobile-primary-sim-cust-019,CARD,18,3,0,0,0,0,0,NORMAL_BASELINE
SIM-CUST-020-NORMAL-0035,SIM-CUST-020,Moon Nari,46581,2026-01-01T18:55:50,KR,Daejeon,36.329971,127.393439,transport-daejeon-11,TRANSPORT,mobile-primary-sim-cust-020,E-PAY,18,3,0,0,0,0,0,NORMAL_BASELINE
SIM-CUST-004-NORMAL-0035,SIM-CUST-004,Choi Haein,42238,2026-01-01T19:07:18,KR,Daegu,35.859794,128.603555,grocery-daegu-11,GROCERY,mobile-primary-sim-cust-004,CARD,19,3,0,0,0,0,0,NORMAL_BASELINE
SIM-CUST-007-NORMAL-0035,SIM-CUST-007,Cho Hyunwoo,81392,2026-01-01T19:16:09,KR,Busan,35.2044,129.099529,grocery-busan-11,GROCERY,mobile-primary-sim-cust-007,E-PAY,19,3,0,0,0,0,0,NORMAL_BASELINE
SIM-CUST-017-NORMAL-0035,SIM-CUST-017,Ahn Hyunwoo,76690,2026-01-01T19:46:59,KR,Busan,35.173004,129.051647,transport-busan-11,TRANSPORT,mobile-primary-sim-cust-017,E-PAY,19,3,0,0,0,0,0,NORMAL_BASELINE
SIM-CUST-003-NORMAL-0035,SIM-CUST-003,Park Jiho,79582,2026-01-01T20:04:01,KR,Incheon,37.449426,126.69463,online-incheon-11,ONLINE,mobile-primary-sim-cust-003,E-PAY,20,3,0,0,0,0,0,NORMAL_BASELINE
SIM-CUST-010-NORMAL-0035,SIM-CUST-010,Lim Nari,57503,2026-01-01T20:25:00,KR,Daejeon,36.373265,127.385588,cafe-daejeon-11,CAFE,mobile-primary-sim-cust-010,CARD,20,3,0,0,0,0,0,NORMAL_BASELINE
SIM-CUST-011-NORMAL-0035,SIM-CUST-011,Han Minjun,66930,2026-01-01T21:28:17,KR,Seoul,37.551377,126.974201,grocery-seoul-11,GROCERY,mobile-primary-sim-cust-011,E-PAY,21,3,0,0,0,0,0,NORMAL_BASELINE
SIM-CUST-014-NORMAL-0036,SIM-CUST-014,Shin Haein,99587,2026-01-02T08:44:42,KR,Daegu,35.862101,128.579602,utility-daegu-12,UTILITY,mobile-primary-sim-cust-014,E-PAY,8,4,0,0,0,0,0,NORMAL_BASELINE
SIM-CUST-002-NORMAL-0036,SIM-CUST-002,Lee Seoyeon,47114,2026-01-02T09:08:18,KR,Busan,35.186917,129.066047,cafe-busan-12,CAFE,mobile-primary-sim-cust-002,CARD,9,4,0,0,0,0,0,NORMAL_BASELINE
SIM-CUST-004-NORMAL-0036,SIM-CUST-004,Choi Haein,38202,2026-01-02T09:14:52,KR,Daegu,35.8844,128.598468,cafe-daegu-12,CAFE,mobile-primary-sim-cust-004,CARD,9,4,0,0,0,0,0,NORMAL_BASELINE
SIM-CUST-006-NORMAL-0036,SIM-CUST-006,Kang Yuna,135671,2026-01-02T09:20:26,KR,Seoul,37.566718,126.97399,transfer-seoul-12,TRANSFER,mobile-primary-sim-cust-006,ACCOUNT,9,4,0,0,0,0,0,NORMAL_BASELINE
SIM-CUST-016-NORMAL-0036,SIM-CUST-016,Hwang Yuna,73365,2026-01-02T09:50:16,KR,Seoul,37.574022,126.993508,shopping-seoul-12,SHOPPING,mobile-primary-sim-cust-016,CARD,9,4,0,0,0,0,0,NORMAL_BASELINE
SIM-CUST-012-NORMAL-0036,SIM-CUST-012,Oh Seoyeon,43071,2026-01-02T10:38:08,KR,Busan,35.199179,129.088568,grocery-busan-12,GROCERY,mobile-primary-sim-cust-012,ACCOUNT,10,4,0,0,0,0,0,NORMAL_BASELINE
SIM-CUST-020-NORMAL-0036,SIM-CUST-020,Moon Nari,42068,2026-01-02T13:02:24,KR,Daejeon,36.341551,127.370786,cafe-daejeon-12,CAFE,mobile-primary-sim-cust-020,E-PAY,13,4,0,0,0,0,0,NORMAL_BASELINE
SIM-CUST-009-NORMAL-0036,SIM-CUST-009,Jang Jiwon,168253,2026-01-02T13:29:17,KR,Daegu,35.891957,128.608096,grocery-daegu-12,GROCERY,mobile-primary-sim-cust-009,ACCOUNT,13,4,0,0,0,0,0,NORMAL_BASELINE
SIM-CUST-017-NORMAL-0036,SIM-CUST-017,Ahn Hyunwoo,60467,2026-01-02T13:53:33,KR,Busan,35.190134,129.077675,medical-busan-12,MEDICAL,mobile-primary-sim-cust-017,E-PAY,13,4,0,0,0,0,0,NORMAL_BASELINE
SIM-CUST-018-NORMAL-0036,SIM-CUST-018,Song Sumin,55429,2026-01-02T15:56:50,KR,Incheon,37.479438,126.718152,transport-incheon-12,TRANSPORT,mobile-primary-sim-cust-018,ACCOUNT,15,4,0,0,0,0,0,NORMAL_BASELINE
SIM-CUST-008-NORMAL-0036,SIM-CUST-008,Yoon Sumin,59124,2026-01-02T16:26:00,KR,Incheon,37.477541,126.682044,medical-incheon-12,MEDICAL,mobile-primary-sim-cust-008,CARD,16,4,0,0,0,0,0,NORMAL_BASELINE
SIM-CUST-013-NORMAL-0036,SIM-CUST-013,Seo Jiho,103139,2026-01-02T18:41:25,KR,Incheon,37.46911,126.696089,utility-incheon-12,UTILITY,mobile-primary-sim-cust-013,CARD,18,4,0,0,0,0,0,NORMAL_BASELINE
SIM-CUST-001-NORMAL-0036,SIM-CUST-001,Kim Minjun,52906,2026-01-02T19:05:01,KR,Seoul,37.565134,126.992231,utility-seoul-12,UTILITY,mobile-primary-sim-cust-001,CARD,19,4,0,0,0,0,0,NORMAL_BASELINE
SIM-CUST-007-NORMAL-0036,SIM-CUST-007,Cho Hyunwoo,76243,2026-01-02T19:23:43,KR,Busan,35.198534,129.09512,online-busan-12,ONLINE,mobile-primary-sim-cust-007,E-PAY,19,4,0,0,0,0,0,NORMAL_BASELINE
SIM-CUST-010-NORMAL-0036,SIM-CUST-010,Lim Nari,41706,2026-01-02T19:32:34,KR,Daejeon,36.358313,127.386093,grocery-daejeon-12,GROCERY,mobile-primary-sim-cust-010,CARD,19,4,0,0,0,0,0,NORMAL_BASELINE
SIM-CUST-003-NORMAL-0036,SIM-CUST-003,Park Jiho,72281,2026-01-02T20:11:35,KR,Incheon,37.445286,126.729655,grocery-incheon-12,GROCERY,mobile-primary-sim-cust-003,E-PAY,20,4,0,0,0,0,0,NORMAL_BASELINE
SIM-CUST-005-NORMAL-0036,SIM-CUST-005,Jung Doyun,88300,2026-01-02T20:17:09,KR,Daejeon,36.358518,127.401664,dining-daejeon-12,DINING,mobile-primary-sim-cust-005,CARD,20,4,0,0,0,0,0,NORMAL_BASELINE
SIM-CUST-011-NORMAL-0036,SIM-CUST-011,Han Minjun,59860,2026-01-02T20:35:51,KR,Seoul,37.563914,126.98478,cafe-seoul-12,CAFE,mobile-primary-sim-cust-011,E-PAY,20,4,0,0,0,0,0,NORMAL_BASELINE
SIM-CUST-019-NORMAL-0036,SIM-CUST-019,Hong Jiwon,158728,2026-01-02T20:59:07,KR,Daegu,35.875949,128.59091,grocery-daegu-12,GROCERY,mobile-primary-sim-cust-019,CARD,20,4,0,0,0,0,0,NORMAL_BASELINE
SIM-CUST-015-NORMAL-0036,SIM-CUST-015,Kwon Doyun,90459,2026-01-02T21:47:59,KR,Daejeon,36.338868,127.388374,transport-daejeon-12,TRANSPORT,mobile-primary-sim-cust-015,ACCOUNT,21,4,0,0,0,0,0,NORMAL_BASELINE
SIM-CUST-004-NORMAL-0037,SIM-CUST-004,Choi Haein,33726,2026-01-03T08:21:26,KR,Daegu,35.887904,128.613967,transport-daegu-01,TRANSPORT,mobile-primary-sim-cust-004,CARD,8,5,0,0,0,0,0,NORMAL_BASELINE
SIM-CUST-018-NORMAL-0037,SIM-CUST-018,Song Sumin,59516,2026-01-03T09:03:24,KR,Incheon,37.435448,126.716414,grocery-incheon-01,GROCERY,mobile-primary-sim-cust-018,ACCOUNT,9,5,0,0,0,0,0,NORMAL_BASELINE
SIM-CUST-014-NORMAL-0037,SIM-CUST-014,Shin Haein,107014,2026-01-03T09:51:16,KR,Daegu,35.859377,128.601146,utility-daegu-01,UTILITY,mobile-primary-sim-cust-014,E-PAY,9,5,0,0,0,0,0,NORMAL_BASELINE
SIM-CUST-006-NORMAL-0037,SIM-CUST-006,Kang Yuna,119383,2026-01-03T10:27:00,KR,Seoul,37.58658,126.982991,cafe-seoul-01,CAFE,mobile-primary-sim-cust-006,ACCOUNT,10,5,0,0,0,0,0,NORMAL_BASELINE
SIM-CUST-007-NORMAL-0037,SIM-CUST-007,Cho Hyunwoo,84562,2026-01-03T10:30:17,KR,Busan,35.165879,129.067689,utility-busan-01,UTILITY,mobile-primary-sim-cust-007,E-PAY,10,5,0,0,0,0,0,NORMAL_BASELINE
SIM-CUST-008-NORMAL-0037,SIM-CUST-008,Yoon Sumin,53160,2026-01-03T10:33:34,KR,Incheon,37.476659,126.711119,grocery-incheon-01,GROCERY,mobile-primary-sim-cust-008,CARD,10,5,0,0,0,0,0,NORMAL_BASELINE
SIM-CUST-013-NORMAL-0037,SIM-CUST-013,Seo Jiho,97020,2026-01-03T11:48:59,KR,Incheon,37.455997,126.68254,online-incheon-01,ONLINE,mobile-primary-sim-cust-013,CARD,11,5,0,0,0,0,0,NORMAL_BASELINE
SIM-CUST-017-NORMAL-0037,SIM-CUST-017,Ahn Hyunwoo,57482,2026-01-03T12:00:07,KR,Busan,35.185925,129.061005,transport-busan-01,TRANSPORT,mobile-primary-sim-cust-017,E-PAY,12,5,0,0,0,0,0,NORMAL_BASELINE
SIM-CUST-010-NORMAL-0037,SIM-CUST-010,Lim Nari,45213,2026-01-03T12:39:08,KR,Daejeon,36.366885,127.401446,utility-daejeon-01,UTILITY,mobile-primary-sim-cust-010,CARD,12,5,0,0,0,0,0,NORMAL_BASELINE
SIM-CUST-020-NORMAL-0037,SIM-CUST-020,Moon Nari,46777,2026-01-03T13:09:58,KR,Daejeon,36.373211,127.405407,online-daejeon-01,ONLINE,mobile-primary-sim-cust-020,E-PAY,13,5,0,0,0,0,0,NORMAL_BASELINE
SIM-CUST-002-NORMAL-0037,SIM-CUST-002,Lee Seoyeon,43028,2026-01-03T13:15:52,KR,Busan,35.161171,129.096081,cafe-busan-01,CAFE,mobile-primary-sim-cust-002,CARD,13,5,0,0,0,0,0,NORMAL_BASELINE
SIM-CUST-005-NORMAL-0037,SIM-CUST-005,Jung Doyun,92956,2026-01-03T13:24:43,KR,Daejeon,36.339534,127.393721,cafe-daejeon-01,CAFE,mobile-primary-sim-cust-005,CARD,13,5,0,0,0,0,0,NORMAL_BASELINE
SIM-CUST-009-NORMAL-0037,SIM-CUST-009,Jang Jiwon,152167,2026-01-03T13:36:51,KR,Daegu,35.854429,128.610743,transfer-daegu-01,TRANSFER,mobile-primary-sim-cust-009,ACCOUNT,13,5,0,0,0,0,0,NORMAL_BASELINE
SIM-CUST-011-NORMAL-0037,SIM-CUST-011,Han Minjun,64823,2026-01-03T13:42:25,KR,Seoul,37.589051,126.970979,online-seoul-01,ONLINE,mobile-primary-sim-cust-011,E-PAY,13,5,0,0,0,0,0,NORMAL_BASELINE
SIM-CUST-012-NORMAL-0037,SIM-CUST-012,Oh Seoyeon,46311,2026-01-03T16:45:42,KR,Busan,35.177024,129.086466,transport-busan-01,TRANSPORT,mobile-primary-sim-cust-012,ACCOUNT,16,5,0,0,0,0,0,NORMAL_BASELINE
SIM-CUST-016-NORMAL-0037,SIM-CUST-016,Hwang Yuna,80248,2026-01-03T18:57:50,KR,Seoul,37.577981,126.997867,shopping-seoul-01,SHOPPING,mobile-primary-sim-cust-016,CARD,18,5,0,0,0,0,0,NORMAL_BASELINE
SIM-CUST-019-NORMAL-0037,SIM-CUST-019,Hong Jiwon,140298,2026-01-03T20:06:41,KR,Daegu,35.847296,128.605866,grocery-daegu-01,GROCERY,mobile-primary-sim-cust-019,CARD,20,5,0,0,0,0,0,NORMAL_BASELINE
SIM-CUST-001-NORMAL-0037,SIM-CUST-001,Kim Minjun,48613,2026-01-03T20:12:35,KR,Seoul,37.574449,126.970715,grocery-seoul-01,GROCERY,mobile-primary-sim-cust-001,CARD,20,5,0,0,0,0,0,NORMAL_BASELINE
SIM-CUST-015-NORMAL-0037,SIM-CUST-015,Kwon Doyun,95356,2026-01-03T21:54:33,KR,Daejeon,36.371518,127.40383,transport-daejeon-01,TRANSPORT,mobile-primary-sim-cust-015,ACCOUNT,21,5,0,0,0,0,0,NORMAL_BASELINE
SIM-CUST-003-NORMAL-0037,SIM-CUST-003,Park Jiho,64138,2026-01-03T22:18:09,KR,Incheon,37.436134,126.69886,cafe-incheon-01,CAFE,mobile-primary-sim-cust-003,E-PAY,22,5,0,0,0,0,0,NORMAL_BASELINE
SIM-CUST-016-NORMAL-0038,SIM-CUST-016,Hwang Yuna,70064,2026-01-04T07:04:24,KR,Seoul,37.569729,126.959397,shopping-seoul-02,SHOPPING,mobile-primary-sim-cust-016,CARD,7,6,0,0,0,0,0,NORMAL_BASELINE
SIM-CUST-018-NORMAL-0038,SIM-CUST-018,Song Sumin,64186,2026-01-04T09:10:58,KR,Incheon,37.443369,126.7294,grocery-incheon-02,GROCERY,mobile-primary-sim-cust-018,ACCOUNT,9,6,0,0,0,0,0,NORMAL_BASELINE
SIM-CUST-004-NORMAL-0038,SIM-CUST-004,Choi Haein,34080,2026-01-04T09:28:00,KR,Daegu,35.859541,128.61951,online-daegu-02,ONLINE,mobile-primary-sim-cust-004,CARD,9,6,0,0,0,0,0,NORMAL_BASELINE
SIM-CUST-009-NORMAL-0038,SIM-CUST-009,Jang Jiwon,149887,2026-01-04T09:43:25,KR,Daegu,35.855996,128.588679,grocery-daegu-02,GROCERY,mobile-primary-sim-cust-009,ACCOUNT,9,6,0,0,0,0,0,NORMAL_BASELINE
SIM-CUST-014-NORMAL-0038,SIM-CUST-014,Shin Haein,94610,2026-01-04T09:58:50,KR,Daegu,35.877297,128.578879,cafe-daegu-02,CAFE,mobile-primary-sim-cust-014,E-PAY,9,6,0,0,0,0,0,NORMAL_BASELINE
SIM-CUST-008-NORMAL-0038,SIM-CUST-008,Yoon Sumin,56333,2026-01-04T10:40:08,KR,Incheon,37.439912,126.682698,dining-incheon-02,DINING,mobile-primary-sim-cust-008,CARD,10,6,0,0,0,0,0,NORMAL_BASELINE
SIM-CUST-013-NORMAL-0038,SIM-CUST-013,Seo Jiho,101813,2026-01-04T11:55:33,KR,Incheon,37.439857,126.696544,grocery-incheon-02,GROCERY,mobile-primary-sim-cust-013,CARD,11,6,0,0,0,0,0,NORMAL_BASELINE
SIM-CUST-001-NORMAL-0038,SIM-CUST-001,Kim Minjun,58296,2026-01-04T12:19:09,KR,Seoul,37.575168,127.002208,grocery-seoul-02,GROCERY,mobile-primary-sim-cust-001,CARD,12,6,0,0,0,0,0,NORMAL_BASELINE
SIM-CUST-002-NORMAL-0038,SIM-CUST-002,Lee Seoyeon,42250,2026-01-04T12:22:26,KR,Busan,35.161208,129.07757,dining-busan-02,DINING,mobile-primary-sim-cust-002,CARD,12,6,0,0,0,0,0,NORMAL_BASELINE
SIM-CUST-003-NORMAL-0038,SIM-CUST-003,Park Jiho,70047,2026-01-04T12:25:43,KR,Incheon,37.438513,126.710323,cafe-incheon-02,CAFE,mobile-primary-sim-cust-003,E-PAY,12,6,0,0,0,0,0,NORMAL_BASELINE
SIM-CUST-012-NORMAL-0038,SIM-CUST-012,Oh Seoyeon,42782,2026-01-04T15:52:16,KR,Busan,35.201167,129.075793,dining-busan-02,DINING,mobile-primary-sim-cust-012,ACCOUNT,15,6,0,0,0,0,0,NORMAL_BASELINE
SIM-CUST-006-NORMAL-0038,SIM-CUST-006,Kang Yuna,121000,2026-01-04T16:34:34,KR,Seoul,37.565612,126.959516,grocery-seoul-02,GROCERY,mobile-primary-sim-cust-006,ACCOUNT,16,6,0,0,0,0,0,NORMAL_BASELINE
SIM-CUST-020-NORMAL-0038,SIM-CUST-020,Moon Nari,45705,2026-01-04T18:16:32,KR,Daejeon,36.373485,127.409071,dining-daejeon-02,DINING,mobile-primary-sim-cust-020,E-PAY,18,6,0,0,0,0,0,NORMAL_BASELINE
SIM-CUST-017-NORMAL-0038,SIM-CUST-017,Ahn Hyunwoo,63632,2026-01-04T19:07:41,KR,Busan,35.191272,129.072795,grocery-busan-02,GROCERY,mobile-primary-sim-cust-017,E-PAY,19,6,0,0,0,0,0,NORMAL_BASELINE
SIM-CUST-005-NORMAL-0038,SIM-CUST-005,Jung Doyun,104365,2026-01-04T19:31:17,KR,Daejeon,36.35743,127.402575,dining-daejeon-02,DINING,mobile-primary-sim-cust-005,CARD,19,6,0,0,0,0,0,NORMAL_BASELINE
SIM-CUST-011-NORMAL-0038,SIM-CUST-011,Han Minjun,66091,2026-01-04T19:49:59,KR,Seoul,37.566765,126.989746,cafe-seoul-02,CAFE,mobile-primary-sim-cust-011,E-PAY,19,6,0,0,0,0,0,NORMAL_BASELINE
SIM-CUST-019-NORMAL-0038,SIM-CUST-019,Hong Jiwon,163909,2026-01-04T20:13:15,KR,Daegu,35.867262,128.599577,grocery-daegu-02,GROCERY,mobile-primary-sim-cust-019,CARD,20,6,0,0,0,0,0,NORMAL_BASELINE
SIM-CUST-007-NORMAL-0038,SIM-CUST-007,Cho Hyunwoo,71082,2026-01-04T20:37:51,KR,Busan,35.17371,129.09863,cafe-busan-02,CAFE,mobile-primary-sim-cust-007,E-PAY,20,6,0,0,0,0,0,NORMAL_BASELINE
SIM-CUST-010-NORMAL-0038,SIM-CUST-010,Lim Nari,53606,2026-01-04T20:46:42,KR,Daejeon,36.355743,127.37959,grocery-daejeon-02,GROCERY,mobile-primary-sim-cust-010,CARD,20,6,0,0,0,0,0,NORMAL_BASELINE
SIM-CUST-015-NORMAL-0038,SIM-CUST-015,Kwon Doyun,90920,2026-01-04T22:01:07,KR,Daejeon,36.374021,127.397093,utility-daejeon-02,UTILITY,mobile-primary-sim-cust-015,ACCOUNT,22,6,0,0,0,0,0,NORMAL_BASELINE
SIM-CUST-004-NORMAL-0039,SIM-CUST-004,Choi Haein,43841,2026-01-05T07:35:34,KR,Daegu,35.885182,128.588247,grocery-daegu-03,GROCERY,mobile-primary-sim-cust-004,CARD,7,0,0,0,0,0,0,NORMAL_BASELINE
SIM-CUST-014-NORMAL-0039,SIM-CUST-014,Shin Haein,97966,2026-01-05T08:05:24,KR,Daegu,35.871736,128.598415,cafe-daegu-03,CAFE,mobile-primary-sim-cust-014,E-PAY,8,0,0,0,0,0,0,NORMAL_BASELINE
SIM-CUST-016-NORMAL-0039,SIM-CUST-016,Hwang Yuna,75828,2026-01-05T08:11:58,KR,Seoul,37.54345,126.98281,shopping-seoul-03,SHOPPING,mobile-primary-sim-cust-016,CARD,8,0,0,0,0,0,0,NORMAL_BASELINE
SIM-CUST-020-NORMAL-0039,SIM-CUST-020,Moon Nari,46921,2026-01-05T08:23:06,KR,Daejeon,36.34576,127.387127,grocery-daejeon-03,GROCERY,mobile-primary-sim-cust-020,E-PAY,8,0,0,0,0,0,0,NORMAL_BASELINE
SIM-CUST-018-NORMAL-0039,SIM-CUST-018,Song Sumin,62958,2026-01-05T09:17:32,KR,Incheon,37.466502,126.70276,transfer-incheon-03,TRANSFER,mobile-primary-sim-cust-018,ACCOUNT,9,0,0,0,0,0,0,NORMAL_BASELINE
SIM-CUST-001-NORMAL-0039,SIM-CUST-001,Kim Minjun,59779,2026-01-05T09:26:43,KR,Seoul,37.58153,126.958463,grocery-seoul-03,GROCERY,mobile-primary-sim-cust-001,CARD,9,0,0,0,0,0,0,NORMAL_BASELINE
SIM-CUST-012-NORMAL-0039,SIM-CUST-012,Oh Seoyeon,42354,2026-01-05T09:59:50,KR,Busan,35.202974,129.065083,dining-busan-03,DINING,mobile-primary-sim-cust-012,ACCOUNT,9,0,0,0,0,0,0,NORMAL_BASELINE
SIM-CUST-009-NORMAL-0039,SIM-CUST-009,Jang Jiwon,171487,2026-01-05T10:50:59,KR,Daegu,35.868207,128.608746,grocery-daegu-03,GROCERY,mobile-primary-sim-cust-009,ACCOUNT,10,0,0,0,0,0,0,NORMAL_BASELINE
SIM-CUST-015-NORMAL-0039,SIM-CUST-015,Kwon Doyun,107188,2026-01-05T11:08:41,KR,Daejeon,36.32809,127.36402,cafe-daejeon-03,CAFE,mobile-primary-sim-cust-015,ACCOUNT,11,0,0,0,0,0,0,NORMAL_BASELINE
SIM-CUST-008-NORMAL-0039,SIM-CUST-008,Yoon Sumin,57283,2026-01-05T11:47:42,KR,Incheon,37.461861,126.721968,online-incheon-03,ONLINE,mobile-primary-sim-cust-008,CARD,11,0,0,0,0,0,0,NORMAL_BASELINE
SIM-CUST-013-NORMAL-0039,SIM-CUST-013,Seo Jiho,101652,2026-01-05T12:02:07,KR,Incheon,37.432192,126.719365,online-incheon-03,ONLINE,mobile-primary-sim-cust-013,CARD,12,0,0,0,0,0,0,NORMAL_BASELINE
SIM-CUST-002-NORMAL-0039,SIM-CUST-002,Lee Seoyeon,51478,2026-01-05T12:29:00,KR,Busan,35.196124,129.063449,cafe-busan-03,CAFE,mobile-primary-sim-cust-002,CARD,12,0,0,0,0,0,0,NORMAL_BASELINE
SIM-CUST-010-NORMAL-0039,SIM-CUST-010,Lim Nari,56512,2026-01-05T12:53:16,KR,Daejeon,36.342398,127.368525,grocery-daejeon-03,GROCERY,mobile-primary-sim-cust-010,CARD,12,0,0,0,0,0,0,NORMAL_BASELINE
SIM-CUST-011-NORMAL-0039,SIM-CUST-011,Han Minjun,73481,2026-01-05T12:56:33,KR,Seoul,37.542491,126.972071,online-seoul-03,ONLINE,mobile-primary-sim-cust-011,E-PAY,12,0,0,0,0,0,0,NORMAL_BASELINE
SIM-CUST-005-NORMAL-0039,SIM-CUST-005,Jung Doyun,106224,2026-01-05T13:38:51,KR,Daejeon,36.357973,127.368918,cafe-daejeon-03,CAFE,mobile-primary-sim-cust-005,CARD,13,0,0,0,0,0,0,NORMAL_BASELINE
SIM-CUST-006-NORMAL-0039,SIM-CUST-006,Kang Yuna,120370,2026-01-05T16:41:08,KR,Seoul,37.588387,126.986928,cafe-seoul-03,CAFE,mobile-primary-sim-cust-006,ACCOUNT,16,0,0,0,0,0,0,NORMAL_BASELINE
SIM-CUST-019-NORMAL-0039,SIM-CUST-019,Hong Jiwon,171546,2026-01-05T18:20:49,KR,Daegu,35.88814,128.587545,cafe-daegu-03,CAFE,mobile-primary-sim-cust-019,CARD,18,0,0,0,0,0,0,NORMAL_BASELINE
SIM-CUST-017-NORMAL-0039,SIM-CUST-017,Ahn Hyunwoo,64012,2026-01-05T19:14:15,KR,Busan,35.187869,129.057256,grocery-busan-03,GROCERY,mobile-primary-sim-cust-017,E-PAY,19,0,0,0,0,0,0,NORMAL_BASELINE
SIM-CUST-003-NORMAL-0039,SIM-CUST-003,Park Jiho,66251,2026-01-05T20:32:17,KR,Incheon,37.438152,126.696852,grocery-incheon-03,GROCERY,mobile-primary-sim-cust-003,E-PAY,20,0,0,0,0,0,0,NORMAL_BASELINE
SIM-CUST-007-NORMAL-0039,SIM-CUST-007,Cho Hyunwoo,84278,2026-01-05T21:44:25,KR,Busan,35.175467,129.079245,online-busan-03,ONLINE,mobile-primary-sim-cust-007,E-PAY,21,0,0,0,0,0,0,NORMAL_BASELINE
SIM-CUST-016-NORMAL-0040,SIM-CUST-016,Hwang Yuna,81013,2026-01-06T08:18:32,KR,Seoul,37.560085,126.973744,online-seoul-04,ONLINE,mobile-primary-sim-cust-016,CARD,8,1,0,0,0,0,0,NORMAL_BASELINE
SIM-CUST-009-NORMAL-0040,SIM-CUST-009,Jang Jiwon,163598,2026-01-06T08:57:33,KR,Daegu,35.847857,128.615883,transfer-daegu-04,TRANSFER,mobile-primary-sim-cust-009,ACCOUNT,8,1,0,0,0,0,0,NORMAL_BASELINE
SIM-CUST-008-NORMAL-0040,SIM-CUST-008,Yoon Sumin,58685,2026-01-06T09:54:16,KR,Incheon,37.456157,126.720159,online-incheon-04,ONLINE,mobile-primary-sim-cust-008,CARD,9,1,0,0,0,0,0,NORMAL_BASELINE
SIM-CUST-001-NORMAL-0040,SIM-CUST-001,Kim Minjun,57284,2026-01-06T10:33:17,KR,Seoul,37.562594,126.966927,grocery-seoul-04,GROCERY,mobile-primary-sim-cust-001,CARD,10,1,0,0,0,0,0,NORMAL_BASELINE
SIM-CUST-011-NORMAL-0040,SIM-CUST-011,Han Minjun,77219,2026-01-06T11:03:07,KR,Seoul,37.571259,126.96064,dining-seoul-04,DINING,mobile-primary-sim-cust-011,E-PAY,11,1,0,0,0,0,0,NORMAL_BASELINE
SIM-CUST-015-NORMAL-0040,SIM-CUST-015,Kwon Doyun,101593,2026-01-06T11:15:15,KR,Daejeon,36.333667,127.359542,online-daejeon-04,ONLINE,mobile-primary-sim-cust-015,ACCOUNT,11,1,0,0,0,0,0,NORMAL_BASELINE
SIM-CUST-019-NORMAL-0040,SIM-CUST-019,Hong Jiwon,165165,2026-01-06T11:27:23,KR,Daegu,35.848336,128.587874,grocery-daegu-04,GROCERY,mobile-primary-sim-cust-019,CARD,11,1,0,0,0,0,0,NORMAL_BASELINE
SIM-CUST-010-NORMAL-0040,SIM-CUST-010,Lim Nari,50158,2026-01-06T12:00:50,KR,Daejeon,36.338259,127.365232,online-daejeon-04,ONLINE,mobile-primary-sim-cust-010,CARD,12,1,0,0,0,0,0,NORMAL_BASELINE
SIM-CUST-014-NORMAL-0040,SIM-CUST-014,Shin Haein,113697,2026-01-06T12:12:58,KR,Daegu,35.849441,128.612127,utility-daegu-04,UTILITY,mobile-primary-sim-cust-014,E-PAY,12,1,0,0,0,0,0,NORMAL_BASELINE
SIM-CUST-002-NORMAL-0040,SIM-CUST-002,Lee Seoyeon,45638,2026-01-06T13:36:34,KR,Busan,35.19812,129.090812,transport-busan-04,TRANSPORT,mobile-primary-sim-cust-002,CARD,13,1,0,0,0,0,0,NORMAL_BASELINE
SIM-CUST-006-NORMAL-0040,SIM-CUST-006,Kang Yuna,135137,2026-01-06T15:48:42,KR,Seoul,37.543672,126.979491,grocery-seoul-04,GROCERY,mobile-primary-sim-cust-006,ACCOUNT,15,1,0,0,0,0,0,NORMAL_BASELINE
SIM-CUST-012-NORMAL-0040,SIM-CUST-012,Oh Seoyeon,50802,2026-01-06T16:06:24,KR,Busan,35.16411,129.091327,dining-busan-04,DINING,mobile-primary-sim-cust-012,ACCOUNT,16,1,0,0,0,0,0,NORMAL_BASELINE
SIM-CUST-018-NORMAL-0040,SIM-CUST-018,Song Sumin,56237,2026-01-06T16:24:06,KR,Incheon,37.437719,126.723336,grocery-incheon-04,GROCERY,mobile-primary-sim-cust-018,ACCOUNT,16,1,0,0,0,0,0,NORMAL_BASELINE
SIM-CUST-013-NORMAL-0040,SIM-CUST-013,Seo Jiho,128426,2026-01-06T18:09:41,KR,Incheon,37.445518,126.722282,transport-incheon-04,TRANSPORT,mobile-primary-sim-cust-013,CARD,18,1,0,0,0,0,0,NORMAL_BASELINE
SIM-CUST-020-NORMAL-0040,SIM-CUST-020,Moon Nari,42429,2026-01-06T18:30:40,KR,Daejeon,36.334641,127.400517,utility-daejeon-04,UTILITY,mobile-primary-sim-cust-020,E-PAY,18,1,0,0,0,0,0,NORMAL_BASELINE
SIM-CUST-004-NORMAL-0040,SIM-CUST-004,Choi Haein,43554,2026-01-06T19:42:08,KR,Daegu,35.876913,128.597808,dining-daegu-04,DINING,mobile-primary-sim-cust-004,CARD,19,1,0,0,0,0,0,NORMAL_BASELINE
SIM-CUST-017-NORMAL-0040,SIM-CUST-017,Ahn Hyunwoo,63491,2026-01-06T20:21:49,KR,Busan,35.164148,129.06033,medical-busan-04,MEDICAL,mobile-primary-sim-cust-017,E-PAY,20,1,0,0,0,0,0,NORMAL_BASELINE
SIM-CUST-003-NORMAL-0040,SIM-CUST-003,Park Jiho,69564,2026-01-06T20:39:51,KR,Incheon,37.475957,126.687189,grocery-incheon-04,GROCERY,mobile-primary-sim-cust-003,E-PAY,20,1,0,0,0,0,0,NORMAL_BASELINE
SIM-CUST-005-NORMAL-0040,SIM-CUST-005,Jung Doyun,107358,2026-01-06T20:45:25,KR,Daejeon,36.365671,127.399618,dining-daejeon-04,DINING,mobile-primary-sim-cust-005,CARD,20,1,0,0,0,0,0,NORMAL_BASELINE
SIM-CUST-007-NORMAL-0040,SIM-CUST-007,Cho Hyunwoo,90473,2026-01-06T20:51:59,KR,Busan,35.171064,129.077712,transport-busan-04,TRANSPORT,mobile-primary-sim-cust-007,E-PAY,20,1,0,0,0,0,0,NORMAL_BASELINE
SIM-CUST-016-NORMAL-0041,SIM-CUST-016,Hwang Yuna,73427,2026-01-07T08:25:06,KR,Seoul,37.56743,126.960569,grocery-seoul-05,GROCERY,mobile-primary-sim-cust-016,CARD,8,2,0,0,0,0,0,NORMAL_BASELINE
SIM-CUST-020-NORMAL-0041,SIM-CUST-020,Moon Nari,46944,2026-01-07T08:37:14,KR,Daejeon,36.346151,127.386987,cafe-daejeon-05,CAFE,mobile-primary-sim-cust-020,E-PAY,8,2,0,0,0,0,0,NORMAL_BASELINE
SIM-CUST-018-NORMAL-0041,SIM-CUST-018,Song Sumin,63901,2026-01-07T09:31:40,KR,Incheon,37.456404,126.703359,utility-incheon-05,UTILITY,mobile-primary-sim-cust-018,ACCOUNT,9,2,0,0,0,0,0,NORMAL_BASELINE
SIM-CUST-008-NORMAL-0041,SIM-CUST-008,Yoon Sumin,61274,2026-01-07T10:01:50,KR,Incheon,37.448167,126.721995,medical-incheon-05,MEDICAL,mobile-primary-sim-cust-008,CARD,10,2,0,0,0,0,0,NORMAL_BASELINE
SIM-CUST-009-NORMAL-0041,SIM-CUST-009,Jang Jiwon,162645,2026-01-07T10:04:07,KR,Daegu,35.889026,128.624589,cafe-daegu-05,CAFE,mobile-primary-sim-cust-009,ACCOUNT,10,2,0,0,0,0,0,NORMAL_BASELINE
SIM-CUST-001-NORMAL-0041,SIM-CUST-001,Kim Minjun,53167,2026-01-07T10:40:51,KR,Seoul,37.581901,126.995798,online-seoul-05,ONLINE,mobile-primary-sim-cust-001,CARD,10,2,0,0,0,0,0,NORMAL_BASELINE
SIM-CUST-006-NORMAL-0041,SIM-CUST-006,Kang Yuna,141393,2026-01-07T10:55:16,KR,Seoul,37.579934,126.970526,utility-seoul-05,UTILITY,mobile-primary-sim-cust-006,ACCOUNT,10,2,0,0,0,0,0,NORMAL_BASELINE
SIM-CUST-015-NORMAL-0041,SIM-CUST-015,Kwon Doyun,96442,2026-01-07T11:22:49,KR,Daejeon,36.340776,127.36873,transport-daejeon-05,TRANSPORT,mobile-primary-sim-cust-015,ACCOUNT,11,2,0,0,0,0,0,NORMAL_BASELINE
SIM-CUST-007-NORMAL-0041,SIM-CUST-007,Cho Hyunwoo,85661,2026-01-07T11:58:33,KR,Busan,35.188802,129.060716,cafe-busan-05,CAFE,mobile-primary-sim-cust-007,E-PAY,11,2,0,0,0,0,0,NORMAL_BASELINE
SIM-CUST-010-NORMAL-0041,SIM-CUST-010,Lim Nari,50692,2026-01-07T12:07:24,KR,Daejeon,36.334533,127.397915,cafe-daejeon-05,CAFE,mobile-primary-sim-cust-010,CARD,12,2,0,0,0,0,0,NORMAL_BASELINE
SIM-CUST-013-NORMAL-0041,SIM-CUST-013,Seo Jiho,120211,2026-01-07T12:16:15,KR,Incheon,37.457676,126.697069,online-incheon-05,ONLINE,mobile-primary-sim-cust-013,CARD,12,2,0,0,0,0,0,NORMAL_BASELINE
SIM-CUST-014-NORMAL-0041,SIM-CUST-014,Shin Haein,97640,2026-01-07T12:19:32,KR,Daegu,35.888647,128.61887,transport-daegu-05,TRANSPORT,mobile-primary-sim-cust-014,E-PAY,12,2,0,0,0,0,0,NORMAL_BASELINE
SIM-CUST-002-NORMAL-0041,SIM-CUST-002,Lee Seoyeon,44716,2026-01-07T13:43:08,KR,Busan,35.202925,129.093607,transport-busan-05,TRANSPORT,mobile-primary-sim-cust-002,CARD,13,2,0,0,0,0,0,NORMAL_BASELINE
SIM-CUST-012-NORMAL-0041,SIM-CUST-012,Oh Seoyeon,50630,2026-01-07T15:13:58,KR,Busan,35.203177,129.058876,dining-busan-05,DINING,mobile-primary-sim-cust-012,ACCOUNT,15,2,0,0,0,0,0,NORMAL_BASELINE
SIM-CUST-019-NORMAL-0041,SIM-CUST-019,Hong Jiwon,153470,2026-01-07T18:34:57,KR,Daegu,35.872937,128.578427,grocery-daegu-05,GROCERY,mobile-primary-sim-cust-019,CARD,18,2,0,0,0,0,0,NORMAL_BASELINE
SIM-CUST-004-NORMAL-0041,SIM-CUST-004,Choi Haein,38070,2026-01-07T19:49:42,KR,Daegu,35.856747,128.579368,transport-daegu-05,TRANSPORT,mobile-primary-sim-cust-004,CARD,19,2,0,0,0,0,0,NORMAL_BASELINE
SIM-CUST-005-NORMAL-0041,SIM-CUST-005,Jung Doyun,95718,2026-01-07T20:52:59,KR,Daejeon,36.332396,127.360773,grocery-daejeon-05,GROCERY,mobile-primary-sim-cust-005,CARD,20,2,0,0,0,0,0,NORMAL_BASELINE
SIM-CUST-011-NORMAL-0041,SIM-CUST-011,Han Minjun,69550,2026-01-07T21:10:41,KR,Seoul,37.556792,126.967161,cafe-seoul-05,CAFE,mobile-primary-sim-cust-011,E-PAY,21,2,0,0,0,0,0,NORMAL_BASELINE
SIM-CUST-017-NORMAL-0041,SIM-CUST-017,Ahn Hyunwoo,71230,2026-01-07T21:28:23,KR,Busan,35.199618,129.07801,cafe-busan-05,CAFE,mobile-primary-sim-cust-017,E-PAY,21,2,0,0,0,0,0,NORMAL_BASELINE
SIM-CUST-003-NORMAL-0041,SIM-CUST-003,Park Jiho,75297,2026-01-07T21:46:25,KR,Incheon,37.462125,126.72233,online-incheon-05,ONLINE,mobile-primary-sim-cust-003,E-PAY,21,2,0,0,0,0,0,NORMAL_BASELINE
SIM-CUST-016-NORMAL-0042,SIM-CUST-016,Hwang Yuna,88822,2026-01-08T08:32:40,KR,Seoul,37.580828,126.954499,grocery-seoul-06,GROCERY,mobile-primary-sim-cust-016,CARD,8,3,0,0,0,0,0,NORMAL_BASELINE
SIM-CUST-013-NORMAL-0042,SIM-CUST-013,Seo Jiho,109583,2026-01-08T09:23:49,KR,Incheon,37.471426,126.716363,online-incheon-06,ONLINE,mobile-primary-sim-cust-013,CARD,9,3,0,0,0,0,0,NORMAL_BASELINE
SIM-CUST-001-NORMAL-0042,SIM-CUST-001,Kim Minjun,67031,2026-01-08T09:47:25,KR,Seoul,37.583301,127.00145,grocery-seoul-06,GROCERY,mobile-primary-sim-cust-001,CARD,9,3,0,0,0,0,0,NORMAL_BASELINE
SIM-CUST-004-NORMAL-0042,SIM-CUST-004,Choi Haein,42474,2026-01-08T09:56:16,KR,Daegu,35.854819,128.62535,cafe-daegu-06,CAFE,mobile-primary-sim-cust-004,CARD,9,3,0,0,0,0,0,NORMAL_BASELINE
SIM-CUST-007-NORMAL-0042,SIM-CUST-007,Cho Hyunwoo,89482,2026-01-08T11:05:07,KR,Busan,35.18079,129.057363,shopping-busan-06,SHOPPING,mobile-primary-sim-cust-007,E-PAY,11,3,0,0,0,0,0,NORMAL_BASELINE
SIM-CUST-015-NORMAL-0042,SIM-CUST-015,Kwon Doyun,111722,2026-01-08T11:29:23,KR,Daejeon,36.333107,127.387267,grocery-daejeon-06,GROCERY,mobile-primary-sim-cust-015,ACCOUNT,11,3,0,0,0,0,0,NORMAL_BASELINE
SIM-CUST-009-NORMAL-0042,SIM-CUST-009,Jang Jiwon,160091,2026-01-08T13:11:41,KR,Daegu,35.891225,128.592095,dining-daegu-06,DINING,mobile-primary-sim-cust-009,ACCOUNT,13,3,0,0,0,0,0,NORMAL_BASELINE
SIM-CUST-010-NORMAL-0042,SIM-CUST-010,Lim Nari,53034,2026-01-08T13:14:58,KR,Daejeon,36.33386,127.390224,utility-daejeon-06,UTILITY,mobile-primary-sim-cust-010,CARD,13,3,0,0,0,0,0,NORMAL_BASELINE
SIM-CUST-008-NORMAL-0042,SIM-CUST-008,Yoon Sumin,74396,2026-01-08T15:08:24,KR,Incheon,37.460098,126.687066,medical-incheon-06,MEDICAL,mobile-primary-sim-cust-008,CARD,15,3,0,0,0,0,0,NORMAL_BASELINE
SIM-CUST-006-NORMAL-0042,SIM-CUST-006,Kang Yuna,131771,2026-01-08T16:02:50,KR,Seoul,37.565357,126.964626,transfer-seoul-06,TRANSFER,mobile-primary-sim-cust-006,ACCOUNT,16,3,0,0,0,0,0,NORMAL_BASELINE
SIM-CUST-012-NORMAL-0042,SIM-CUST-012,Oh Seoyeon,50404,2026-01-08T16:20:32,KR,Busan,35.174642,129.064175,grocery-busan-06,GROCERY,mobile-primary-sim-cust-012,ACCOUNT,16,3,0,0,0,0,0,NORMAL_BASELINE
SIM-CUST-018-NORMAL-0042,SIM-CUST-018,Song Sumin,72327,2026-01-08T16:38:14,KR,Incheon,37.463985,126.682636,grocery-incheon-06,GROCERY,mobile-primary-sim-cust-018,ACCOUNT,16,3,0,0,0,0,0,NORMAL_BASELINE
SIM-CUST-014-NORMAL-0042,SIM-CUST-014,Shin Haein,114541,2026-01-08T18:26:06,KR,Daegu,35.863886,128.580274,dining-daegu-06,DINING,mobile-primary-sim-cust-014,E-PAY,18,3,0,0,0,0,0,NORMAL_BASELINE
SIM-CUST-020-NORMAL-0042,SIM-CUST-020,Moon Nari,43920,2026-01-08T18:44:48,KR,Daejeon,36.35982,127.376193,grocery-daejeon-06,GROCERY,mobile-primary-sim-cust-020,E-PAY,18,3,0,0,0,0,0,NORMAL_BASELINE
SIM-CUST-017-NORMAL-0042,SIM-CUST-017,Ahn Hyunwoo,67169,2026-01-08T19:35:57,KR,Busan,35.174241,129.074112,grocery-busan-06,GROCERY,mobile-primary-sim-cust-017,E-PAY,19,3,0,0,0,0,0,NORMAL_BASELINE
SIM-CUST-002-NORMAL-0042,SIM-CUST-002,Lee Seoyeon,48405,2026-01-08T19:50:42,KR,Busan,35.196887,129.078466,dining-busan-06,DINING,mobile-primary-sim-cust-002,CARD,19,3,0,0,0,0,0,NORMAL_BASELINE
SIM-CUST-005-NORMAL-0042,SIM-CUST-005,Jung Doyun,95765,2026-01-08T19:59:33,KR,Daejeon,36.346328,127.378914,transport-daejeon-06,TRANSPORT,mobile-primary-sim-cust-005,CARD,19,3,0,0,0,0,0,NORMAL_BASELINE
SIM-CUST-011-NORMAL-0042,SIM-CUST-011,Han Minjun,65353,2026-01-08T20:17:15,KR,Seoul,37.548333,126.976463,cafe-seoul-06,CAFE,mobile-primary-sim-cust-011,E-PAY,20,3,0,0,0,0,0,NORMAL_BASELINE
SIM-CUST-019-NORMAL-0042,SIM-CUST-019,Hong Jiwon,160958,2026-01-08T20:41:31,KR,Daegu,35.867901,128.624332,grocery-daegu-06,GROCERY,mobile-primary-sim-cust-019,CARD,20,3,0,0,0,0,0,NORMAL_BASELINE
SIM-CUST-003-NORMAL-0042,SIM-CUST-003,Park Jiho,84500,2026-01-08T21:53:59,KR,Incheon,37.457917,126.715637,online-incheon-06,ONLINE,mobile-primary-sim-cust-003,E-PAY,21,3,0,0,0,0,0,NORMAL_BASELINE
SIM-CUST-016-NORMAL-0043,SIM-CUST-016,Hwang Yuna,70790,2026-01-09T08:39:14,KR,Seoul,37.586949,126.966259,shopping-seoul-07,SHOPPING,mobile-primary-sim-cust-016,CARD,8,4,0,0,0,0,0,NORMAL_BASELINE
SIM-CUST-002-NORMAL-0043,SIM-CUST-002,Lee Seoyeon,37409,2026-01-09T08:57:16,KR,Busan,35.181429,129.073339,online-busan-07,ONLINE,mobile-primary-sim-cust-002,CARD,8,4,0,0,0,0,0,NORMAL_BASELINE
SIM-CUST-004-NORMAL-0043,SIM-CUST-004,Choi Haein,33428,2026-01-09T09:03:50,KR,Daegu,35.889301,128.625674,transport-daegu-07,TRANSPORT,mobile-primary-sim-cust-004,CARD,9,4,0,0,0,0,0,NORMAL_BASELINE
SIM-CUST-006-NORMAL-0043,SIM-CUST-006,Kang Yuna,133675,2026-01-09T09:09:24,KR,Seoul,37.561932,126.962451,transfer-seoul-07,TRANSFER,mobile-primary-sim-cust-006,ACCOUNT,9,4,0,0,0,0,0,NORMAL_BASELINE
SIM-CUST-008-NORMAL-0043,SIM-CUST-008,Yoon Sumin,58222,2026-01-09T10:15:58,KR,Incheon,37.448075,126.686237,dining-incheon-07,DINING,mobile-primary-sim-cust-008,CARD,10,4,0,0,0,0,0,NORMAL_BASELINE
SIM-CUST-009-NORMAL-0043,SIM-CUST-009,Jang Jiwon,166611,2026-01-09T10:18:15,KR,Daegu,35.86675,128.594572,online-daegu-07,ONLINE,mobile-primary-sim-cust-009,ACCOUNT,10,4,0,0,0,0,0,NORMAL_BASELINE
SIM-CUST-012-NORMAL-0043,SIM-CUST-012,Oh Seoyeon,40956,2026-01-09T10:27:06,KR,Busan,35.184206,129.051043,dining-busan-07,DINING,mobile-primary-sim-cust-012,ACCOUNT,10,4,0,0,0,0,0,NORMAL_BASELINE
SIM-CUST-005-NORMAL-0043,SIM-CUST-005,Jung Doyun,96507,2026-01-09T11:06:07,KR,Daejeon,36.366201,127.376658,cafe-daejeon-07,CAFE,mobile-primary-sim-cust-005,CARD,11,4,0,0,0,0,0,NORMAL_BASELINE
SIM-CUST-007-NORMAL-0043,SIM-CUST-007,Cho Hyunwoo,73801,2026-01-09T11:12:41,KR,Busan,35.162502,129.053991,cafe-busan-07,CAFE,mobile-primary-sim-cust-007,E-PAY,11,4,0,0,0,0,0,NORMAL_BASELINE
SIM-CUST-013-NORMAL-0043,SIM-CUST-013,Seo Jiho,99402,2026-01-09T11:30:23,KR,Incheon,37.435288,126.718931,online-incheon-07,ONLINE,mobile-primary-sim-cust-013,CARD,11,4,0,0,0,0,0,NORMAL_BASELINE
SIM-CUST-003-NORMAL-0043,SIM-CUST-003,Park Jiho,59201,2026-01-09T12:00:33,KR,Incheon,37.447862,126.68568,grocery-incheon-07,GROCERY,mobile-primary-sim-cust-003,E-PAY,12,4,0,0,0,0,0,NORMAL_BASELINE
SIM-CUST-011-NORMAL-0043,SIM-CUST-011,Han Minjun,54666,2026-01-09T12:24:49,KR,Seoul,37.584583,126.989518,utility-seoul-07,UTILITY,mobile-primary-sim-cust-011,E-PAY,12,4,0,0,0,0,0,NORMAL_BASELINE
SIM-CUST-015-NORMAL-0043,SIM-CUST-015,Kwon Doyun,83129,2026-01-09T12:36:57,KR,Daejeon,36.330396,127.386991,transport-daejeon-07,TRANSPORT,mobile-primary-sim-cust-015,ACCOUNT,12,4,0,0,0,0,0,NORMAL_BASELINE
SIM-CUST-014-NORMAL-0043,SIM-CUST-014,Shin Haein,85811,2026-01-09T13:33:40,KR,Daegu,35.856602,128.604918,utility-daegu-07,UTILITY,mobile-primary-sim-cust-014,E-PAY,13,4,0,0,0,0,0,NORMAL_BASELINE
SIM-CUST-018-NORMAL-0043,SIM-CUST-018,Song Sumin,56213,2026-01-09T16:45:48,KR,Incheon,37.439996,126.702786,transfer-incheon-07,TRANSFER,mobile-primary-sim-cust-018,ACCOUNT,16,4,0,0,0,0,0,NORMAL_BASELINE
SIM-CUST-010-NORMAL-0043,SIM-CUST-010,Lim Nari,48486,2026-01-09T18:21:32,KR,Daejeon,36.340301,127.364437,utility-daejeon-07,UTILITY,mobile-primary-sim-cust-010,CARD,18,4,0,0,0,0,0,NORMAL_BASELINE
SIM-CUST-020-NORMAL-0043,SIM-CUST-020,Moon Nari,39893,2026-01-09T19:51:22,KR,Daejeon,36.339582,127.40845,dining-daejeon-07,DINING,mobile-primary-sim-cust-020,E-PAY,19,4,0,0,0,0,0,NORMAL_BASELINE
SIM-CUST-017-NORMAL-0043,SIM-CUST-017,Ahn Hyunwoo,57106,2026-01-09T20:42:31,KR,Busan,35.196244,129.089329,cafe-busan-07,CAFE,mobile-primary-sim-cust-017,E-PAY,20,4,0,0,0,0,0,NORMAL_BASELINE
SIM-CUST-019-NORMAL-0043,SIM-CUST-019,Hong Jiwon,141637,2026-01-09T20:48:05,KR,Daegu,35.891375,128.623396,online-daegu-07,ONLINE,mobile-primary-sim-cust-019,CARD,20,4,0,0,0,0,0,NORMAL_BASELINE
SIM-CUST-001-NORMAL-0043,SIM-CUST-001,Kim Minjun,47070,2026-01-09T20:54:59,KR,Seoul,37.565782,126.963687,online-seoul-07,ONLINE,mobile-primary-sim-cust-001,CARD,20,4,0,0,0,0,0,NORMAL_BASELINE
SIM-CUST-004-NORMAL-0044,SIM-CUST-004,Choi Haein,37988,2026-01-10T07:10:24,KR,Daegu,35.86698,128.579364,transport-daegu-08,TRANSPORT,mobile-primary-sim-cust-004,CARD,7,5,0,0,0,0,0,NORMAL_BASELINE
SIM-CUST-020-NORMAL-0044,SIM-CUST-020,Moon Nari,46967,2026-01-10T08:58:56,KR,Daejeon,36.371234,127.403614,transport-daejeon-08,TRANSPORT,mobile-primary-sim-cust-020,E-PAY,8,5,0,0,0,0,0,NORMAL_BASELINE
SIM-CUST-006-NORMAL-0044,SIM-CUST-006,Kang Yuna,113372,2026-01-10T09:16:58,KR,Seoul,37.54186,126.985727,cafe-seoul-08,CAFE,mobile-primary-sim-cust-006,ACCOUNT,9,5,0,0,0,0,0,NORMAL_BASELINE
SIM-CUST-016-NORMAL-0044,SIM-CUST-016,Hwang Yuna,61978,2026-01-10T09:46:48,KR,Seoul,37.542925,126.976525,shopping-seoul-08,SHOPPING,mobile-primary-sim-cust-016,CARD,9,5,0,0,0,0,0,NORMAL_BASELINE
SIM-CUST-019-NORMAL-0044,SIM-CUST-019,Hong Jiwon,157689,2026-01-10T09:55:39,KR,Daegu,35.886131,128.608401,grocery-daegu-08,GROCERY,mobile-primary-sim-cust-019,CARD,9,5,0,0,0,0,0,NORMAL_BASELINE
SIM-CUST-008-NORMAL-0044,SIM-CUST-008,Yoon Sumin,53287,2026-01-10T10:22:32,KR,Incheon,37.449796,126.68845,dining-incheon-08,DINING,mobile-primary-sim-cust-008,CARD,10,5,0,0,0,0,0,NORMAL_BASELINE
SIM-CUST-018-NORMAL-0044,SIM-CUST-018,Song Sumin,58157,2026-01-10T10:52:22,KR,Incheon,37.452637,126.71454,transfer-incheon-08,TRANSFER,mobile-primary-sim-cust-018,ACCOUNT,10,5,0,0,0,0,0,NORMAL_BASELINE
SIM-CUST-001-NORMAL-0044,SIM-CUST-001,Kim Minjun,47733,2026-01-10T12:01:33,KR,Seoul,37.541608,126.972521,utility-seoul-08,UTILITY,web-trusted-sim-cust-001,CARD,12,5,0,0,0,0,0,NORMAL_BASELINE
SIM-CUST-013-NORMAL-0044,SIM-CUST-013,Seo Jiho,102015,2026-01-10T12:37:57,KR,Incheon,37.466123,126.702929,cafe-incheon-08,CAFE,mobile-primary-sim-cust-013,CARD,12,5,0,0,0,0,0,NORMAL_BASELINE
SIM-CUST-010-NORMAL-0044,SIM-CUST-010,Lim Nari,44902,2026-01-10T13:28:06,KR,Daejeon,36.344176,127.400887,grocery-daejeon-08,GROCERY,mobile-primary-sim-cust-010,CARD,13,5,0,0,0,0,0,NORMAL_BASELINE
SIM-CUST-011-NORMAL-0044,SIM-CUST-011,Han Minjun,69074,2026-01-10T13:31:23,KR,Seoul,37.588514,127.001525,grocery-seoul-08,GROCERY,mobile-primary-sim-cust-011,E-PAY,13,5,0,0,0,0,0,NORMAL_BASELINE
SIM-CUST-009-NORMAL-0044,SIM-CUST-009,Jang Jiwon,150724,2026-01-10T15:25:49,KR,Daegu,35.888391,128.618538,online-daegu-08,ONLINE,mobile-primary-sim-cust-009,ACCOUNT,15,5,0,0,0,0,0,NORMAL_BASELINE
SIM-CUST-012-NORMAL-0044,SIM-CUST-012,Oh Seoyeon,42858,2026-01-10T16:34:40,KR,Busan,35.180854,129.065771,grocery-busan-08,GROCERY,mobile-primary-sim-cust-012,ACCOUNT,16,5,0,0,0,0,0,NORMAL_BASELINE
SIM-CUST-002-NORMAL-0044,SIM-CUST-002,Lee Seoyeon,40455,2026-01-10T19:04:50,KR,Busan,35.173651,129.082527,dining-busan-08,DINING,mobile-primary-sim-cust-002,CARD,19,5,0,0,0,0,0,NORMAL_BASELINE
SIM-CUST-014-NORMAL-0044,SIM-CUST-014,Shin Haein,99896,2026-01-10T19:40:14,KR,Daegu,35.890193,128.583554,grocery-daegu-08,GROCERY,mobile-primary-sim-cust-014,E-PAY,19,5,0,0,0,0,0,NORMAL_BASELINE
SIM-CUST-003-NORMAL-0044,SIM-CUST-003,Park Jiho,72500,2026-01-10T20:07:07,KR,Incheon,37.467566,126.714602,cafe-incheon-08,CAFE,mobile-primary-sim-cust-003,E-PAY,20,5,0,0,0,0,0,NORMAL_BASELINE
SIM-CUST-015-NORMAL-0044,SIM-CUST-015,Kwon Doyun,100592,2026-01-10T20:43:31,KR,Daejeon,36.358822,127.401067,dining-daejeon-08,DINING,mobile-primary-sim-cust-015,ACCOUNT,20,5,0,0,0,0,0,NORMAL_BASELINE
SIM-CUST-017-NORMAL-0044,SIM-CUST-017,Ahn Hyunwoo,56492,2026-01-10T20:49:05,KR,Busan,35.171484,129.095096,grocery-busan-08,GROCERY,mobile-primary-sim-cust-017,E-PAY,20,5,0,0,0,0,0,NORMAL_BASELINE
SIM-CUST-005-NORMAL-0044,SIM-CUST-005,Jung Doyun,88415,2026-01-10T21:13:41,KR,Daejeon,36.364645,127.404826,dining-daejeon-08,DINING,mobile-primary-sim-cust-005,CARD,21,5,0,0,0,0,0,NORMAL_BASELINE
SIM-CUST-007-NORMAL-0044,SIM-CUST-007,Cho Hyunwoo,67126,2026-01-10T21:19:15,KR,Busan,35.17048,129.094582,utility-busan-08,UTILITY,mobile-primary-sim-cust-007,E-PAY,21,5,0,0,0,0,0,NORMAL_BASELINE
SIM-CUST-016-NORMAL-0045,SIM-CUST-016,Hwang Yuna,63092,2026-01-11T08:53:22,KR,Seoul,37.560352,126.982925,utility-seoul-09,UTILITY,mobile-primary-sim-cust-016,CARD,8,6,0,0,0,0,0,NORMAL_BASELINE
SIM-CUST-004-NORMAL-0045,SIM-CUST-004,Choi Haein,33134,2026-01-11T09:17:58,KR,Daegu,35.889704,128.588884,online-daegu-09,ONLINE,mobile-primary-sim-cust-004,CARD,9,6,0,0,0,0,0,NORMAL_BASELINE
SIM-CUST-009-NORMAL-0045,SIM-CUST-009,Jang Jiwon,165019,2026-01-11T09:32:23,KR,Daegu,35.893047,128.602498,transfer-daegu-09,TRANSFER,mobile-primary-sim-cust-009,ACCOUNT,9,6,0,0,0,0,0,NORMAL_BASELINE
SIM-CUST-018-NORMAL-0045,SIM-CUST-018,Song Sumin,57325,2026-01-11T09:59:56,KR,Incheon,37.431585,126.718987,transfer-incheon-09,TRANSFER,mobile-primary-sim-cust-018,ACCOUNT,9,6,0,0,0,0,0,NORMAL_BASELINE
SIM-CUST-003-NORMAL-0045,SIM-CUST-003,Park Jiho,64825,2026-01-11T10:14:41,KR,Incheon,37.46408,126.728803,cafe-incheon-09,CAFE,mobile-primary-sim-cust-003,E-PAY,10,6,0,0,0,0,0,NORMAL_BASELINE
SIM-CUST-007-NORMAL-0045,SIM-CUST-007,Cho Hyunwoo,81342,2026-01-11T10:26:49,KR,Busan,35.175302,129.071163,dining-busan-09,DINING,mobile-primary-sim-cust-007,E-PAY,10,6,0,0,0,0,0,NORMAL_BASELINE
SIM-CUST-008-NORMAL-0045,SIM-CUST-008,Yoon Sumin,52196,2026-01-11T10:29:06,KR,Incheon,37.436298,126.722568,utility-incheon-09,UTILITY,mobile-primary-sim-cust-008,CARD,10,6,0,0,0,0,0,NORMAL_BASELINE
SIM-CUST-012-NORMAL-0045,SIM-CUST-012,Oh Seoyeon,39115,2026-01-11T10:41:14,KR,Busan,35.160555,129.061796,dining-busan-09,DINING,mobile-primary-sim-cust-012,ACCOUNT,10,6,0,0,0,0,0,NORMAL_BASELINE
SIM-CUST-019-NORMAL-0045,SIM-CUST-019,Hong Jiwon,149828,2026-01-11T11:02:13,KR,Daegu,35.871232,128.605409,dining-daegu-09,DINING,mobile-primary-sim-cust-019,CARD,11,6,0,0,0,0,0,NORMAL_BASELINE
SIM-CUST-002-NORMAL-0045,SIM-CUST-002,Lee Seoyeon,40669,2026-01-11T12:11:24,KR,Busan,35.155851,129.094812,cafe-busan-09,CAFE,web-trusted-sim-cust-002,CARD,12,6,0,0,0,0,0,NORMAL_BASELINE
SIM-CUST-010-NORMAL-0045,SIM-CUST-010,Lim Nari,44516,2026-01-11T12:35:40,KR,Daejeon,36.35525,127.371325,utility-daejeon-09,UTILITY,mobile-primary-sim-cust-010,CARD,12,6,0,0,0,0,0,NORMAL_BASELINE
SIM-CUST-014-NORMAL-0045,SIM-CUST-014,Shin Haein,94653,2026-01-11T12:47:48,KR,Daegu,35.895155,128.62127,cafe-daegu-09,CAFE,mobile-primary-sim-cust-014,E-PAY,12,6,0,0,0,0,0,NORMAL_BASELINE
SIM-CUST-011-NORMAL-0045,SIM-CUST-011,Han Minjun,60691,2026-01-11T13:38:57,KR,Seoul,37.590876,126.956562,grocery-seoul-09,GROCERY,mobile-primary-sim-cust-011,E-PAY,13,6,0,0,0,0,0,NORMAL_BASELINE
SIM-CUST-006-NORMAL-0045,SIM-CUST-006,Kang Yuna,114447,2026-01-11T14:23:32,KR,Seoul,37.562804,126.982269,grocery-seoul-09,GROCERY,mobile-primary-sim-cust-006,ACCOUNT,14,6,0,0,0,0,0,NORMAL_BASELINE
SIM-CUST-020-NORMAL-0045,SIM-CUST-020,Moon Nari,42037,2026-01-11T19:05:30,KR,Daejeon,36.365004,127.366196,cafe-daejeon-09,CAFE,mobile-primary-sim-cust-020,E-PAY,19,6,0,0,0,0,0,NORMAL_BASELINE
SIM-CUST-001-NORMAL-0045,SIM-CUST-001,Kim Minjun,49816,2026-01-11T20:08:07,KR,Seoul,37.57633,126.989525,dining-seoul-09,DINING,mobile-primary-sim-cust-001,CARD,20,6,0,0,0,0,0,NORMAL_BASELINE
SIM-CUST-013-NORMAL-0045,SIM-CUST-013,Seo Jiho,116174,2026-01-11T20:44:31,KR,Incheon,37.473454,126.727085,cafe-incheon-09,CAFE,mobile-primary-sim-cust-013,CARD,20,6,0,0,0,0,0,NORMAL_BASELINE
SIM-CUST-005-NORMAL-0045,SIM-CUST-005,Jung Doyun,84615,2026-01-11T21:20:15,KR,Daejeon,36.333899,127.392381,grocery-daejeon-09,GROCERY,mobile-primary-sim-cust-005,CARD,21,6,0,0,0,0,0,NORMAL_BASELINE
SIM-CUST-017-NORMAL-0045,SIM-CUST-017,Ahn Hyunwoo,61801,2026-01-11T21:56:39,KR,Busan,35.163616,129.072749,grocery-busan-09,GROCERY,mobile-primary-sim-cust-017,E-PAY,21,6,0,0,0,0,0,NORMAL_BASELINE
SIM-CUST-015-NORMAL-0045,SIM-CUST-015,Kwon Doyun,101932,2026-01-11T22:50:05,KR,Daejeon,36.344779,127.375418,transport-daejeon-09,TRANSPORT,mobile-primary-sim-cust-015,ACCOUNT,22,6,0,0,0,0,0,NORMAL_BASELINE
SIM-CUST-020-NORMAL-0046,SIM-CUST-020,Moon Nari,44930,2026-01-12T08:12:04,KR,Daejeon,36.365826,127.403042,cafe-daejeon-10,CAFE,mobile-primary-sim-cust-020,E-PAY,8,0,0,0,0,0,0,NORMAL_BASELINE
SIM-CUST-004-NORMAL-0046,SIM-CUST-004,Choi Haein,38979,2026-01-12T09:24:32,KR,Daegu,35.880212,128.600873,online-daegu-10,ONLINE,mobile-primary-sim-cust-004,CARD,9,0,0,0,0,0,0,NORMAL_BASELINE
SIM-CUST-013-NORMAL-0046,SIM-CUST-013,Seo Jiho,95705,2026-01-12T09:51:05,KR,Incheon,37.43182,126.685457,online-incheon-10,ONLINE,mobile-primary-sim-cust-013,CARD,9,0,0,0,0,0,0,NORMAL_BASELINE
SIM-CUST-018-NORMAL-0046,SIM-CUST-018,Song Sumin,51900,2026-01-12T10:06:30,KR,Incheon,37.440434,126.697204,dining-incheon-10,DINING,mobile-primary-sim-cust-018,ACCOUNT,10,0,0,0,0,0,0,NORMAL_BASELINE
SIM-CUST-011-NORMAL-0046,SIM-CUST-011,Han Minjun,58582,2026-01-12T11:45:31,KR,Seoul,37.588106,126.961118,transport-seoul-10,TRANSPORT,mobile-primary-sim-cust-011,E-PAY,11,0,0,0,0,0,0,NORMAL_BASELINE
SIM-CUST-015-NORMAL-0046,SIM-CUST-015,Kwon Doyun,90023,2026-01-12T11:57:39,KR,Daejeon,36.33956,127.393237,grocery-daejeon-10,GROCERY,mobile-primary-sim-cust-015,ACCOUNT,11,0,0,0,0,0,0,NORMAL_BASELINE
SIM-CUST-014-NORMAL-0046,SIM-CUST-014,Shin Haein,109963,2026-01-12T12:54:22,KR,Daegu,35.877496,128.584416,grocery-daegu-10,GROCERY,mobile-primary-sim-cust-014,E-PAY,12,0,0,0,0,0,0,NORMAL_BASELINE
SIM-CUST-006-NORMAL-0046,SIM-CUST-006,Kang Yuna,125207,2026-01-12T14:30:06,KR,Seoul,37.559782,126.966778,online-seoul-10,ONLINE,mobile-primary-sim-cust-006,ACCOUNT,14,0,0,0,0,0,0,NORMAL_BASELINE
SIM-CUST-009-NORMAL-0046,SIM-CUST-009,Jang Jiwon,174154,2026-01-12T14:39:57,KR,Daegu,35.85899,128.620628,utility-daegu-10,UTILITY,mobile-primary-sim-cust-009,ACCOUNT,14,0,0,0,0,0,0,NORMAL_BASELINE
SIM-CUST-008-NORMAL-0046,SIM-CUST-008,Yoon Sumin,54396,2026-01-12T16:36:40,KR,Incheon,37.475281,126.684236,grocery-incheon-10,GROCERY,mobile-primary-sim-cust-008,CARD,16,0,0,0,0,0,0,NORMAL_BASELINE
SIM-CUST-012-NORMAL-0046,SIM-CUST-012,Oh Seoyeon,37285,2026-01-12T16:48:48,KR,Busan,35.162007,129.09478,dining-busan-10,DINING,mobile-primary-sim-cust-012,ACCOUNT,16,0,0,0,0,0,0,NORMAL_BASELINE
SIM-CUST-019-NORMAL-0046,SIM-CUST-019,Hong Jiwon,138569,2026-01-12T18:09:47,KR,Daegu,35.852194,128.588142,cafe-daegu-10,CAFE,mobile-primary-sim-cust-019,CARD,18,0,0,0,0,0,0,NORMAL_BASELINE
SIM-CUST-002-NORMAL-0046,SIM-CUST-002,Lee Seoyeon,44996,2026-01-12T18:18:58,KR,Busan,35.186983,129.08237,cafe-busan-10,CAFE,mobile-primary-sim-cust-002,CARD,18,0,0,0,0,0,0,NORMAL_BASELINE
SIM-CUST-016-NORMAL-0046,SIM-CUST-016,Hwang Yuna,64682,2026-01-12T19:00:56,KR,Seoul,37.558933,126.964135,shopping-seoul-10,SHOPPING,mobile-primary-sim-cust-016,CARD,19,0,0,0,0,0,0,NORMAL_BASELINE
SIM-CUST-001-NORMAL-0046,SIM-CUST-001,Kim Minjun,55766,2026-01-12T20:15:41,KR,Seoul,37.54924,126.967835,cafe-seoul-10,CAFE,mobile-primary-sim-cust-001,CARD,20,0,0,0,0,0,0,NORMAL_BASELINE
SIM-CUST-005-NORMAL-0046,SIM-CUST-005,Jung Doyun,81261,2026-01-12T20:27:49,KR,Daejeon,36.331797,127.372433,dining-daejeon-10,DINING,mobile-primary-sim-cust-005,CARD,20,0,0,0,0,0,0,NORMAL_BASELINE
SIM-CUST-007-NORMAL-0046,SIM-CUST-007,Cho Hyunwoo,81193,2026-01-12T20:33:23,KR,Busan,35.186442,129.087517,dining-busan-10,DINING,mobile-primary-sim-cust-007,E-PAY,20,0,0,0,0,0,0,NORMAL_BASELINE
SIM-CUST-010-NORMAL-0046,SIM-CUST-010,Lim Nari,46643,2026-01-12T20:42:14,KR,Daejeon,36.331154,127.362532,dining-daejeon-10,DINING,mobile-primary-sim-cust-010,CARD,20,0,0,0,0,0,0,NORMAL_BASELINE
SIM-CUST-017-NORMAL-0046,SIM-CUST-017,Ahn Hyunwoo,63207,2026-01-12T21:03:13,KR,Busan,35.163217,129.099782,medical-busan-10,MEDICAL,mobile-primary-sim-cust-017,E-PAY,21,0,0,0,0,0,0,NORMAL_BASELINE
SIM-CUST-003-NORMAL-0046,SIM-CUST-003,Park Jiho,72973,2026-01-12T21:21:15,KR,Incheon,37.460476,126.688726,cafe-incheon-10,CAFE,web-trusted-sim-cust-003,E-PAY,21,0,0,0,0,0,0,NORMAL_BASELINE
SIM-CUST-014-NORMAL-0047,SIM-CUST-014,Shin Haein,91709,2026-01-13T08:01:56,KR,Daegu,35.875961,128.581712,utility-daegu-11,UTILITY,mobile-primary-sim-cust-014,E-PAY,8,1,0,0,0,0,0,NORMAL_BASELINE
SIM-CUST-001-NORMAL-0047,SIM-CUST-001,Kim Minjun,54107,2026-01-13T09:22:15,KR,Seoul,37.578899,126.955858,cafe-seoul-11,CAFE,mobile-primary-sim-cust-001,CARD,9,1,0,0,0,0,0,NORMAL_BASELINE
SIM-CUST-008-NORMAL-0047,SIM-CUST-008,Yoon Sumin,53980,2026-01-13T09:43:14,KR,Incheon,37.463888,126.724546,medical-incheon-11,MEDICAL,mobile-primary-sim-cust-008,CARD,9,1,0,0,0,0,0,NORMAL_BASELINE
SIM-CUST-009-NORMAL-0047,SIM-CUST-009,Jang Jiwon,169959,2026-01-13T09:46:31,KR,Daegu,35.862071,128.618017,cafe-daegu-11,CAFE,mobile-primary-sim-cust-009,ACCOUNT,9,1,0,0,0,0,0,NORMAL_BASELINE
SIM-CUST-012-NORMAL-0047,SIM-CUST-012,Oh Seoyeon,45130,2026-01-13T10:55:22,KR,Busan,35.186721,129.06305,dining-busan-11,DINING,mobile-primary-sim-cust-012,ACCOUNT,10,1,0,0,0,0,0,NORMAL_BASELINE
SIM-CUST-007-NORMAL-0047,SIM-CUST-007,Cho Hyunwoo,69187,2026-01-13T11:40:57,KR,Busan,35.163837,129.088722,dining-busan-11,DINING,mobile-primary-sim-cust-007,E-PAY,11,1,0,0,0,0,0,NORMAL_BASELINE
SIM-CUST-013-NORMAL-0047,SIM-CUST-013,Seo Jiho,113888,2026-01-13T11:58:39,KR,Incheon,37.442617,126.684601,online-incheon-11,ONLINE,mobile-primary-sim-cust-013,CARD,11,1,0,0,0,0,0,NORMAL_BASELINE
SIM-CUST-019-NORMAL-0047,SIM-CUST-019,Hong Jiwon,141388,2026-01-13T12:16:21,KR,Daegu,35.873653,128.586413,cafe-daegu-11,CAFE,mobile-primary-sim-cust-019,CARD,12,1,0,0,0,0,0,NORMAL_BASELINE
SIM-CUST-002-NORMAL-0047,SIM-CUST-002,Lee Seoyeon,42240,2026-01-13T13:25:32,KR,Busan,35.175015,129.057589,utility-busan-11,UTILITY,mobile-primary-sim-cust-002,CARD,13,1,0,0,0,0,0,NORMAL_BASELINE
SIM-CUST-006-NORMAL-0047,SIM-CUST-006,Kang Yuna,126156,2026-01-13T15:37:40,KR,Seoul,37.580689,126.977123,dining-seoul-11,DINING,mobile-primary-sim-cust-006,ACCOUNT,15,1,0,0,0,0,0,NORMAL_BASELINE
SIM-CUST-018-NORMAL-0047,SIM-CUST-018,Song Sumin,54978,2026-01-13T16:13:04,KR,Incheon,37.453533,126.715239,online-incheon-11,ONLINE,mobile-primary-sim-cust-018,ACCOUNT,16,1,0,0,0,0,0,NORMAL_BASELINE
SIM-CUST-016-NORMAL-0047,SIM-CUST-016,Hwang Yuna,65543,2026-01-13T18:07:30,KR,Seoul,37.565284,127.002168,transport-seoul-11,TRANSPORT,mobile-primary-sim-cust-016,CARD,18,1,0,0,0,0,0,NORMAL_BASELINE
SIM-CUST-020-NORMAL-0047,SIM-CUST-020,Moon Nari,42080,2026-01-13T19:19:38,KR,Daejeon,36.352361,127.370792,dining-daejeon-11,DINING,mobile-primary-sim-cust-020,E-PAY,19,1,0,0,0,0,0,NORMAL_BASELINE
SIM-CUST-004-NORMAL-0047,SIM-CUST-004,Choi Haein,38206,2026-01-13T19:31:06,KR,Daegu,35.865159,128.580176,cafe-daegu-11,CAFE,web-trusted-sim-cust-004,CARD,19,1,0,0,0,0,0,NORMAL_BASELINE
SIM-CUST-010-NORMAL-0047,SIM-CUST-010,Lim Nari,43472,2026-01-13T19:49:48,KR,Daejeon,36.326845,127.391177,cafe-daejeon-11,CAFE,mobile-primary-sim-cust-010,CARD,19,1,0,0,0,0,0,NORMAL_BASELINE
SIM-CUST-011-NORMAL-0047,SIM-CUST-011,Han Minjun,69051,2026-01-13T19:52:05,KR,Seoul,37.579079,126.970429,utility-seoul-11,UTILITY,mobile-primary-sim-cust-011,E-PAY,19,1,0,0,0,0,0,NORMAL_BASELINE
SIM-CUST-015-NORMAL-0047,SIM-CUST-015,Kwon Doyun,95547,2026-01-13T20:04:13,KR,Daejeon,36.342743,127.392994,cafe-daejeon-11,CAFE,mobile-primary-sim-cust-015,ACCOUNT,20,1,0,0,0,0,0,NORMAL_BASELINE
SIM-CUST-005-NORMAL-0047,SIM-CUST-005,Jung Doyun,83904,2026-01-13T20:34:23,KR,Daejeon,36.359386,127.376282,dining-daejeon-11,DINING,mobile-primary-sim-cust-005,CARD,20,1,0,0,0,0,0,NORMAL_BASELINE
SIM-CUST-017-NORMAL-0047,SIM-CUST-017,Ahn Hyunwoo,57758,2026-01-13T21:10:47,KR,Busan,35.174694,129.089693,cafe-busan-11,CAFE,mobile-primary-sim-cust-017,E-PAY,21,1,0,0,0,0,0,NORMAL_BASELINE
SIM-CUST-003-NORMAL-0047,SIM-CUST-003,Park Jiho,74586,2026-01-13T22:28:49,KR,Incheon,37.45031,126.721283,dining-incheon-11,DINING,mobile-primary-sim-cust-003,E-PAY,22,1,0,0,0,0,0,NORMAL_BASELINE
SIM-CUST-004-NORMAL-0048,SIM-CUST-004,Choi Haein,39660,2026-01-14T07:38:40,KR,Daegu,35.881135,128.620266,grocery-daegu-12,GROCERY,mobile-primary-sim-cust-004,CARD,7,2,0,0,0,0,0,NORMAL_BASELINE
SIM-CUST-002-NORMAL-0048,SIM-CUST-002,Lee Seoyeon,44664,2026-01-14T08:32:06,KR,Busan,35.15946,129.094963,cafe-busan-12,CAFE,mobile-primary-sim-cust-002,CARD,8,2,0,0,0,0,0,NORMAL_BASELINE
SIM-CUST-014-NORMAL-0048,SIM-CUST-014,Shin Haein,101186,2026-01-14T09:08:30,KR,Daegu,35.885444,128.601809,online-daegu-12,ONLINE,mobile-primary-sim-cust-014,E-PAY,9,2,0,0,0,0,0,NORMAL_BASELINE
SIM-CUST-018-NORMAL-0048,SIM-CUST-018,Song Sumin,54274,2026-01-14T09:20:38,KR,Incheon,37.468318,126.727534,transfer-incheon-12,TRANSFER,mobile-primary-sim-cust-018,ACCOUNT,9,2,0,0,0,0,0,NORMAL_BASELINE
SIM-CUST-012-NORMAL-0048,SIM-CUST-012,Oh Seoyeon,37656,2026-01-14T10:02:56,KR,Busan,35.171973,129.080858,cafe-busan-12,CAFE,mobile-primary-sim-cust-012,ACCOUNT,10,2,0,0,0,0,0,NORMAL_BASELINE
SIM-CUST-003-NORMAL-0048,SIM-CUST-003,Park Jiho,78216,2026-01-14T11:35:23,KR,Incheon,37.436795,126.681147,online-incheon-12,ONLINE,mobile-primary-sim-cust-003,E-PAY,11,2,0,0,0,0,0,NORMAL_BASELINE
SIM-CUST-005-NORMAL-0048,SIM-CUST-005,Jung Doyun,85604,2026-01-14T11:41:57,KR,Daejeon,36.368972,127.380524,dining-daejeon-12,DINING,web-trusted-sim-cust-005,CARD,11,2,0,0,0,0,0,NORMAL_BASELINE
SIM-CUST-017-NORMAL-0048,SIM-CUST-017,Ahn Hyunwoo,60730,2026-01-14T12:17:21,KR,Busan,35.166885,129.087523,medical-busan-12,MEDICAL,mobile-primary-sim-cust-017,E-PAY,12,2,0,0,0,0,0,NORMAL_BASELINE
SIM-CUST-010-NORMAL-0048,SIM-CUST-010,Lim Nari,54237,2026-01-14T12:56:22,KR,Daejeon,36.359155,127.371816,utility-daejeon-12,UTILITY,mobile-primary-sim-cust-010,CARD,12,2,0,0,0,0,0,NORMAL_BASELINE
SIM-CUST-020-NORMAL-0048,SIM-CUST-020,Moon Nari,43088,2026-01-14T13:26:12,KR,Daejeon,36.326719,127.366465,grocery-daejeon-12,GROCERY,mobile-primary-sim-cust-020,E-PAY,13,2,0,0,0,0,0,NORMAL_BASELINE
SIM-CUST-006-NORMAL-0048,SIM-CUST-006,Kang Yuna,129566,2026-01-14T14:44:14,KR,Seoul,37.590925,126.981883,cafe-seoul-12,CAFE,mobile-primary-sim-cust-006,ACCOUNT,14,2,0,0,0,0,0,NORMAL_BASELINE
SIM-CUST-008-NORMAL-0048,SIM-CUST-008,Yoon Sumin,64499,2026-01-14T15:50:48,KR,Incheon,37.455101,126.686545,dining-incheon-12,DINING,mobile-primary-sim-cust-008,CARD,15,2,0,0,0,0,0,NORMAL_BASELINE
SIM-CUST-009-NORMAL-0048,SIM-CUST-009,Jang Jiwon,170704,2026-01-14T15:53:05,KR,Daegu,35.858197,128.597543,grocery-daegu-12,GROCERY,mobile-primary-sim-cust-009,ACCOUNT,15,2,0,0,0,0,0,NORMAL_BASELINE
SIM-CUST-001-NORMAL-0048,SIM-CUST-001,Kim Minjun,59446,2026-01-14T18:29:49,KR,Seoul,37.568056,126.955844,grocery-seoul-12,GROCERY,mobile-primary-sim-cust-001,CARD,18,2,0,0,0,0,0,NORMAL_BASELINE
SIM-CUST-013-NORMAL-0048,SIM-CUST-013,Seo Jiho,105883,2026-01-14T19:05:13,KR,Incheon,37.476444,126.729678,utility-incheon-12,UTILITY,mobile-primary-sim-cust-013,CARD,19,2,0,0,0,0,0,NORMAL_BASELINE
SIM-CUST-016-NORMAL-0048,SIM-CUST-016,Hwang Yuna,78952,2026-01-14T19:14:04,KR,Seoul,37.581971,126.953036,grocery-seoul-12,GROCERY,mobile-primary-sim-cust-016,CARD,19,2,0,0,0,0,0,NORMAL_BASELINE
SIM-CUST-019-NORMAL-0048,SIM-CUST-019,Hong Jiwon,142798,2026-01-14T19:23:55,KR,Daegu,35.85868,128.600393,grocery-daegu-12,GROCERY,mobile-primary-sim-cust-019,CARD,19,2,0,0,0,0,0,NORMAL_BASELINE
SIM-CUST-015-NORMAL-0048,SIM-CUST-015,Kwon Doyun,104412,2026-01-14T21:11:47,KR,Daejeon,36.334308,127.371258,transport-daejeon-12,TRANSPORT,mobile-primary-sim-cust-015,ACCOUNT,21,2,0,0,0,0,0,NORMAL_BASELINE
SIM-CUST-007-NORMAL-0048,SIM-CUST-007,Cho Hyunwoo,78911,2026-01-14T21:47:31,KR,Busan,35.185218,129.080418,cafe-busan-12,CAFE,mobile-primary-sim-cust-007,E-PAY,21,2,0,0,0,0,0,NORMAL_BASELINE
SIM-CUST-011-NORMAL-0048,SIM-CUST-011,Han Minjun,68459,2026-01-14T21:59:39,KR,Seoul,37.576323,126.985545,grocery-seoul-12,GROCERY,mobile-primary-sim-cust-011,E-PAY,21,2,0,0,0,0,0,NORMAL_BASELINE
SIM-CUST-009-NORMAL-0049,SIM-CUST-009,Jang Jiwon,152002,2026-01-15T09:00:39,KR,Daegu,35.860127,128.596819,transfer-daegu-01,TRANSFER,mobile-primary-sim-cust-009,ACCOUNT,9,3,0,0,0,0,0,NORMAL_BASELINE
SIM-CUST-019-NORMAL-0049,SIM-CUST-019,Hong Jiwon,159171,2026-01-15T09:30:29,KR,Daegu,35.85931,128.609273,grocery-daegu-01,GROCERY,mobile-primary-sim-cust-019,CARD,9,3,0,0,0,0,0,NORMAL_BASELINE
SIM-CUST-002-NORMAL-0049,SIM-CUST-002,Lee Seoyeon,43837,2026-01-15T09:39:40,KR,Busan,35.202069,129.085424,grocery-busan-01,GROCERY,mobile-primary-sim-cust-002,CARD,9,3,0,0,0,0,0,NORMAL_BASELINE
SIM-CUST-008-NORMAL-0049,SIM-CUST-008,Yoon Sumin,61312,2026-01-15T10:57:22,KR,Incheon,37.451902,126.727104,cafe-incheon-01,CAFE,mobile-primary-sim-cust-008,CARD,10,3,0,0,0,0,0,NORMAL_BASELINE
SIM-CUST-007-NORMAL-0049,SIM-CUST-007,Cho Hyunwoo,75226,2026-01-15T11:54:05,KR,Busan,35.189007,129.07443,dining-busan-01,DINING,mobile-primary-sim-cust-007,E-PAY,11,3,0,0,0,0,0,NORMAL_BASELINE
SIM-CUST-015-NORMAL-0049,SIM-CUST-015,Kwon Doyun,104084,2026-01-15T12:18:21,KR,Daejeon,36.355928,127.397084,transport-daejeon-01,TRANSPORT,mobile-primary-sim-cust-015,ACCOUNT,12,3,0,0,0,0,0,NORMAL_BASELINE
SIM-CUST-003-NORMAL-0049,SIM-CUST-003,Park Jiho,70030,2026-01-15T12:42:57,KR,Incheon,37.441495,126.705291,grocery-incheon-01,GROCERY,mobile-primary-sim-cust-003,E-PAY,12,3,0,0,0,0,0,NORMAL_BASELINE
SIM-CUST-020-NORMAL-0049,SIM-CUST-020,Moon Nari,48560,2026-01-15T13:33:46,KR,Daejeon,36.333284,127.370279,cafe-daejeon-01,CAFE,mobile-primary-sim-cust-020,E-PAY,13,3,0,0,0,0,0,NORMAL_BASELINE
SIM-CUST-005-NORMAL-0049,SIM-CUST-005,Jung Doyun,94385,2026-01-15T13:48:31,KR,Daejeon,36.348588,127.365389,grocery-daejeon-01,GROCERY,mobile-primary-sim-cust-005,CARD,13,3,0,0,0,0,0,NORMAL_BASELINE
SIM-CUST-012-NORMAL-0049,SIM-CUST-012,Oh Seoyeon,47635,2026-01-15T14:09:30,KR,Busan,35.198799,129.063802,dining-busan-01,DINING,mobile-primary-sim-cust-012,ACCOUNT,14,3,0,0,0,0,0,NORMAL_BASELINE
SIM-CUST-006-NORMAL-0049,SIM-CUST-006,Kang Yuna,142401,2026-01-15T15:51:48,KR,Seoul,37.574464,126.990391,dining-seoul-01,DINING,web-trusted-sim-cust-006,ACCOUNT,15,3,0,0,0,0,0,NORMAL_BASELINE
SIM-CUST-018-NORMAL-0049,SIM-CUST-018,Song Sumin,59875,2026-01-15T16:27:12,KR,Incheon,37.471017,126.701699,transfer-incheon-01,TRANSFER,mobile-primary-sim-cust-018,ACCOUNT,16,3,0,0,0,0,0,NORMAL_BASELINE
SIM-CUST-014-NORMAL-0049,SIM-CUST-014,Shin Haein,112541,2026-01-15T18:15:04,KR,Daegu,35.865342,128.605534,dining-daegu-01,DINING,mobile-primary-sim-cust-014,E-PAY,18,3,0,0,0,0,0,NORMAL_BASELINE
SIM-CUST-016-NORMAL-0049,SIM-CUST-016,Hwang Yuna,80574,2026-01-15T18:21:38,KR,Seoul,37.54791,126.985819,grocery-seoul-01,GROCERY,mobile-primary-sim-cust-016,CARD,18,3,0,0,0,0,0,NORMAL_BASELINE
SIM-CUST-001-NORMAL-0049,SIM-CUST-001,Kim Minjun,50630,2026-01-15T18:36:23,KR,Seoul,37.571252,126.986761,grocery-seoul-01,GROCERY,mobile-primary-sim-cust-001,CARD,18,3,0,0,0,0,0,NORMAL_BASELINE
SIM-CUST-004-NORMAL-0049,SIM-CUST-004,Choi Haein,36312,2026-01-15T18:45:14,KR,Daegu,35.846524,128.615107,utility-daegu-01,UTILITY,mobile-primary-sim-cust-004,CARD,18,3,0,0,0,0,0,NORMAL_BASELINE
SIM-CUST-011-NORMAL-0049,SIM-CUST-011,Han Minjun,62222,2026-01-15T19:06:13,KR,Seoul,37.543225,126.993656,dining-seoul-01,DINING,mobile-primary-sim-cust-011,E-PAY,19,3,0,0,0,0,0,NORMAL_BASELINE
SIM-CUST-013-NORMAL-0049,SIM-CUST-013,Seo Jiho,104153,2026-01-15T19:12:47,KR,Incheon,37.470547,126.68574,online-incheon-01,ONLINE,mobile-primary-sim-cust-013,CARD,19,3,0,0,0,0,0,NORMAL_BASELINE
SIM-CUST-017-NORMAL-0049,SIM-CUST-017,Ahn Hyunwoo,70669,2026-01-15T19:24:55,KR,Busan,35.185216,129.087366,medical-busan-01,MEDICAL,mobile-primary-sim-cust-017,E-PAY,19,3,0,0,0,0,0,NORMAL_BASELINE
SIM-CUST-010-NORMAL-0049,SIM-CUST-010,Lim Nari,45062,2026-01-15T20:03:56,KR,Daejeon,36.353812,127.381799,cafe-daejeon-01,CAFE,mobile-primary-sim-cust-010,CARD,20,3,0,0,0,0,0,NORMAL_BASELINE
SIM-CUST-004-NORMAL-0050,SIM-CUST-004,Choi Haein,31884,2026-01-16T07:52:48,KR,Daegu,35.879607,128.594311,dining-daegu-02,DINING,mobile-primary-sim-cust-004,CARD,7,4,0,0,0,0,0,NORMAL_BASELINE
SIM-CUST-016-NORMAL-0050,SIM-CUST-016,Hwang Yuna,65091,2026-01-16T09:28:12,KR,Seoul,37.54632,126.97764,utility-seoul-02,UTILITY,mobile-primary-sim-cust-016,CARD,9,4,0,0,0,0,0,NORMAL_BASELINE
SIM-CUST-012-NORMAL-0050,SIM-CUST-012,Oh Seoyeon,37633,2026-01-16T10:16:04,KR,Busan,35.170832,129.053463,grocery-busan-02,GROCERY,mobile-primary-sim-cust-012,ACCOUNT,10,4,0,0,0,0,0,NORMAL_BASELINE
SIM-CUST-015-NORMAL-0050,SIM-CUST-015,Kwon Doyun,75279,2026-01-16T10:25:55,KR,Daejeon,36.334799,127.370062,cafe-daejeon-02,CAFE,mobile-primary-sim-cust-015,ACCOUNT,10,4,0,0,0,0,0,NORMAL_BASELINE
SIM-CUST-001-NORMAL-0050,SIM-CUST-001,Kim Minjun,51342,2026-01-16T10:43:57,KR,Seoul,37.569984,126.981946,grocery-seoul-02,GROCERY,mobile-primary-sim-cust-001,CARD,10,4,0,0,0,0,0,NORMAL_BASELINE
SIM-CUST-013-NORMAL-0050,SIM-CUST-013,Seo Jiho,90143,2026-01-16T11:19:21,KR,Incheon,37.461938,126.720824,online-incheon-02,ONLINE,mobile-primary-sim-cust-013,CARD,11,4,0,0,0,0,0,NORMAL_BASELINE
SIM-CUST-017-NORMAL-0050,SIM-CUST-017,Ahn Hyunwoo,58243,2026-01-16T11:31:29,KR,Busan,35.158888,129.051033,dining-busan-02,DINING,mobile-primary-sim-cust-017,E-PAY,11,4,0,0,0,0,0,NORMAL_BASELINE
SIM-CUST-005-NORMAL-0050,SIM-CUST-005,Jung Doyun,80257,2026-01-16T11:55:05,KR,Daejeon,36.372615,127.363061,online-daejeon-02,ONLINE,mobile-primary-sim-cust-005,CARD,11,4,0,0,0,0,0,NORMAL_BASELINE
SIM-CUST-009-NORMAL-0050,SIM-CUST-009,Jang Jiwon,139727,2026-01-16T14:07:13,KR,Daegu,35.881381,128.582048,transfer-daegu-02,TRANSFER,mobile-primary-sim-cust-009,ACCOUNT,14,4,0,0,0,0,0,NORMAL_BASELINE
SIM-CUST-006-NORMAL-0050,SIM-CUST-006,Kang Yuna,123620,2026-01-16T15:58:22,KR,Seoul,37.546514,126.978417,dining-seoul-02,DINING,mobile-primary-sim-cust-006,ACCOUNT,15,4,0,0,0,0,0,NORMAL_BASELINE
SIM-CUST-008-NORMAL-0050,SIM-CUST-008,Yoon Sumin,53051,2026-01-16T16:04:56,KR,Incheon,37.46716,126.710802,dining-incheon-02,DINING,mobile-primary-sim-cust-008,CARD,16,4,0,0,0,0,0,NORMAL_BASELINE
SIM-CUST-018-NORMAL-0050,SIM-CUST-018,Song Sumin,49402,2026-01-16T16:34:46,KR,Incheon,37.458474,126.701131,utility-incheon-02,UTILITY,mobile-primary-sim-cust-018,ACCOUNT,16,4,0,0,0,0,0,NORMAL_BASELINE
SIM-CUST-020-NORMAL-0050,SIM-CUST-020,Moon Nari,34600,2026-01-16T18:40:20,KR,Daejeon,36.347965,127.37626,grocery-daejeon-02,GROCERY,mobile-primary-sim-cust-020,E-PAY,18,4,0,0,0,0,0,NORMAL_BASELINE
SIM-CUST-002-NORMAL-0050,SIM-CUST-002,Lee Seoyeon,40652,2026-01-16T18:46:14,KR,Busan,35.162326,129.071344,grocery-busan-02,GROCERY,mobile-primary-sim-cust-002,CARD,18,4,0,0,0,0,0,NORMAL_BASELINE
SIM-CUST-014-NORMAL-0050,SIM-CUST-014,Shin Haein,84331,2026-01-16T19:22:38,KR,Daegu,35.896291,128.580322,dining-daegu-02,DINING,mobile-primary-sim-cust-014,E-PAY,19,4,0,0,0,0,0,NORMAL_BASELINE
SIM-CUST-019-NORMAL-0050,SIM-CUST-019,Hong Jiwon,117726,2026-01-16T19:37:03,KR,Daegu,35.867722,128.612858,grocery-daegu-02,GROCERY,mobile-primary-sim-cust-019,CARD,19,4,0,0,0,0,0,NORMAL_BASELINE
SIM-CUST-010-NORMAL-0050,SIM-CUST-010,Lim Nari,46666,2026-01-16T20:10:30,KR,Daejeon,36.344065,127.408765,utility-daejeon-02,UTILITY,mobile-primary-sim-cust-010,CARD,20,4,0,0,0,0,0,NORMAL_BASELINE
SIM-CUST-007-NORMAL-0050,SIM-CUST-007,Cho Hyunwoo,65701,2026-01-16T21:01:39,KR,Busan,35.187078,129.059799,online-busan-02,ONLINE,web-trusted-sim-cust-007,E-PAY,21,4,0,0,0,0,0,NORMAL_BASELINE
SIM-CUST-011-NORMAL-0050,SIM-CUST-011,Han Minjun,50094,2026-01-16T21:13:47,KR,Seoul,37.574784,126.960394,dining-seoul-02,DINING,mobile-primary-sim-cust-011,E-PAY,21,4,0,0,0,0,0,NORMAL_BASELINE
SIM-CUST-003-NORMAL-0050,SIM-CUST-003,Park Jiho,66156,2026-01-16T21:49:31,KR,Incheon,37.468092,126.683314,utility-incheon-02,UTILITY,mobile-primary-sim-cust-003,E-PAY,21,4,0,0,0,0,0,NORMAL_BASELINE
SIM-CUST-004-NORMAL-0051,SIM-CUST-004,Choi Haein,31981,2026-01-17T07:59:22,KR,Daegu,35.894806,128.617642,online-daegu-03,ONLINE,mobile-primary-sim-cust-004,CARD,7,5,0,0,0,0,0,NORMAL_BASELINE
SIM-CUST-014-NORMAL-0051,SIM-CUST-014,Shin Haein,98523,2026-01-17T08:29:12,KR,Daegu,35.87467,128.626291,utility-daegu-03,UTILITY,mobile-primary-sim-cust-014,E-PAY,8,5,0,0,0,0,0,NORMAL_BASELINE
SIM-CUST-002-NORMAL-0051,SIM-CUST-002,Lee Seoyeon,40206,2026-01-17T08:53:48,KR,Busan,35.201553,129.064587,online-busan-03,ONLINE,mobile-primary-sim-cust-002,CARD,8,5,0,0,0,0,0,NORMAL_BASELINE
SIM-CUST-008-NORMAL-0051,SIM-CUST-008,Yoon Sumin,56305,2026-01-17T09:11:30,KR,Incheon,37.448693,126.680429,cafe-incheon-03,CAFE,web-trusted-sim-cust-008,CARD,9,5,0,0,0,0,0,NORMAL_BASELINE
SIM-CUST-012-NORMAL-0051,SIM-CUST-012,Oh Seoyeon,34855,2026-01-17T09:23:38,KR,Busan,35.202861,129.059437,online-busan-03,ONLINE,mobile-primary-sim-cust-012,ACCOUNT,9,5,0,0,0,0,0,NORMAL_BASELINE
SIM-CUST-018-NORMAL-0051,SIM-CUST-018,Song Sumin,52584,2026-01-17T09:41:20,KR,Incheon,37.452413,126.683459,transfer-incheon-03,TRANSFER,mobile-primary-sim-cust-018,ACCOUNT,9,5,0,0,0,0,0,NORMAL_BASELINE
SIM-CUST-001-NORMAL-0051,SIM-CUST-001,Kim Minjun,46434,2026-01-17T09:50:31,KR,Seoul,37.570684,126.979139,cafe-seoul-03,CAFE,mobile-primary-sim-cust-001,CARD,9,5,0,0,0,0,0,NORMAL_BASELINE
SIM-CUST-013-NORMAL-0051,SIM-CUST-013,Seo Jiho,105132,2026-01-17T11:26:55,KR,Incheon,37.460473,126.686195,dining-incheon-03,DINING,mobile-primary-sim-cust-013,CARD,11,5,0,0,0,0,0,NORMAL_BASELINE
SIM-CUST-017-NORMAL-0051,SIM-CUST-017,Ahn Hyunwoo,50168,2026-01-17T11:38:03,KR,Busan,35.201178,129.068435,medical-busan-03,MEDICAL,mobile-primary-sim-cust-017,E-PAY,11,5,0,0,0,0,0,NORMAL_BASELINE
SIM-CUST-019-NORMAL-0051,SIM-CUST-019,Hong Jiwon,143390,2026-01-17T11:44:37,KR,Daegu,35.861875,128.603516,grocery-daegu-03,GROCERY,mobile-primary-sim-cust-019,CARD,11,5,0,0,0,0,0,NORMAL_BASELINE
SIM-CUST-003-NORMAL-0051,SIM-CUST-003,Park Jiho,62784,2026-01-17T11:56:05,KR,Incheon,37.481206,126.704119,grocery-incheon-03,GROCERY,mobile-primary-sim-cust-003,E-PAY,11,5,0,0,0,0,0,NORMAL_BASELINE
SIM-CUST-005-NORMAL-0051,SIM-CUST-005,Jung Doyun,87029,2026-01-17T12:02:39,KR,Daejeon,36.344483,127.374418,grocery-daejeon-03,GROCERY,mobile-primary-sim-cust-005,CARD,12,5,0,0,0,0,0,NORMAL_BASELINE
SIM-CUST-010-NORMAL-0051,SIM-CUST-010,Lim Nari,42015,2026-01-17T13:17:04,KR,Daejeon,36.370975,127.382087,cafe-daejeon-03,CAFE,mobile-primary-sim-cust-010,CARD,13,5,0,0,0,0,0,NORMAL_BASELINE
SIM-CUST-020-NORMAL-0051,SIM-CUST-020,Moon Nari,36886,2026-01-17T13:47:54,KR,Daejeon,36.327224,127.396801,cafe-daejeon-03,CAFE,mobile-primary-sim-cust-020,E-PAY,13,5,0,0,0,0,0,NORMAL_BASELINE
SIM-CUST-006-NORMAL-0051,SIM-CUST-006,Kang Yuna,116835,2026-01-17T14:05:56,KR,Seoul,37.575728,126.955603,online-seoul-03,ONLINE,mobile-primary-sim-cust-006,ACCOUNT,14,5,0,0,0,0,0,NORMAL_BASELINE
SIM-CUST-009-NORMAL-0051,SIM-CUST-009,Jang Jiwon,147156,2026-01-17T14:14:47,KR,Daegu,35.894566,128.620372,grocery-daegu-03,GROCERY,mobile-primary-sim-cust-009,ACCOUNT,14,5,0,0,0,0,0,NORMAL_BASELINE
SIM-CUST-016-NORMAL-0051,SIM-CUST-016,Hwang Yuna,59510,2026-01-17T19:35:46,KR,Seoul,37.54799,127.000114,shopping-seoul-03,SHOPPING,mobile-primary-sim-cust-016,CARD,19,5,0,0,0,0,0,NORMAL_BASELINE
SIM-CUST-007-NORMAL-0051,SIM-CUST-007,Cho Hyunwoo,61614,2026-01-17T20:08:13,KR,Busan,35.164263,129.052211,grocery-busan-03,GROCERY,mobile-primary-sim-cust-007,E-PAY,20,5,0,0,0,0,0,NORMAL_BASELINE
SIM-CUST-011-NORMAL-0051,SIM-CUST-011,Han Minjun,59789,2026-01-17T20:20:21,KR,Seoul,37.554214,126.983107,grocery-seoul-03,GROCERY,mobile-primary-sim-cust-011,E-PAY,20,5,0,0,0,0,0,NORMAL_BASELINE
SIM-CUST-015-NORMAL-0051,SIM-CUST-015,Kwon Doyun,81459,2026-01-17T20:32:29,KR,Daejeon,36.334394,127.367037,transport-daejeon-03,TRANSPORT,mobile-primary-sim-cust-015,ACCOUNT,20,5,0,0,0,0,0,NORMAL_BASELINE
SIM-CUST-016-NORMAL-0052,SIM-CUST-016,Hwang Yuna,68699,2026-01-18T08:42:20,KR,Seoul,37.577363,126.967115,cafe-seoul-04,CAFE,mobile-primary-sim-cust-016,CARD,8,6,0,0,0,0,0,NORMAL_BASELINE
SIM-CUST-009-NORMAL-0052,SIM-CUST-009,Jang Jiwon,151187,2026-01-18T09:21:21,KR,Daegu,35.887468,128.577454,grocery-daegu-04,GROCERY,web-trusted-sim-cust-009,ACCOUNT,9,6,0,0,0,0,0,NORMAL_BASELINE
SIM-CUST-012-NORMAL-0052,SIM-CUST-012,Oh Seoyeon,42347,2026-01-18T09:30:12,KR,Busan,35.193509,129.089626,cafe-busan-04,CAFE,mobile-primary-sim-cust-012,ACCOUNT,9,6,0,0,0,0,0,NORMAL_BASELINE
SIM-CUST-007-NORMAL-0052,SIM-CUST-007,Cho Hyunwoo,75970,2026-01-18T10:15:47,KR,Busan,35.165728,129.084167,utility-busan-04,UTILITY,mobile-primary-sim-cust-007,E-PAY,10,6,0,0,0,0,0,NORMAL_BASELINE
SIM-CUST-008-NORMAL-0052,SIM-CUST-008,Yoon Sumin,60005,2026-01-18T10:18:04,KR,Incheon,37.48014,126.711146,medical-incheon-04,MEDICAL,mobile-primary-sim-cust-008,CARD,10,6,0,0,0,0,0,NORMAL_BASELINE
SIM-CUST-005-NORMAL-0052,SIM-CUST-005,Jung Doyun,74977,2026-01-18T11:09:13,KR,Daejeon,36.375017,127.376633,online-daejeon-04,ONLINE,mobile-primary-sim-cust-005,CARD,11,6,0,0,0,0,0,NORMAL_BASELINE
SIM-CUST-013-NORMAL-0052,SIM-CUST-013,Seo Jiho,103274,2026-01-18T11:33:29,KR,Incheon,37.47569,126.728492,online-incheon-04,ONLINE,mobile-primary-sim-cust-013,CARD,11,6,0,0,0,0,0,NORMAL_BASELINE
SIM-CUST-001-NORMAL-0052,SIM-CUST-001,Kim Minjun,50727,2026-01-18T11:57:05,KR,Seoul,37.553434,126.972789,grocery-seoul-04,GROCERY,mobile-primary-sim-cust-001,CARD,11,6,0,0,0,0,0,NORMAL_BASELINE
SIM-CUST-010-NORMAL-0052,SIM-CUST-010,Lim Nari,48363,2026-01-18T12:24:38,KR,Daejeon,36.356436,127.392153,online-daejeon-04,ONLINE,mobile-primary-sim-cust-010,CARD,12,6,0,0,0,0,0,NORMAL_BASELINE
SIM-CUST-015-NORMAL-0052,SIM-CUST-015,Kwon Doyun,91859,2026-01-18T12:39:03,KR,Daejeon,36.327141,127.407426,grocery-daejeon-04,GROCERY,mobile-primary-sim-cust-015,ACCOUNT,12,6,0,0,0,0,0,NORMAL_BASELINE
SIM-CUST-018-NORMAL-0052,SIM-CUST-018,Song Sumin,54963,2026-01-18T14:48:54,KR,Incheon,37.455031,126.705556,online-incheon-04,ONLINE,mobile-primary-sim-cust-018,ACCOUNT,14,6,0,0,0,0,0,NORMAL_BASELINE
SIM-CUST-006-NORMAL-0052,SIM-CUST-006,Kang Yuna,102530,2026-01-18T15:12:30,KR,Seoul,37.546054,126.960266,transport-seoul-04,TRANSPORT,mobile-primary-sim-cust-006,ACCOUNT,15,6,0,0,0,0,0,NORMAL_BASELINE
SIM-CUST-004-NORMAL-0052,SIM-CUST-004,Choi Haein,36000,2026-01-18T18:06:56,KR,Daegu,35.863288,128.605297,transport-daegu-04,TRANSPORT,mobile-primary-sim-cust-004,CARD,18,6,0,0,0,0,0,NORMAL_BASELINE
SIM-CUST-019-NORMAL-0052,SIM-CUST-019,Hong Jiwon,119509,2026-01-18T18:51:11,KR,Daegu,35.854178,128.582472,cafe-daegu-04,CAFE,mobile-primary-sim-cust-019,CARD,18,6,0,0,0,0,0,NORMAL_BASELINE
SIM-CUST-002-NORMAL-0052,SIM-CUST-002,Lee Seoyeon,39385,2026-01-18T19:00:22,KR,Busan,35.202128,129.093373,grocery-busan-04,GROCERY,mobile-primary-sim-cust-002,CARD,19,6,0,0,0,0,0,NORMAL_BASELINE
SIM-CUST-014-NORMAL-0052,SIM-CUST-014,Shin Haein,88309,2026-01-18T19:36:46,KR,Daegu,35.883052,128.61878,cafe-daegu-04,CAFE,mobile-primary-sim-cust-014,E-PAY,19,6,0,0,0,0,0,NORMAL_BASELINE
SIM-CUST-020-NORMAL-0052,SIM-CUST-020,Moon Nari,40101,2026-01-18T19:54:28,KR,Daejeon,36.345762,127.396857,cafe-daejeon-04,CAFE,mobile-primary-sim-cust-020,E-PAY,19,6,0,0,0,0,0,NORMAL_BASELINE
SIM-CUST-003-NORMAL-0052,SIM-CUST-003,Park Jiho,58270,2026-01-18T20:03:39,KR,Incheon,37.476906,126.697316,online-incheon-04,ONLINE,mobile-primary-sim-cust-003,E-PAY,20,6,0,0,0,0,0,NORMAL_BASELINE
SIM-CUST-011-NORMAL-0052,SIM-CUST-011,Han Minjun,51772,2026-01-18T21:27:55,KR,Seoul,37.580049,126.98522,online-seoul-04,ONLINE,mobile-primary-sim-cust-011,E-PAY,21,6,0,0,0,0,0,NORMAL_BASELINE
SIM-CUST-017-NORMAL-0052,SIM-CUST-017,Ahn Hyunwoo,52802,2026-01-18T21:45:37,KR,Busan,35.196634,129.068747,medical-busan-04,MEDICAL,mobile-primary-sim-cust-017,E-PAY,21,6,0,0,0,0,0,NORMAL_BASELINE
SIM-CUST-002-NORMAL-0053,SIM-CUST-002,Lee Seoyeon,39533,2026-01-19T08:07:56,KR,Busan,35.199685,129.082841,transport-busan-05,TRANSPORT,mobile-primary-sim-cust-002,CARD,8,0,0,0,0,0,0,NORMAL_BASELINE
SIM-CUST-012-NORMAL-0053,SIM-CUST-012,Oh Seoyeon,40631,2026-01-19T09:37:46,KR,Busan,35.201883,129.063467,dining-busan-05,DINING,mobile-primary-sim-cust-012,ACCOUNT,9,0,0,0,0,0,0,NORMAL_BASELINE
SIM-CUST-019-NORMAL-0053,SIM-CUST-019,Hong Jiwon,121847,2026-01-19T09:58:45,KR,Daegu,35.884917,128.614322,utility-daegu-05,UTILITY,mobile-primary-sim-cust-019,CARD,9,0,0,0,0,0,0,NORMAL_BASELINE
SIM-CUST-018-NORMAL-0053,SIM-CUST-018,Song Sumin,58872,2026-01-19T10:55:28,KR,Incheon,37.437351,126.6883,utility-incheon-05,UTILITY,mobile-primary-sim-cust-018,ACCOUNT,10,0,0,0,0,0,0,NORMAL_BASELINE
SIM-CUST-007-NORMAL-0053,SIM-CUST-007,Cho Hyunwoo,63056,2026-01-19T11:22:21,KR,Busan,35.200955,129.099881,dining-busan-05,DINING,mobile-primary-sim-cust-007,E-PAY,11,0,0,0,0,0,0,NORMAL_BASELINE
SIM-CUST-020-NORMAL-0053,SIM-CUST-020,Moon Nari,43476,2026-01-19T12:01:02,KR,Daejeon,36.342275,127.384119,cafe-daejeon-05,CAFE,mobile-primary-sim-cust-020,E-PAY,12,0,0,0,0,0,0,NORMAL_BASELINE
SIM-CUST-003-NORMAL-0053,SIM-CUST-003,Park Jiho,70114,2026-01-19T12:10:13,KR,Incheon,37.465337,126.720383,dining-incheon-05,DINING,mobile-primary-sim-cust-003,E-PAY,12,0,0,0,0,0,0,NORMAL_BASELINE
SIM-CUST-013-NORMAL-0053,SIM-CUST-013,Seo Jiho,103588,2026-01-19T12:40:03,KR,Incheon,37.457388,126.692226,cafe-incheon-05,CAFE,mobile-primary-sim-cust-013,CARD,12,0,0,0,0,0,0,NORMAL_BASELINE
SIM-CUST-010-NORMAL-0053,SIM-CUST-010,Lim Nari,49152,2026-01-19T13:31:12,KR,Daejeon,36.349509,127.389393,utility-daejeon-05,UTILITY,web-trusted-sim-cust-010,CARD,13,0,0,0,0,0,0,NORMAL_BASELINE
SIM-CUST-017-NORMAL-0053,SIM-CUST-017,Ahn Hyunwoo,62360,2026-01-19T13:52:11,KR,Busan,35.178354,129.08578,cafe-busan-05,CAFE,mobile-primary-sim-cust-017,E-PAY,13,0,0,0,0,0,0,NORMAL_BASELINE
SIM-CUST-009-NORMAL-0053,SIM-CUST-009,Jang Jiwon,155381,2026-01-19T14:28:55,KR,Daegu,35.886347,128.579134,transfer-daegu-05,TRANSFER,mobile-primary-sim-cust-009,ACCOUNT,14,0,0,0,0,0,0,NORMAL_BASELINE
SIM-CUST-006-NORMAL-0053,SIM-CUST-006,Kang Yuna,106457,2026-01-19T16:19:04,KR,Seoul,37.552589,126.957002,grocery-seoul-05,GROCERY,mobile-primary-sim-cust-006,ACCOUNT,16,0,0,0,0,0,0,NORMAL_BASELINE
SIM-CUST-008-NORMAL-0053,SIM-CUST-008,Yoon Sumin,54578,2026-01-19T16:25:38,KR,Incheon,37.462623,126.690605,grocery-incheon-05,GROCERY,mobile-primary-sim-cust-008,CARD,16,0,0,0,0,0,0,NORMAL_BASELINE
SIM-CUST-014-NORMAL-0053,SIM-CUST-014,Shin Haein,94372,2026-01-19T18:43:20,KR,Daegu,35.87936,128.602417,online-daegu-05,ONLINE,mobile-primary-sim-cust-014,E-PAY,18,0,0,0,0,0,0,NORMAL_BASELINE
SIM-CUST-001-NORMAL-0053,SIM-CUST-001,Kim Minjun,48851,2026-01-19T19:04:39,KR,Seoul,37.587951,126.999787,cafe-seoul-05,CAFE,mobile-primary-sim-cust-001,CARD,19,0,0,0,0,0,0,NORMAL_BASELINE
SIM-CUST-004-NORMAL-0053,SIM-CUST-004,Choi Haein,36481,2026-01-19T19:13:30,KR,Daegu,35.891108,128.614513,online-daegu-05,ONLINE,mobile-primary-sim-cust-004,CARD,19,0,0,0,0,0,0,NORMAL_BASELINE
SIM-CUST-011-NORMAL-0053,SIM-CUST-011,Han Minjun,60998,2026-01-19T19:34:29,KR,Seoul,37.58655,126.978927,grocery-seoul-05,GROCERY,mobile-primary-sim-cust-011,E-PAY,19,0,0,0,0,0,0,NORMAL_BASELINE
SIM-CUST-016-NORMAL-0053,SIM-CUST-016,Hwang Yuna,62150,2026-01-19T19:49:54,KR,Seoul,37.550731,126.985968,shopping-seoul-05,SHOPPING,mobile-primary-sim-cust-016,CARD,19,0,0,0,0,0,0,NORMAL_BASELINE
SIM-CUST-005-NORMAL-0053,SIM-CUST-005,Jung Doyun,93074,2026-01-19T20:16:47,KR,Daejeon,36.332561,127.40262,utility-daejeon-05,UTILITY,mobile-primary-sim-cust-005,CARD,20,0,0,0,0,0,0,NORMAL_BASELINE
SIM-CUST-015-NORMAL-0053,SIM-CUST-015,Kwon Doyun,85216,2026-01-19T20:46:37,KR,Daejeon,36.351267,127.364822,transport-daejeon-05,TRANSPORT,mobile-primary-sim-cust-015,ACCOUNT,20,0,0,0,0,0,0,NORMAL_BASELINE
SIM-CUST-004-NORMAL-0054,SIM-CUST-004,Choi Haein,37357,2026-01-20T07:20:04,KR,Daegu,35.869379,128.582612,transport-daegu-06,TRANSPORT,mobile-primary-sim-cust-004,CARD,7,1,0,0,0,0,0,NORMAL_BASELINE
SIM-CUST-002-NORMAL-0054,SIM-CUST-002,Lee Seoyeon,38774,2026-01-20T08:14:30,KR,Busan,35.160708,129.093002,grocery-busan-06,GROCERY,mobile-primary-sim-cust-002,CARD,8,1,0,0,0,0,0,NORMAL_BASELINE
SIM-CUST-001-NORMAL-0054,SIM-CUST-001,Kim Minjun,56514,2026-01-20T09:11:13,KR,Seoul,37.591305,126.956663,grocery-seoul-06,GROCERY,mobile-primary-sim-cust-001,CARD,9,1,0,0,0,0,0,NORMAL_BASELINE
SIM-CUST-006-NORMAL-0054,SIM-CUST-006,Kang Yuna,133911,2026-01-20T09:26:38,KR,Seoul,37.561532,126.985809,dining-seoul-06,DINING,mobile-primary-sim-cust-006,ACCOUNT,9,1,0,0,0,0,0,NORMAL_BASELINE
SIM-CUST-008-NORMAL-0054,SIM-CUST-008,Yoon Sumin,60355,2026-01-20T09:32:12,KR,Incheon,37.465562,126.728629,medical-incheon-06,MEDICAL,mobile-primary-sim-cust-008,CARD,9,1,0,0,0,0,0,NORMAL_BASELINE
SIM-CUST-016-NORMAL-0054,SIM-CUST-016,Hwang Yuna,67484,2026-01-20T09:56:28,KR,Seoul,37.571039,126.978845,dining-seoul-06,DINING,mobile-primary-sim-cust-016,CARD,9,1,0,0,0,0,0,NORMAL_BASELINE
SIM-CUST-015-NORMAL-0054,SIM-CUST-015,Kwon Doyun,94389,2026-01-20T10:53:11,KR,Daejeon,36.358193,127.379724,transport-daejeon-06,TRANSPORT,mobile-primary-sim-cust-015,ACCOUNT,10,1,0,0,0,0,0,NORMAL_BASELINE
SIM-CUST-019-NORMAL-0054,SIM-CUST-019,Hong Jiwon,126444,2026-01-20T11:05:19,KR,Daegu,35.868965,128.582472,transport-daegu-06,TRANSPORT,mobile-primary-sim-cust-019,CARD,11,1,0,0,0,0,0,NORMAL_BASELINE
SIM-CUST-003-NORMAL-0054,SIM-CUST-003,Park Jiho,61355,2026-01-20T12:17:47,KR,Incheon,37.443626,126.708104,cafe-incheon-06,CAFE,mobile-primary-sim-cust-003,E-PAY,12,1,0,0,0,0,0,NORMAL_BASELINE
SIM-CUST-005-NORMAL-0054,SIM-CUST-005,Jung Doyun,85349,2026-01-20T12:23:21,KR,Daejeon,36.356952,127.368341,dining-daejeon-06,DINING,mobile-primary-sim-cust-005,CARD,12,1,0,0,0,0,0,NORMAL_BASELINE
SIM-CUST-011-NORMAL-0054,SIM-CUST-011,Han Minjun,56463,2026-01-20T12:41:03,KR,Seoul,37.562844,126.987592,online-seoul-06,ONLINE,web-trusted-sim-cust-011,E-PAY,12,1,0,0,0,0,0,NORMAL_BASELINE
SIM-CUST-013-NORMAL-0054,SIM-CUST-013,Seo Jiho,113583,2026-01-20T12:47:37,KR,Incheon,37.447396,126.716743,cafe-incheon-06,CAFE,mobile-primary-sim-cust-013,CARD,12,1,0,0,0,0,0,NORMAL_BASELINE
SIM-CUST-014-NORMAL-0054,SIM-CUST-014,Shin Haein,101813,2026-01-20T12:50:54,KR,Daegu,35.861053,128.588601,utility-daegu-06,UTILITY,mobile-primary-sim-cust-014,E-PAY,12,1,0,0,0,0,0,NORMAL_BASELINE
SIM-CUST-020-NORMAL-0054,SIM-CUST-020,Moon Nari,46416,2026-01-20T13:08:36,KR,Daejeon,36.362588,127.385467,grocery-daejeon-06,GROCERY,mobile-primary-sim-cust-020,E-PAY,13,1,0,0,0,0,0,NORMAL_BASELINE
SIM-CUST-017-NORMAL-0054,SIM-CUST-017,Ahn Hyunwoo,63557,2026-01-20T13:59:45,KR,Busan,35.162591,129.094628,medical-busan-06,MEDICAL,mobile-primary-sim-cust-017,E-PAY,13,1,0,0,0,0,0,NORMAL_BASELINE
SIM-CUST-009-NORMAL-0054,SIM-CUST-009,Jang Jiwon,152642,2026-01-20T15:35:29,KR,Daegu,35.861863,128.624324,transfer-daegu-06,TRANSFER,mobile-primary-sim-cust-009,ACCOUNT,15,1,0,0,0,0,0,NORMAL_BASELINE
SIM-CUST-018-NORMAL-0054,SIM-CUST-018,Song Sumin,51486,2026-01-20T16:02:02,KR,Incheon,37.464293,126.707496,transfer-incheon-06,TRANSFER,mobile-primary-sim-cust-018,ACCOUNT,16,1,0,0,0,0,0,NORMAL_BASELINE
SIM-CUST-012-NORMAL-0054,SIM-CUST-012,Oh Seoyeon,42855,2026-01-20T16:44:20,KR,Busan,35.165632,129.06404,cafe-busan-06,CAFE,mobile-primary-sim-cust-012,ACCOUNT,16,1,0,0,0,0,0,NORMAL_BASELINE
SIM-CUST-010-NORMAL-0054,SIM-CUST-010,Lim Nari,49401,2026-01-20T19:38:46,KR,Daejeon,36.336038,127.401534,transport-daejeon-06,TRANSPORT,mobile-primary-sim-cust-010,CARD,19,1,0,0,0,0,0,NORMAL_BASELINE
SIM-CUST-007-NORMAL-0054,SIM-CUST-007,Cho Hyunwoo,69015,2026-01-20T21:29:55,KR,Busan,35.177477,129.062939,grocery-busan-06,GROCERY,mobile-primary-sim-cust-007,E-PAY,21,1,0,0,0,0,0,NORMAL_BASELINE
SIM-CUST-020-NORMAL-0055,SIM-CUST-020,Moon Nari,56887,2026-01-21T08:15:10,KR,Daejeon,36.364415,127.360398,cafe-daejeon-07,CAFE,mobile-primary-sim-cust-020,E-PAY,8,2,0,0,0,0,0,NORMAL_BASELINE
SIM-CUST-004-NORMAL-0055,SIM-CUST-004,Choi Haein,46053,2026-01-21T08:27:38,KR,Daegu,35.894302,128.586516,grocery-daegu-07,GROCERY,mobile-primary-sim-cust-004,CARD,8,2,0,0,0,0,0,NORMAL_BASELINE
SIM-CUST-016-NORMAL-0055,SIM-CUST-016,Hwang Yuna,92676,2026-01-21T09:03:02,KR,Seoul,37.562601,126.98606,dining-seoul-07,DINING,mobile-primary-sim-cust-016,CARD,9,2,0,0,0,0,0,NORMAL_BASELINE
SIM-CUST-014-NORMAL-0055,SIM-CUST-014,Shin Haein,156405,2026-01-21T09:57:28,KR,Daegu,35.857945,128.592141,online-daegu-07,ONLINE,mobile-primary-sim-cust-014,E-PAY,9,2,0,0,0,0,0,NORMAL_BASELINE
SIM-CUST-015-NORMAL-0055,SIM-CUST-015,Kwon Doyun,121710,2026-01-21T10:00:45,KR,Daejeon,36.350749,127.393815,transport-daejeon-07,TRANSPORT,mobile-primary-sim-cust-015,ACCOUNT,10,2,0,0,0,0,0,NORMAL_BASELINE
SIM-CUST-001-NORMAL-0055,SIM-CUST-001,Kim Minjun,68859,2026-01-21T10:18:47,KR,Seoul,37.55895,126.95644,grocery-seoul-07,GROCERY,mobile-primary-sim-cust-001,CARD,10,2,0,0,0,0,0,NORMAL_BASELINE
SIM-CUST-009-NORMAL-0055,SIM-CUST-009,Jang Jiwon,234476,2026-01-21T10:42:03,KR,Daegu,35.873146,128.588219,utility-daegu-07,UTILITY,mobile-primary-sim-cust-009,ACCOUNT,10,2,0,0,0,0,0,NORMAL_BASELINE
SIM-CUST-013-NORMAL-0055,SIM-CUST-013,Seo Jiho,161738,2026-01-21T10:54:11,KR,Incheon,37.466869,126.69785,online-incheon-07,ONLINE,mobile-primary-sim-cust-013,CARD,10,2,0,0,0,0,0,NORMAL_BASELINE
SIM-CUST-003-NORMAL-0055,SIM-CUST-003,Park Jiho,109755,2026-01-21T11:24:21,KR,Incheon,37.469859,126.715445,utility-incheon-07,UTILITY,mobile-primary-sim-cust-003,E-PAY,11,2,0,0,0,0,0,NORMAL_BASELINE
SIM-CUST-017-NORMAL-0055,SIM-CUST-017,Ahn Hyunwoo,89096,2026-01-21T12:06:19,KR,Busan,35.185514,129.058514,grocery-busan-07,GROCERY,mobile-primary-sim-cust-017,E-PAY,12,2,0,0,0,0,0,NORMAL_BASELINE
SIM-CUST-002-NORMAL-0055,SIM-CUST-002,Lee Seoyeon,58109,2026-01-21T13:21:04,KR,Busan,35.186575,129.099155,cafe-busan-07,CAFE,mobile-primary-sim-cust-002,CARD,13,2,0,0,0,0,0,NORMAL_BASELINE
SIM-CUST-006-NORMAL-0055,SIM-CUST-006,Kang Yuna,185351,2026-01-21T14:33:12,KR,Seoul,37.588786,126.994011,dining-seoul-07,DINING,mobile-primary-sim-cust-006,ACCOUNT,14,2,0,0,0,0,0,NORMAL_BASELINE
SIM-CUST-008-NORMAL-0055,SIM-CUST-008,Yoon Sumin,77344,2026-01-21T15:39:46,KR,Incheon,37.477434,126.682901,grocery-incheon-07,GROCERY,mobile-primary-sim-cust-008,CARD,15,2,0,0,0,0,0,NORMAL_BASELINE
SIM-CUST-018-NORMAL-0055,SIM-CUST-018,Song Sumin,74204,2026-01-21T16:09:36,KR,Incheon,37.4708,126.689476,transfer-incheon-07,TRANSFER,mobile-primary-sim-cust-018,ACCOUNT,16,2,0,0,0,0,0,NORMAL_BASELINE
SIM-CUST-012-NORMAL-0055,SIM-CUST-012,Oh Seoyeon,64442,2026-01-21T16:51:54,KR,Busan,35.174373,129.072903,cafe-busan-07,CAFE,web-trusted-sim-cust-012,ACCOUNT,16,2,0,0,0,0,0,NORMAL_BASELINE
SIM-CUST-010-NORMAL-0055,SIM-CUST-010,Lim Nari,71964,2026-01-21T18:45:20,KR,Daejeon,36.353554,127.374532,utility-daejeon-07,UTILITY,mobile-primary-sim-cust-010,CARD,18,2,0,0,0,0,0,NORMAL_BASELINE
SIM-CUST-019-NORMAL-0055,SIM-CUST-019,Hong Jiwon,208975,2026-01-21T20:12:53,KR,Daegu,35.871939,128.600462,online-daegu-07,ONLINE,mobile-primary-sim-cust-019,CARD,20,2,0,0,0,0,0,NORMAL_BASELINE
SIM-CUST-007-NORMAL-0055,SIM-CUST-007,Cho Hyunwoo,109992,2026-01-21T20:36:29,KR,Busan,35.195816,129.08661,dining-busan-07,DINING,mobile-primary-sim-cust-007,E-PAY,20,2,0,0,0,0,0,NORMAL_BASELINE
SIM-CUST-011-NORMAL-0055,SIM-CUST-011,Han Minjun,94728,2026-01-21T20:48:37,KR,Seoul,37.560639,126.968399,transport-seoul-07,TRANSPORT,mobile-primary-sim-cust-011,E-PAY,20,2,0,0,0,0,0,NORMAL_BASELINE
SIM-CUST-005-NORMAL-0055,SIM-CUST-005,Jung Doyun,126123,2026-01-21T21:30:55,KR,Daejeon,36.335869,127.398177,dining-daejeon-07,DINING,mobile-primary-sim-cust-005,CARD,21,2,0,0,0,0,0,NORMAL_BASELINE
SIM-CUST-014-NORMAL-0056,SIM-CUST-014,Shin Haein,142999,2026-01-22T08:04:02,KR,Daegu,35.89428,128.596896,dining-daegu-08,DINING,mobile-primary-sim-cust-014,E-PAY,8,3,0,0,0,0,0,NORMAL_BASELINE
SIM-CUST-020-NORMAL-0056,SIM-CUST-020,Moon Nari,69886,2026-01-22T08:22:44,KR,Daejeon,36.328169,127.403747,utility-daejeon-08,UTILITY,mobile-primary-sim-cust-020,E-PAY,8,3,0,0,0,0,0,NORMAL_BASELINE
SIM-CUST-002-NORMAL-0056,SIM-CUST-002,Lee Seoyeon,60347,2026-01-22T08:28:38,KR,Busan,35.160896,129.078829,dining-busan-08,DINING,mobile-primary-sim-cust-002,CARD,8,3,0,0,0,0,0,NORMAL_BASELINE
SIM-CUST-004-NORMAL-0056,SIM-CUST-004,Choi Haein,51261,2026-01-22T08:34:12,KR,Daegu,35.890121,128.62023,online-daegu-08,ONLINE,mobile-primary-sim-cust-004,CARD,8,3,0,0,0,0,0,NORMAL_BASELINE
SIM-CUST-015-NORMAL-0056,SIM-CUST-015,Kwon Doyun,152275,2026-01-22T10:07:19,KR,Daejeon,36.345485,127.398068,grocery-daejeon-08,GROCERY,mobile-primary-sim-cust-015,ACCOUNT,10,3,0,0,0,0,0,NORMAL_BASELINE
SIM-CUST-001-NORMAL-0056,SIM-CUST-001,Kim Minjun,71410,2026-01-22T10:25:21,KR,Seoul,37.583187,126.988177,grocery-seoul-08,GROCERY,mobile-primary-sim-cust-001,CARD,10,3,0,0,0,0,0,NORMAL_BASELINE
SIM-CUST-008-NORMAL-0056,SIM-CUST-008,Yoon Sumin,85294,2026-01-22T11:46:20,KR,Incheon,37.448015,126.720458,medical-incheon-08,MEDICAL,mobile-primary-sim-cust-008,CARD,11,3,0,0,0,0,0,NORMAL_BASELINE
SIM-CUST-009-NORMAL-0056,SIM-CUST-009,Jang Jiwon,253820,2026-01-22T13:49:37,KR,Daegu,35.866049,128.6253,grocery-daegu-08,GROCERY,mobile-primary-sim-cust-009,ACCOUNT,13,3,0,0,0,0,0,NORMAL_BASELINE
SIM-CUST-018-NORMAL-0056,SIM-CUST-018,Song Sumin,75913,2026-01-22T15:16:10,KR,Incheon,37.441422,126.695217,transfer-incheon-08,TRANSFER,mobile-primary-sim-cust-018,ACCOUNT,15,3,0,0,0,0,0,NORMAL_BASELINE
SIM-CUST-006-NORMAL-0056,SIM-CUST-006,Kang Yuna,173589,2026-01-22T15:40:46,KR,Seoul,37.574344,126.993195,grocery-seoul-08,GROCERY,mobile-primary-sim-cust-006,ACCOUNT,15,3,0,0,0,0,0,NORMAL_BASELINE
SIM-CUST-012-NORMAL-0056,SIM-CUST-012,Oh Seoyeon,67030,2026-01-22T15:58:28,KR,Busan,35.159285,129.059676,grocery-busan-08,GROCERY,mobile-primary-sim-cust-012,ACCOUNT,15,3,0,0,0,0,0,NORMAL_BASELINE
SIM-CUST-019-NORMAL-0056,SIM-CUST-019,Hong Jiwon,192634,2026-01-22T18:19:27,KR,Daegu,35.88585,128.594062,grocery-daegu-08,GROCERY,mobile-primary-sim-cust-019,CARD,18,3,0,0,0,0,0,NORMAL_BASELINE
SIM-CUST-016-NORMAL-0056,SIM-CUST-016,Hwang Yuna,113176,2026-01-22T19:10:36,KR,Seoul,37.578897,126.992989,dining-seoul-08,DINING,mobile-primary-sim-cust-016,CARD,19,3,0,0,0,0,0,NORMAL_BASELINE
SIM-CUST-010-NORMAL-0056,SIM-CUST-010,Lim Nari,75655,2026-01-22T19:52:54,KR,Daejeon,36.361654,127.409441,dining-daejeon-08,DINING,mobile-primary-sim-cust-010,CARD,19,3,0,0,0,0,0,NORMAL_BASELINE
SIM-CUST-011-NORMAL-0056,SIM-CUST-011,Han Minjun,103487,2026-01-22T19:55:11,KR,Seoul,37.584971,126.958464,dining-seoul-08,DINING,mobile-primary-sim-cust-011,E-PAY,19,3,0,0,0,0,0,NORMAL_BASELINE
SIM-CUST-013-NORMAL-0056,SIM-CUST-013,Seo Jiho,162707,2026-01-22T20:01:45,KR,Incheon,37.468063,126.690495,online-incheon-08,ONLINE,web-trusted-sim-cust-013,CARD,20,3,0,0,0,0,0,NORMAL_BASELINE
SIM-CUST-017-NORMAL-0056,SIM-CUST-017,Ahn Hyunwoo,95390,2026-01-22T20:13:53,KR,Busan,35.168662,129.093,cafe-busan-08,CAFE,mobile-primary-sim-cust-017,E-PAY,20,3,0,0,0,0,0,NORMAL_BASELINE
SIM-CUST-005-NORMAL-0056,SIM-CUST-005,Jung Doyun,131109,2026-01-22T20:37:29,KR,Daejeon,36.363578,127.363902,dining-daejeon-08,DINING,mobile-primary-sim-cust-005,CARD,20,3,0,0,0,0,0,NORMAL_BASELINE
SIM-CUST-007-NORMAL-0056,SIM-CUST-007,Cho Hyunwoo,116827,2026-01-22T20:43:03,KR,Busan,35.18429,129.076862,cafe-busan-08,CAFE,mobile-primary-sim-cust-007,E-PAY,20,3,0,0,0,0,0,NORMAL_BASELINE
SIM-CUST-003-NORMAL-0056,SIM-CUST-003,Park Jiho,97189,2026-01-22T22:31:55,KR,Incheon,37.44874,126.726885,dining-incheon-08,DINING,mobile-primary-sim-cust-003,E-PAY,22,3,0,0,0,0,0,NORMAL_BASELINE
SIM-CUST-016-NORMAL-0057,SIM-CUST-016,Hwang Yuna,69674,2026-01-23T07:17:10,KR,Seoul,37.542216,126.984732,online-seoul-09,ONLINE,mobile-primary-sim-cust-016,CARD,7,4,0,0,0,0,0,NORMAL_BASELINE
SIM-CUST-004-NORMAL-0057,SIM-CUST-004,Choi Haein,30308,2026-01-23T07:41:46,KR,Daegu,35.864992,128.62159,cafe-daegu-09,CAFE,mobile-primary-sim-cust-004,CARD,7,4,0,0,0,0,0,NORMAL_BASELINE
SIM-CUST-014-NORMAL-0057,SIM-CUST-014,Shin Haein,86874,2026-01-23T08:11:36,KR,Daegu,35.892132,128.609066,grocery-daegu-09,GROCERY,web-trusted-sim-cust-014,E-PAY,8,4,0,0,0,0,0,NORMAL_BASELINE
SIM-CUST-002-NORMAL-0057,SIM-CUST-002,Lee Seoyeon,38951,2026-01-23T08:35:12,KR,Busan,35.183919,129.091253,online-busan-09,ONLINE,mobile-primary-sim-cust-002,CARD,8,4,0,0,0,0,0,NORMAL_BASELINE
SIM-CUST-013-NORMAL-0057,SIM-CUST-013,Seo Jiho,93795,2026-01-23T09:08:19,KR,Incheon,37.441924,126.713725,online-incheon-09,ONLINE,mobile-primary-sim-cust-013,CARD,9,4,0,0,0,0,0,NORMAL_BASELINE
SIM-CUST-012-NORMAL-0057,SIM-CUST-012,Oh Seoyeon,33876,2026-01-23T10:05:02,KR,Busan,35.183083,129.097768,online-busan-09,ONLINE,mobile-primary-sim-cust-012,ACCOUNT,10,4,0,0,0,0,0,NORMAL_BASELINE
SIM-CUST-007-NORMAL-0057,SIM-CUST-007,Cho Hyunwoo,65433,2026-01-23T10:50:37,KR,Busan,35.195951,129.052721,grocery-busan-09,GROCERY,mobile-primary-sim-cust-007,E-PAY,10,4,0,0,0,0,0,NORMAL_BASELINE
SIM-CUST-009-NORMAL-0057,SIM-CUST-009,Jang Jiwon,152868,2026-01-23T10:56:11,KR,Daegu,35.884233,128.591271,transfer-daegu-09,TRANSFER,mobile-primary-sim-cust-009,ACCOUNT,10,4,0,0,0,0,0,NORMAL_BASELINE
SIM-CUST-015-NORMAL-0057,SIM-CUST-015,Kwon Doyun,86973,2026-01-23T12:14:53,KR,Daejeon,36.331198,127.399856,grocery-daejeon-09,GROCERY,mobile-primary-sim-cust-015,ACCOUNT,12,4,0,0,0,0,0,NORMAL_BASELINE
SIM-CUST-017-NORMAL-0057,SIM-CUST-017,Ahn Hyunwoo,56663,2026-01-23T12:20:27,KR,Busan,35.161932,129.072845,transport-busan-09,TRANSPORT,mobile-primary-sim-cust-017,E-PAY,12,4,0,0,0,0,0,NORMAL_BASELINE
SIM-CUST-019-NORMAL-0057,SIM-CUST-019,Hong Jiwon,129265,2026-01-23T12:26:01,KR,Daegu,35.858914,128.577311,online-daegu-09,ONLINE,mobile-primary-sim-cust-019,CARD,12,4,0,0,0,0,0,NORMAL_BASELINE
SIM-CUST-020-NORMAL-0057,SIM-CUST-020,Moon Nari,41940,2026-01-23T12:29:18,KR,Daejeon,36.329819,127.403062,grocery-daejeon-09,GROCERY,mobile-primary-sim-cust-020,E-PAY,12,4,0,0,0,0,0,NORMAL_BASELINE
SIM-CUST-006-NORMAL-0057,SIM-CUST-006,Kang Yuna,119272,2026-01-23T14:47:20,KR,Seoul,37.567027,126.987922,transfer-seoul-09,TRANSFER,mobile-primary-sim-cust-006,ACCOUNT,14,4,0,0,0,0,0,NORMAL_BASELINE
SIM-CUST-018-NORMAL-0057,SIM-CUST-018,Song Sumin,45704,2026-01-23T15:23:44,KR,Incheon,37.470704,126.685838,transfer-incheon-09,TRANSFER,mobile-primary-sim-cust-018,ACCOUNT,15,4,0,0,0,0,0,NORMAL_BASELINE
SIM-CUST-008-NORMAL-0057,SIM-CUST-008,Yoon Sumin,54811,2026-01-23T15:53:54,KR,Incheon,37.477543,126.688994,medical-incheon-09,MEDICAL,mobile-primary-sim-cust-008,CARD,15,4,0,0,0,0,0,NORMAL_BASELINE
SIM-CUST-001-NORMAL-0057,SIM-CUST-001,Kim Minjun,49871,2026-01-23T18:32:55,KR,Seoul,37.567947,126.986393,transport-seoul-09,TRANSPORT,mobile-primary-sim-cust-001,CARD,18,4,0,0,0,0,0,NORMAL_BASELINE
SIM-CUST-010-NORMAL-0057,SIM-CUST-010,Lim Nari,42085,2026-01-23T19:59:28,KR,Daejeon,36.365503,127.403697,utility-daejeon-09,UTILITY,mobile-primary-sim-cust-010,CARD,19,4,0,0,0,0,0,NORMAL_BASELINE
SIM-CUST-011-NORMAL-0057,SIM-CUST-011,Han Minjun,54285,2026-01-23T20:02:45,KR,Seoul,37.548636,126.990437,dining-seoul-09,DINING,mobile-primary-sim-cust-011,E-PAY,20,4,0,0,0,0,0,NORMAL_BASELINE
SIM-CUST-005-NORMAL-0057,SIM-CUST-005,Jung Doyun,77402,2026-01-23T20:44:03,KR,Daejeon,36.346851,127.38337,grocery-daejeon-09,GROCERY,mobile-primary-sim-cust-005,CARD,20,4,0,0,0,0,0,NORMAL_BASELINE
SIM-CUST-003-NORMAL-0057,SIM-CUST-003,Park Jiho,55409,2026-01-23T22:38:29,KR,Incheon,37.465131,126.699185,online-incheon-09,ONLINE,mobile-primary-sim-cust-003,E-PAY,22,4,0,0,0,0,0,NORMAL_BASELINE
SIM-CUST-016-NORMAL-0058,SIM-CUST-016,Hwang Yuna,62323,2026-01-24T08:24:44,KR,Seoul,37.570104,126.977192,shopping-seoul-10,SHOPPING,mobile-primary-sim-cust-016,CARD,8,5,0,0,0,0,0,NORMAL_BASELINE
SIM-CUST-020-NORMAL-0058,SIM-CUST-020,Moon Nari,41691,2026-01-24T08:36:52,KR,Daejeon,36.329034,127.406515,grocery-daejeon-10,GROCERY,mobile-primary-sim-cust-020,E-PAY,8,5,0,0,0,0,0,NORMAL_BASELINE
SIM-CUST-004-NORMAL-0058,SIM-CUST-004,Choi Haein,34437,2026-01-24T08:48:20,KR,Daegu,35.882699,128.614162,transport-daegu-10,TRANSPORT,mobile-primary-sim-cust-004,CARD,8,5,0,0,0,0,0,NORMAL_BASELINE
SIM-CUST-008-NORMAL-0058,SIM-CUST-008,Yoon Sumin,49021,2026-01-24T09:00:28,KR,Incheon,37.476054,126.71627,grocery-incheon-10,GROCERY,mobile-primary-sim-cust-008,CARD,9,5,0,0,0,0,0,NORMAL_BASELINE
SIM-CUST-009-NORMAL-0058,SIM-CUST-009,Jang Jiwon,148466,2026-01-24T09:03:45,KR,Daegu,35.890373,128.614737,utility-daegu-10,UTILITY,mobile-primary-sim-cust-009,ACCOUNT,9,5,0,0,0,0,0,NORMAL_BASELINE
SIM-CUST-002-NORMAL-0058,SIM-CUST-002,Lee Seoyeon,36639,2026-01-24T09:42:46,KR,Busan,35.199627,129.050742,cafe-busan-10,CAFE,mobile-primary-sim-cust-002,CARD,9,5,0,0,0,0,0,NORMAL_BASELINE
SIM-CUST-012-NORMAL-0058,SIM-CUST-012,Oh Seoyeon,33801,2026-01-24T10:12:36,KR,Busan,35.162746,129.059487,cafe-busan-10,CAFE,mobile-primary-sim-cust-012,ACCOUNT,10,5,0,0,0,0,0,NORMAL_BASELINE
SIM-CUST-017-NORMAL-0058,SIM-CUST-017,Ahn Hyunwoo,55089,2026-01-24T11:27:01,KR,Busan,35.173568,129.059123,medical-busan-10,MEDICAL,mobile-primary-sim-cust-017,E-PAY,11,5,0,0,0,0,0,NORMAL_BASELINE
SIM-CUST-005-NORMAL-0058,SIM-CUST-005,Jung Doyun,75981,2026-01-24T11:51:37,KR,Daejeon,36.344055,127.360204,dining-daejeon-10,DINING,mobile-primary-sim-cust-005,CARD,11,5,0,0,0,0,0,NORMAL_BASELINE
SIM-CUST-007-NORMAL-0058,SIM-CUST-007,Cho Hyunwoo,67067,2026-01-24T11:57:11,KR,Busan,35.191359,129.078485,grocery-busan-10,GROCERY,mobile-primary-sim-cust-007,E-PAY,11,5,0,0,0,0,0,NORMAL_BASELINE
SIM-CUST-013-NORMAL-0058,SIM-CUST-013,Seo Jiho,90395,2026-01-24T12:15:53,KR,Incheon,37.436527,126.690633,online-incheon-10,ONLINE,mobile-primary-sim-cust-013,CARD,12,5,0,0,0,0,0,NORMAL_BASELINE
SIM-CUST-018-NORMAL-0058,SIM-CUST-018,Song Sumin,46840,2026-01-24T14:30:18,KR,Incheon,37.475319,126.687053,cafe-incheon-10,CAFE,mobile-primary-sim-cust-018,ACCOUNT,14,5,0,0,0,0,0,NORMAL_BASELINE
SIM-CUST-006-NORMAL-0058,SIM-CUST-006,Kang Yuna,103463,2026-01-24T16:54:54,KR,Seoul,37.553463,126.953014,transfer-seoul-10,TRANSFER,mobile-primary-sim-cust-006,ACCOUNT,16,5,0,0,0,0,0,NORMAL_BASELINE
SIM-CUST-010-NORMAL-0058,SIM-CUST-010,Lim Nari,48597,2026-01-24T18:06:02,KR,Daejeon,36.360788,127.373151,cafe-daejeon-10,CAFE,mobile-primary-sim-cust-010,CARD,18,5,0,0,0,0,0,NORMAL_BASELINE
SIM-CUST-014-NORMAL-0058,SIM-CUST-014,Shin Haein,96197,2026-01-24T18:18:10,KR,Daegu,35.857888,128.617791,utility-daegu-10,UTILITY,mobile-primary-sim-cust-014,E-PAY,18,5,0,0,0,0,0,NORMAL_BASELINE
SIM-CUST-019-NORMAL-0058,SIM-CUST-019,Hong Jiwon,142035,2026-01-24T18:33:35,KR,Daegu,35.850721,128.579572,online-daegu-10,ONLINE,mobile-primary-sim-cust-019,CARD,18,5,0,0,0,0,0,NORMAL_BASELINE
SIM-CUST-001-NORMAL-0058,SIM-CUST-001,Kim Minjun,50172,2026-01-24T18:39:29,KR,Seoul,37.588447,126.959715,grocery-seoul-10,GROCERY,mobile-primary-sim-cust-001,CARD,18,5,0,0,0,0,0,NORMAL_BASELINE
SIM-CUST-015-NORMAL-0058,SIM-CUST-015,Kwon Doyun,91132,2026-01-24T20:21:27,KR,Daejeon,36.361001,127.401708,grocery-daejeon-10,GROCERY,web-trusted-sim-cust-015,ACCOUNT,20,5,0,0,0,0,0,NORMAL_BASELINE
SIM-CUST-003-NORMAL-0058,SIM-CUST-003,Park Jiho,69939,2026-01-24T20:45:03,KR,Incheon,37.471531,126.694723,online-incheon-10,ONLINE,mobile-primary-sim-cust-003,E-PAY,20,5,0,0,0,0,0,NORMAL_BASELINE
SIM-CUST-011-NORMAL-0058,SIM-CUST-011,Han Minjun,55892,2026-01-24T21:09:19,KR,Seoul,37.590851,126.993819,grocery-seoul-10,GROCERY,mobile-primary-sim-cust-011,E-PAY,21,5,0,0,0,0,0,NORMAL_BASELINE
SIM-CUST-014-NORMAL-0059,SIM-CUST-014,Shin Haein,88096,2026-01-25T09:25:44,KR,Daegu,35.891863,128.610105,utility-daegu-11,UTILITY,mobile-primary-sim-cust-014,E-PAY,9,6,0,0,0,0,0,NORMAL_BASELINE
SIM-CUST-016-NORMAL-0059,SIM-CUST-016,Hwang Yuna,73513,2026-01-25T09:31:18,KR,Seoul,37.590039,126.973283,shopping-seoul-11,SHOPPING,web-trusted-sim-cust-016,CARD,9,6,0,0,0,0,0,NORMAL_BASELINE
SIM-CUST-020-NORMAL-0059,SIM-CUST-020,Moon Nari,38374,2026-01-25T09:43:26,KR,Daejeon,36.33633,127.404375,cafe-daejeon-11,CAFE,mobile-primary-sim-cust-020,E-PAY,9,6,0,0,0,0,0,NORMAL_BASELINE
SIM-CUST-001-NORMAL-0059,SIM-CUST-001,Kim Minjun,53107,2026-01-25T09:46:03,KR,Seoul,37.549272,126.967088,online-seoul-11,ONLINE,mobile-primary-sim-cust-001,CARD,9,6,0,0,0,0,0,NORMAL_BASELINE
SIM-CUST-002-NORMAL-0059,SIM-CUST-002,Lee Seoyeon,41939,2026-01-25T09:49:20,KR,Busan,35.194526,129.056096,transport-busan-11,TRANSPORT,mobile-primary-sim-cust-002,CARD,9,6,0,0,0,0,0,NORMAL_BASELINE
SIM-CUST-006-NORMAL-0059,SIM-CUST-006,Kang Yuna,114406,2026-01-25T10:01:28,KR,Seoul,37.561472,126.986483,transfer-seoul-11,TRANSFER,mobile-primary-sim-cust-006,ACCOUNT,10,6,0,0,0,0,0,NORMAL_BASELINE
SIM-CUST-018-NORMAL-0059,SIM-CUST-018,Song Sumin,58976,2026-01-25T10:37:52,KR,Incheon,37.440733,126.703938,online-incheon-11,ONLINE,mobile-primary-sim-cust-018,ACCOUNT,10,6,0,0,0,0,0,NORMAL_BASELINE
SIM-CUST-019-NORMAL-0059,SIM-CUST-019,Hong Jiwon,138882,2026-01-25T10:40:09,KR,Daegu,35.880876,128.586109,grocery-daegu-11,GROCERY,mobile-primary-sim-cust-019,CARD,10,6,0,0,0,0,0,NORMAL_BASELINE
SIM-CUST-011-NORMAL-0059,SIM-CUST-011,Han Minjun,64790,2026-01-25T11:16:53,KR,Seoul,37.562392,126.973842,cafe-seoul-11,CAFE,mobile-primary-sim-cust-011,E-PAY,11,6,0,0,0,0,0,NORMAL_BASELINE
SIM-CUST-017-NORMAL-0059,SIM-CUST-017,Ahn Hyunwoo,65702,2026-01-25T11:34:35,KR,Busan,35.172719,129.072647,cafe-busan-11,CAFE,mobile-primary-sim-cust-017,E-PAY,11,6,0,0,0,0,0,NORMAL_BASELINE
SIM-CUST-015-NORMAL-0059,SIM-CUST-015,Kwon Doyun,82172,2026-01-25T12:28:01,KR,Daejeon,36.346603,127.397481,transport-daejeon-11,TRANSPORT,mobile-primary-sim-cust-015,ACCOUNT,12,6,0,0,0,0,0,NORMAL_BASELINE
SIM-CUST-003-NORMAL-0059,SIM-CUST-003,Park Jiho,59193,2026-01-25T12:52:37,KR,Incheon,37.4775,126.712999,utility-incheon-11,UTILITY,mobile-primary-sim-cust-003,E-PAY,12,6,0,0,0,0,0,NORMAL_BASELINE
SIM-CUST-009-NORMAL-0059,SIM-CUST-009,Jang Jiwon,141796,2026-01-25T13:10:19,KR,Daegu,35.850405,128.615373,dining-daegu-11,DINING,mobile-primary-sim-cust-009,ACCOUNT,13,6,0,0,0,0,0,NORMAL_BASELINE
SIM-CUST-005-NORMAL-0059,SIM-CUST-005,Jung Doyun,85645,2026-01-25T13:58:11,KR,Daejeon,36.326296,127.359706,dining-daejeon-11,DINING,mobile-primary-sim-cust-005,CARD,13,6,0,0,0,0,0,NORMAL_BASELINE
SIM-CUST-012-NORMAL-0059,SIM-CUST-012,Oh Seoyeon,36704,2026-01-25T15:19:10,KR,Busan,35.161776,129.07192,dining-busan-11,DINING,mobile-primary-sim-cust-012,ACCOUNT,15,6,0,0,0,0,0,NORMAL_BASELINE
SIM-CUST-008-NORMAL-0059,SIM-CUST-008,Yoon Sumin,54972,2026-01-25T16:07:02,KR,Incheon,37.468654,126.725119,cafe-incheon-11,CAFE,mobile-primary-sim-cust-008,CARD,16,6,0,0,0,0,0,NORMAL_BASELINE
SIM-CUST-010-NORMAL-0059,SIM-CUST-010,Lim Nari,44981,2026-01-25T18:13:36,KR,Daejeon,36.355376,127.360294,utility-daejeon-11,UTILITY,mobile-primary-sim-cust-010,CARD,18,6,0,0,0,0,0,NORMAL_BASELINE
SIM-CUST-013-NORMAL-0059,SIM-CUST-013,Seo Jiho,101782,2026-01-25T18:22:27,KR,Incheon,37.446968,126.727419,dining-incheon-11,DINING,mobile-primary-sim-cust-013,CARD,18,6,0,0,0,0,0,NORMAL_BASELINE
SIM-CUST-004-NORMAL-0059,SIM-CUST-004,Choi Haein,36450,2026-01-25T18:55:54,KR,Daegu,35.846454,128.60024,cafe-daegu-11,CAFE,mobile-primary-sim-cust-004,CARD,18,6,0,0,0,0,0,NORMAL_BASELINE
SIM-CUST-007-NORMAL-0059,SIM-CUST-007,Cho Hyunwoo,79280,2026-01-25T21:04:45,KR,Busan,35.164093,129.072578,dining-busan-11,DINING,mobile-primary-sim-cust-007,E-PAY,21,6,0,0,0,0,0,NORMAL_BASELINE
SIM-CUST-004-NORMAL-0060,SIM-CUST-004,Choi Haein,36351,2026-01-26T08:02:28,KR,Daegu,35.868653,128.576803,cafe-daegu-12,CAFE,mobile-primary-sim-cust-004,CARD,8,0,0,0,0,0,0,NORMAL_BASELINE
SIM-CUST-016-NORMAL-0060,SIM-CUST-016,Hwang Yuna,66434,2026-01-26T08:38:52,KR,Seoul,37.563493,126.990248,grocery-seoul-12,GROCERY,mobile-primary-sim-cust-016,CARD,8,0,0,0,0,0,0,NORMAL_BASELINE
SIM-CUST-002-NORMAL-0060,SIM-CUST-002,Lee Seoyeon,41780,2026-01-26T08:56:54,KR,Busan,35.194022,129.080043,cafe-busan-12,CAFE,mobile-primary-sim-cust-002,CARD,8,0,0,0,0,0,0,NORMAL_BASELINE
SIM-CUST-008-NORMAL-0060,SIM-CUST-008,Yoon Sumin,55914,2026-01-26T10:14:36,KR,Incheon,37.436203,126.717087,dining-incheon-12,DINING,mobile-primary-sim-cust-008,CARD,10,0,0,0,0,0,0,NORMAL_BASELINE
SIM-CUST-001-NORMAL-0060,SIM-CUST-001,Kim Minjun,48623,2026-01-26T10:53:37,KR,Seoul,37.573212,126.966199,dining-seoul-12,DINING,mobile-primary-sim-cust-001,CARD,10,0,0,0,0,0,0,NORMAL_BASELINE
SIM-CUST-020-NORMAL-0060,SIM-CUST-020,Moon Nari,42508,2026-01-26T12:50:00,KR,Daejeon,36.352915,127.381312,cafe-daejeon-12,CAFE,mobile-primary-sim-cust-020,E-PAY,12,0,0,0,0,0,0,NORMAL_BASELINE
SIM-CUST-009-NORMAL-0060,SIM-CUST-009,Jang Jiwon,152608,2026-01-26T13:17:53,KR,Daegu,35.888458,128.612269,grocery-daegu-12,GROCERY,mobile-primary-sim-cust-009,ACCOUNT,13,0,0,0,0,0,0,NORMAL_BASELINE
SIM-CUST-010-NORMAL-0060,SIM-CUST-010,Lim Nari,41707,2026-01-26T13:20:10,KR,Daejeon,36.349226,127.404572,cafe-daejeon-12,CAFE,mobile-primary-sim-cust-010,CARD,13,0,0,0,0,0,0,NORMAL_BASELINE
SIM-CUST-011-NORMAL-0060,SIM-CUST-011,Han Minjun,58417,2026-01-26T13:23:27,KR,Seoul,37.560233,126.988202,dining-seoul-12,DINING,mobile-primary-sim-cust-011,E-PAY,13,0,0,0,0,0,0,NORMAL_BASELINE
SIM-CUST-006-NORMAL-0060,SIM-CUST-006,Kang Yuna,126169,2026-01-26T15:08:02,KR,Seoul,37.578346,126.956431,cafe-seoul-12,CAFE,mobile-primary-sim-cust-006,ACCOUNT,15,0,0,0,0,0,0,NORMAL_BASELINE
SIM-CUST-012-NORMAL-0060,SIM-CUST-012,Oh Seoyeon,45773,2026-01-26T15:26:44,KR,Busan,35.159612,129.076939,utility-busan-12,UTILITY,mobile-primary-sim-cust-012,ACCOUNT,15,0,0,0,0,0,0,NORMAL_BASELINE
SIM-CUST-018-NORMAL-0060,SIM-CUST-018,Song Sumin,52878,2026-01-26T15:44:26,KR,Incheon,37.458952,126.711551,transfer-incheon-12,TRANSFER,mobile-primary-sim-cust-018,ACCOUNT,15,0,0,0,0,0,0,NORMAL_BASELINE
SIM-CUST-007-NORMAL-0060,SIM-CUST-007,Cho Hyunwoo,70635,2026-01-26T19:11:19,KR,Busan,35.162924,129.065321,dining-busan-12,DINING,mobile-primary-sim-cust-007,E-PAY,19,0,0,0,0,0,0,NORMAL_BASELINE
SIM-CUST-013-NORMAL-0060,SIM-CUST-013,Seo Jiho,96949,2026-01-26T19:29:01,KR,Incheon,37.456526,126.725906,grocery-incheon-12,GROCERY,mobile-primary-sim-cust-013,CARD,19,0,0,0,0,0,0,NORMAL_BASELINE
SIM-CUST-014-NORMAL-0060,SIM-CUST-014,Shin Haein,92001,2026-01-26T19:32:18,KR,Daegu,35.860744,128.592092,utility-daegu-12,UTILITY,mobile-primary-sim-cust-014,E-PAY,19,0,0,0,0,0,0,NORMAL_BASELINE
SIM-CUST-017-NORMAL-0060,SIM-CUST-017,Ahn Hyunwoo,66999,2026-01-26T20:41:09,KR,Busan,35.203115,129.09793,medical-busan-12,MEDICAL,web-trusted-sim-cust-017,E-PAY,20,0,0,0,0,0,0,NORMAL_BASELINE
SIM-CUST-019-NORMAL-0060,SIM-CUST-019,Hong Jiwon,127834,2026-01-26T20:47:43,KR,Daegu,35.889075,128.616033,cafe-daegu-12,CAFE,mobile-primary-sim-cust-019,CARD,20,0,0,0,0,0,0,NORMAL_BASELINE
SIM-CUST-005-NORMAL-0060,SIM-CUST-005,Jung Doyun,92481,2026-01-26T21:05:45,KR,Daejeon,36.342617,127.365947,dining-daejeon-12,DINING,mobile-primary-sim-cust-005,CARD,21,0,0,0,0,0,0,NORMAL_BASELINE
SIM-CUST-015-NORMAL-0060,SIM-CUST-015,Kwon Doyun,81746,2026-01-26T22:35:35,KR,Daejeon,36.37281,127.394878,transport-daejeon-12,TRANSPORT,mobile-primary-sim-cust-015,ACCOUNT,22,0,0,0,0,0,0,NORMAL_BASELINE
SIM-CUST-003-NORMAL-0060,SIM-CUST-003,Park Jiho,63559,2026-01-26T22:59:11,KR,Incheon,37.458229,126.726851,grocery-incheon-12,GROCERY,mobile-primary-sim-cust-003,E-PAY,22,0,0,0,0,0,0,NORMAL_BASELINE
SIM-CUST-002-NORMAL-0061,SIM-CUST-002,Lee Seoyeon,40222,2026-01-27T08:03:28,KR,Busan,35.191686,129.076904,cafe-busan-01,CAFE,mobile-primary-sim-cust-002,CARD,8,1,0,0,0,0,0,NORMAL_BASELINE
SIM-CUST-009-NORMAL-0061,SIM-CUST-009,Jang Jiwon,169621,2026-01-27T08:24:27,KR,Daegu,35.871717,128.593993,online-daegu-01,ONLINE,mobile-primary-sim-cust-009,ACCOUNT,8,1,0,0,0,0,0,NORMAL_BASELINE
SIM-CUST-014-NORMAL-0061,SIM-CUST-014,Shin Haein,101533,2026-01-27T08:39:52,KR,Daegu,35.85382,128.60111,grocery-daegu-01,GROCERY,mobile-primary-sim-cust-014,E-PAY,8,1,0,0,0,0,0,NORMAL_BASELINE
SIM-CUST-020-NORMAL-0061,SIM-CUST-020,Moon Nari,48632,2026-01-27T08:57:34,KR,Daejeon,36.346624,127.387569,grocery-daejeon-01,GROCERY,mobile-primary-sim-cust-020,E-PAY,8,1,0,0,0,0,0,NORMAL_BASELINE
SIM-CUST-004-NORMAL-0061,SIM-CUST-004,Choi Haein,41961,2026-01-27T09:09:02,KR,Daegu,35.867516,128.583009,online-daegu-01,ONLINE,mobile-primary-sim-cust-004,CARD,9,1,0,0,0,0,0,NORMAL_BASELINE
SIM-CUST-006-NORMAL-0061,SIM-CUST-006,Kang Yuna,137641,2026-01-27T09:15:36,KR,Seoul,37.569456,126.982147,cafe-seoul-01,CAFE,mobile-primary-sim-cust-006,ACCOUNT,9,1,0,0,0,0,0,NORMAL_BASELINE
SIM-CUST-012-NORMAL-0061,SIM-CUST-012,Oh Seoyeon,41634,2026-01-27T09:33:18,KR,Busan,35.155636,129.091928,cafe-busan-01,CAFE,mobile-primary-sim-cust-012,ACCOUNT,9,1,0,0,0,0,0,NORMAL_BASELINE
SIM-CUST-018-NORMAL-0061,SIM-CUST-018,Song Sumin,54363,2026-01-27T09:51:00,KR,Incheon,37.456793,126.723259,transfer-incheon-01,TRANSFER,web-trusted-sim-cust-018,ACCOUNT,9,1,0,0,0,0,0,NORMAL_BASELINE
SIM-CUST-007-NORMAL-0061,SIM-CUST-007,Cho Hyunwoo,84716,2026-01-27T10:18:53,KR,Busan,35.177779,129.082905,dining-busan-01,DINING,mobile-primary-sim-cust-007,E-PAY,10,1,0,0,0,0,0,NORMAL_BASELINE
SIM-CUST-008-NORMAL-0061,SIM-CUST-008,Yoon Sumin,56653,2026-01-27T10:21:10,KR,Incheon,37.45485,126.70442,grocery-incheon-01,GROCERY,mobile-primary-sim-cust-008,CARD,10,1,0,0,0,0,0,NORMAL_BASELINE
SIM-CUST-013-NORMAL-0061,SIM-CUST-013,Seo Jiho,106822,2026-01-27T10:36:35,KR,Incheon,37.453922,126.711224,utility-incheon-01,UTILITY,mobile-primary-sim-cust-013,CARD,10,1,0,0,0,0,0,NORMAL_BASELINE
SIM-CUST-001-NORMAL-0061,SIM-CUST-001,Kim Minjun,59587,2026-01-27T12:00:11,KR,Seoul,37.54404,126.984714,grocery-seoul-01,GROCERY,mobile-primary-sim-cust-001,CARD,12,1,0,0,0,0,0,NORMAL_BASELINE
SIM-CUST-011-NORMAL-0061,SIM-CUST-011,Han Minjun,65907,2026-01-27T12:30:01,KR,Seoul,37.547012,126.981355,grocery-seoul-01,GROCERY,mobile-primary-sim-cust-011,E-PAY,12,1,0,0,0,0,0,NORMAL_BASELINE
SIM-CUST-015-NORMAL-0061,SIM-CUST-015,Kwon Doyun,103266,2026-01-27T12:42:09,KR,Daejeon,36.361781,127.382249,transport-daejeon-01,TRANSPORT,mobile-primary-sim-cust-015,ACCOUNT,12,1,0,0,0,0,0,NORMAL_BASELINE
SIM-CUST-019-NORMAL-0061,SIM-CUST-019,Hong Jiwon,149943,2026-01-27T12:54:17,KR,Daegu,35.88699,128.587018,grocery-daegu-01,GROCERY,mobile-primary-sim-cust-019,CARD,12,1,0,0,0,0,0,NORMAL_BASELINE
SIM-CUST-010-NORMAL-0061,SIM-CUST-010,Lim Nari,53709,2026-01-27T13:27:44,KR,Daejeon,36.360565,127.397623,grocery-daejeon-01,GROCERY,mobile-primary-sim-cust-010,CARD,13,1,0,0,0,0,0,NORMAL_BASELINE
SIM-CUST-005-NORMAL-0061,SIM-CUST-005,Jung Doyun,87807,2026-01-27T19:12:19,KR,Daejeon,36.328664,127.361786,grocery-daejeon-01,GROCERY,mobile-primary-sim-cust-005,CARD,19,1,0,0,0,0,0,NORMAL_BASELINE
SIM-CUST-016-NORMAL-0061,SIM-CUST-016,Hwang Yuna,70383,2026-01-27T19:45:26,KR,Seoul,37.586126,126.965764,utility-seoul-01,UTILITY,mobile-primary-sim-cust-016,CARD,19,1,0,0,0,0,0,NORMAL_BASELINE
SIM-CUST-017-NORMAL-0061,SIM-CUST-017,Ahn Hyunwoo,61371,2026-01-27T20:48:43,KR,Busan,35.158851,129.069098,medical-busan-01,MEDICAL,mobile-primary-sim-cust-017,E-PAY,20,1,0,0,0,0,0,NORMAL_BASELINE
SIM-CUST-003-NORMAL-0061,SIM-CUST-003,Park Jiho,64557,2026-01-27T22:06:45,KR,Incheon,37.468345,126.692164,online-incheon-01,ONLINE,mobile-primary-sim-cust-003,E-PAY,22,1,0,0,0,0,0,NORMAL_BASELINE
SIM-CUST-004-NORMAL-0062,SIM-CUST-004,Choi Haein,35337,2026-01-28T07:16:36,KR,Daegu,35.886698,128.58156,transport-daegu-02,TRANSPORT,mobile-primary-sim-cust-004,CARD,7,2,0,0,0,0,0,NORMAL_BASELINE
SIM-CUST-020-NORMAL-0062,SIM-CUST-020,Moon Nari,52043,2026-01-28T09:04:08,KR,Daejeon,36.36697,127.37402,cafe-daejeon-02,CAFE,mobile-primary-sim-cust-020,E-PAY,9,2,0,0,0,0,0,NORMAL_BASELINE
SIM-CUST-012-NORMAL-0062,SIM-CUST-012,Oh Seoyeon,47382,2026-01-28T09:40:52,KR,Busan,35.167983,129.09753,dining-busan-02,DINING,mobile-primary-sim-cust-012,ACCOUNT,9,2,0,0,0,0,0,NORMAL_BASELINE
SIM-CUST-014-NORMAL-0062,SIM-CUST-014,Shin Haein,114734,2026-01-28T09:46:26,KR,Daegu,35.847176,128.582439,utility-daegu-02,UTILITY,mobile-primary-sim-cust-014,E-PAY,9,2,0,0,0,0,0,NORMAL_BASELINE
SIM-CUST-018-NORMAL-0062,SIM-CUST-018,Song Sumin,69074,2026-01-28T09:58:34,KR,Incheon,37.43493,126.688437,grocery-incheon-02,GROCERY,mobile-primary-sim-cust-018,ACCOUNT,9,2,0,0,0,0,0,NORMAL_BASELINE
SIM-CUST-019-NORMAL-0062,SIM-CUST-019,Hong Jiwon,154776,2026-01-28T10:01:51,KR,Daegu,35.875718,128.611268,cafe-daegu-02,CAFE,web-trusted-sim-cust-019,CARD,10,2,0,0,0,0,0,NORMAL_BASELINE
SIM-CUST-003-NORMAL-0062,SIM-CUST-003,Park Jiho,74428,2026-01-28T10:13:19,KR,Incheon,37.463197,126.682825,cafe-incheon-02,CAFE,mobile-primary-sim-cust-003,E-PAY,10,2,0,0,0,0,0,NORMAL_BASELINE
SIM-CUST-007-NORMAL-0062,SIM-CUST-007,Cho Hyunwoo,73089,2026-01-28T10:25:27,KR,Busan,35.193537,129.097492,dining-busan-02,DINING,mobile-primary-sim-cust-007,E-PAY,10,2,0,0,0,0,0,NORMAL_BASELINE
SIM-CUST-013-NORMAL-0062,SIM-CUST-013,Seo Jiho,105715,2026-01-28T10:43:09,KR,Incheon,37.445192,126.68841,dining-incheon-02,DINING,mobile-primary-sim-cust-013,CARD,10,2,0,0,0,0,0,NORMAL_BASELINE
SIM-CUST-015-NORMAL-0062,SIM-CUST-015,Kwon Doyun,89143,2026-01-28T10:49:43,KR,Daejeon,36.368795,127.382513,grocery-daejeon-02,GROCERY,mobile-primary-sim-cust-015,ACCOUNT,10,2,0,0,0,0,0,NORMAL_BASELINE
SIM-CUST-011-NORMAL-0062,SIM-CUST-011,Han Minjun,61351,2026-01-28T12:37:35,KR,Seoul,37.550636,126.990958,cafe-seoul-02,CAFE,mobile-primary-sim-cust-011,E-PAY,12,2,0,0,0,0,0,NORMAL_BASELINE
SIM-CUST-017-NORMAL-0062,SIM-CUST-017,Ahn Hyunwoo,63164,2026-01-28T12:55:17,KR,Busan,35.174281,129.058074,medical-busan-02,MEDICAL,mobile-primary-sim-cust-017,E-PAY,12,2,0,0,0,0,0,NORMAL_BASELINE
SIM-CUST-005-NORMAL-0062,SIM-CUST-005,Jung Doyun,96076,2026-01-28T13:19:53,KR,Daejeon,36.351606,127.381183,grocery-daejeon-02,GROCERY,mobile-primary-sim-cust-005,CARD,13,2,0,0,0,0,0,NORMAL_BASELINE
SIM-CUST-006-NORMAL-0062,SIM-CUST-006,Kang Yuna,128681,2026-01-28T14:22:10,KR,Seoul,37.571818,126.962726,transport-seoul-02,TRANSPORT,mobile-primary-sim-cust-006,ACCOUNT,14,2,0,0,0,0,0,NORMAL_BASELINE
SIM-CUST-009-NORMAL-0062,SIM-CUST-009,Jang Jiwon,170312,2026-01-28T14:31:01,KR,Daegu,35.862738,128.611161,dining-daegu-02,DINING,mobile-primary-sim-cust-009,ACCOUNT,14,2,0,0,0,0,0,NORMAL_BASELINE
SIM-CUST-008-NORMAL-0062,SIM-CUST-008,Yoon Sumin,69367,2026-01-28T15:28:44,KR,Incheon,37.45405,126.699567,medical-incheon-02,MEDICAL,mobile-primary-sim-cust-008,CARD,15,2,0,0,0,0,0,NORMAL_BASELINE
SIM-CUST-016-NORMAL-0062,SIM-CUST-016,Hwang Yuna,75279,2026-01-28T18:52:00,KR,Seoul,37.546325,126.995811,dining-seoul-02,DINING,mobile-primary-sim-cust-016,CARD,18,2,0,0,0,0,0,NORMAL_BASELINE
SIM-CUST-002-NORMAL-0062,SIM-CUST-002,Lee Seoyeon,46155,2026-01-28T19:10:02,KR,Busan,35.172702,129.080283,cafe-busan-02,CAFE,mobile-primary-sim-cust-002,CARD,19,2,0,0,0,0,0,NORMAL_BASELINE
SIM-CUST-001-NORMAL-0062,SIM-CUST-001,Kim Minjun,49902,2026-01-28T20:07:45,KR,Seoul,37.580056,126.984856,grocery-seoul-02,GROCERY,mobile-primary-sim-cust-001,CARD,20,2,0,0,0,0,0,NORMAL_BASELINE
SIM-CUST-010-NORMAL-0062,SIM-CUST-010,Lim Nari,55596,2026-01-28T20:34:18,KR,Daejeon,36.357963,127.386432,utility-daejeon-02,UTILITY,mobile-primary-sim-cust-010,CARD,20,2,0,0,0,0,0,NORMAL_BASELINE
SIM-CUST-020-NORMAL-0063,SIM-CUST-020,Moon Nari,46256,2026-01-29T08:11:42,KR,Daejeon,36.353127,127.399191,cafe-daejeon-03,CAFE,web-trusted-sim-cust-020,E-PAY,8,3,0,0,0,0,0,NORMAL_BASELINE
SIM-CUST-009-NORMAL-0063,SIM-CUST-009,Jang Jiwon,161789,2026-01-29T08:38:35,KR,Daegu,35.86857,128.608455,cafe-daegu-03,CAFE,mobile-primary-sim-cust-009,ACCOUNT,8,3,0,0,0,0,0,NORMAL_BASELINE
SIM-CUST-004-NORMAL-0063,SIM-CUST-004,Choi Haein,37132,2026-01-29T09:23:10,KR,Daegu,35.885073,128.614058,online-daegu-03,ONLINE,mobile-primary-sim-cust-004,CARD,9,3,0,0,0,0,0,NORMAL_BASELINE
SIM-CUST-008-NORMAL-0063,SIM-CUST-008,Yoon Sumin,60701,2026-01-29T10:35:18,KR,Incheon,37.44923,126.693685,grocery-incheon-03,GROCERY,mobile-primary-sim-cust-008,CARD,10,3,0,0,0,0,0,NORMAL_BASELINE
SIM-CUST-015-NORMAL-0063,SIM-CUST-015,Kwon Doyun,108300,2026-01-29T10:56:17,KR,Daejeon,36.338016,127.376373,online-daejeon-03,ONLINE,mobile-primary-sim-cust-015,ACCOUNT,10,3,0,0,0,0,0,NORMAL_BASELINE
SIM-CUST-001-NORMAL-0063,SIM-CUST-001,Kim Minjun,57839,2026-01-29T11:14:19,KR,Seoul,37.576783,126.981045,grocery-seoul-03,GROCERY,mobile-primary-sim-cust-001,CARD,11,3,0,0,0,0,0,NORMAL_BASELINE
SIM-CUST-013-NORMAL-0063,SIM-CUST-013,Seo Jiho,120563,2026-01-29T11:50:43,KR,Incheon,37.436403,126.703248,utility-incheon-03,UTILITY,mobile-primary-sim-cust-013,CARD,11,3,0,0,0,0,0,NORMAL_BASELINE
SIM-CUST-014-NORMAL-0063,SIM-CUST-014,Shin Haein,114829,2026-01-29T12:53:00,KR,Daegu,35.869893,128.58145,dining-daegu-03,DINING,mobile-primary-sim-cust-014,E-PAY,12,3,0,0,0,0,0,NORMAL_BASELINE
SIM-CUST-002-NORMAL-0063,SIM-CUST-002,Lee Seoyeon,53574,2026-01-29T13:17:36,KR,Busan,35.156768,129.089761,grocery-busan-03,GROCERY,mobile-primary-sim-cust-002,CARD,13,3,0,0,0,0,0,NORMAL_BASELINE
SIM-CUST-011-NORMAL-0063,SIM-CUST-011,Han Minjun,77259,2026-01-29T13:44:09,KR,Seoul,37.563537,126.998649,transport-seoul-03,TRANSPORT,mobile-primary-sim-cust-011,E-PAY,13,3,0,0,0,0,0,NORMAL_BASELINE
SIM-CUST-018-NORMAL-0063,SIM-CUST-018,Song Sumin,62189,2026-01-29T15:05:08,KR,Incheon,37.442567,126.693323,online-incheon-03,ONLINE,mobile-primary-sim-cust-018,ACCOUNT,15,3,0,0,0,0,0,NORMAL_BASELINE
SIM-CUST-006-NORMAL-0063,SIM-CUST-006,Kang Yuna,133041,2026-01-29T15:29:44,KR,Seoul,37.561857,126.958323,cafe-seoul-03,CAFE,mobile-primary-sim-cust-006,ACCOUNT,15,3,0,0,0,0,0,NORMAL_BASELINE
SIM-CUST-012-NORMAL-0063,SIM-CUST-012,Oh Seoyeon,51310,2026-01-29T16:47:26,KR,Busan,35.202481,129.055917,dining-busan-03,DINING,mobile-primary-sim-cust-012,ACCOUNT,16,3,0,0,0,0,0,NORMAL_BASELINE
SIM-CUST-019-NORMAL-0063,SIM-CUST-019,Hong Jiwon,167222,2026-01-29T19:08:25,KR,Daegu,35.892044,128.601119,grocery-daegu-03,GROCERY,mobile-primary-sim-cust-019,CARD,19,3,0,0,0,0,0,NORMAL_BASELINE
SIM-CUST-010-NORMAL-0063,SIM-CUST-010,Lim Nari,51169,2026-01-29T19:41:52,KR,Daejeon,36.366039,127.400873,dining-daejeon-03,DINING,mobile-primary-sim-cust-010,CARD,19,3,0,0,0,0,0,NORMAL_BASELINE
SIM-CUST-016-NORMAL-0063,SIM-CUST-016,Hwang Yuna,84177,2026-01-29T19:59:34,KR,Seoul,37.562826,126.954271,shopping-seoul-03,SHOPPING,mobile-primary-sim-cust-016,CARD,19,3,0,0,0,0,0,NORMAL_BASELINE
SIM-CUST-003-NORMAL-0063,SIM-CUST-003,Park Jiho,76187,2026-01-29T20:20:53,KR,Incheon,37.46536,126.687073,online-incheon-03,ONLINE,mobile-primary-sim-cust-003,E-PAY,20,3,0,0,0,0,0,NORMAL_BASELINE
SIM-CUST-017-NORMAL-0063,SIM-CUST-017,Ahn Hyunwoo,70963,2026-01-29T21:02:51,KR,Busan,35.169217,129.090239,medical-busan-03,MEDICAL,mobile-primary-sim-cust-017,E-PAY,21,3,0,0,0,0,0,NORMAL_BASELINE
SIM-CUST-005-NORMAL-0063,SIM-CUST-005,Jung Doyun,95567,2026-01-29T21:26:27,KR,Daejeon,36.370469,127.377463,transport-daejeon-03,TRANSPORT,mobile-primary-sim-cust-005,CARD,21,3,0,0,0,0,0,NORMAL_BASELINE
SIM-CUST-007-NORMAL-0063,SIM-CUST-007,Cho Hyunwoo,81754,2026-01-29T21:32:01,KR,Busan,35.177144,129.059544,shopping-busan-03,SHOPPING,mobile-primary-sim-cust-007,E-PAY,21,3,0,0,0,0,0,NORMAL_BASELINE
SIM-CUST-014-NORMAL-0064,SIM-CUST-014,Shin Haein,84612,2026-01-30T08:00:34,KR,Daegu,35.854747,128.580051,online-daegu-04,ONLINE,mobile-primary-sim-cust-014,E-PAY,8,4,0,0,0,0,0,NORMAL_BASELINE
SIM-CUST-004-NORMAL-0064,SIM-CUST-004,Choi Haein,36837,2026-01-30T08:30:44,KR,Daegu,35.849821,128.604565,cafe-daegu-04,CAFE,mobile-primary-sim-cust-004,CARD,8,4,0,0,0,0,0,NORMAL_BASELINE
SIM-CUST-009-NORMAL-0064,SIM-CUST-009,Jang Jiwon,156856,2026-01-30T08:45:09,KR,Daegu,35.862086,128.580512,grocery-daegu-04,GROCERY,mobile-primary-sim-cust-009,ACCOUNT,8,4,0,0,0,0,0,NORMAL_BASELINE
SIM-CUST-018-NORMAL-0064,SIM-CUST-018,Song Sumin,49970,2026-01-30T09:12:42,KR,Incheon,37.447324,126.699931,dining-incheon-04,DINING,mobile-primary-sim-cust-018,ACCOUNT,9,4,0,0,0,0,0,NORMAL_BASELINE
SIM-CUST-001-NORMAL-0064,SIM-CUST-001,Kim Minjun,55685,2026-01-30T09:21:53,KR,Seoul,37.586696,126.98028,grocery-seoul-04,GROCERY,mobile-primary-sim-cust-001,CARD,9,4,0,0,0,0,0,NORMAL_BASELINE
SIM-CUST-006-NORMAL-0064,SIM-CUST-006,Kang Yuna,118166,2026-01-30T09:36:18,KR,Seoul,37.54735,126.978664,grocery-seoul-04,GROCERY,mobile-primary-sim-cust-006,ACCOUNT,9,4,0,0,0,0,0,NORMAL_BASELINE
SIM-CUST-013-NORMAL-0064,SIM-CUST-013,Seo Jiho,96847,2026-01-30T09:57:17,KR,Incheon,37.476005,126.689551,dining-incheon-04,DINING,mobile-primary-sim-cust-013,CARD,9,4,0,0,0,0,0,NORMAL_BASELINE
SIM-CUST-017-NORMAL-0064,SIM-CUST-017,Ahn Hyunwoo,66739,2026-01-30T11:09:25,KR,Busan,35.179337,129.081693,grocery-busan-04,GROCERY,mobile-primary-sim-cust-017,E-PAY,11,4,0,0,0,0,0,NORMAL_BASELINE
SIM-CUST-008-NORMAL-0064,SIM-CUST-008,Yoon Sumin,59551,2026-01-30T11:42:52,KR,Incheon,37.434283,126.687025,medical-incheon-04,MEDICAL,mobile-primary-sim-cust-008,CARD,11,4,0,0,0,0,0,NORMAL_BASELINE
SIM-CUST-011-NORMAL-0064,SIM-CUST-011,Han Minjun,57024,2026-01-30T11:51:43,KR,Seoul,37.556156,126.971886,online-seoul-04,ONLINE,mobile-primary-sim-cust-011,E-PAY,11,4,0,0,0,0,0,NORMAL_BASELINE
SIM-CUST-015-NORMAL-0064,SIM-CUST-015,Kwon Doyun,80242,2026-01-30T12:03:51,KR,Daejeon,36.338762,127.374162,dining-daejeon-04,DINING,mobile-primary-sim-cust-015,ACCOUNT,12,4,0,0,0,0,0,NORMAL_BASELINE
SIM-CUST-005-NORMAL-0064,SIM-CUST-005,Jung Doyun,94720,2026-01-30T12:33:01,KR,Daejeon,36.366,127.360456,dining-daejeon-04,DINING,mobile-primary-sim-cust-005,CARD,12,4,0,0,0,0,0,NORMAL_BASELINE
SIM-CUST-020-NORMAL-0064,SIM-CUST-020,Moon Nari,40676,2026-01-30T13:18:16,KR,Daejeon,36.337271,127.402642,dining-daejeon-04,DINING,mobile-primary-sim-cust-020,E-PAY,13,4,0,0,0,0,0,NORMAL_BASELINE
SIM-CUST-012-NORMAL-0064,SIM-CUST-012,Oh Seoyeon,36342,2026-01-30T14:54:00,KR,Busan,35.161562,129.088584,online-busan-04,ONLINE,mobile-primary-sim-cust-012,ACCOUNT,14,4,0,0,0,0,0,NORMAL_BASELINE
SIM-CUST-010-NORMAL-0064,SIM-CUST-010,Lim Nari,49853,2026-01-30T18:48:26,KR,Daejeon,36.365993,127.40869,grocery-daejeon-04,GROCERY,mobile-primary-sim-cust-010,CARD,18,4,0,0,0,0,0,NORMAL_BASELINE
SIM-CUST-016-NORMAL-0064,SIM-CUST-016,Hwang Yuna,64347,2026-01-30T19:06:08,KR,Seoul,37.564372,126.958557,shopping-seoul-04,SHOPPING,mobile-primary-sim-cust-016,CARD,19,4,0,0,0,0,0,NORMAL_BASELINE
SIM-CUST-002-NORMAL-0064,SIM-CUST-002,Lee Seoyeon,41823,2026-01-30T19:24:10,KR,Busan,35.202801,129.053641,grocery-busan-04,GROCERY,mobile-primary-sim-cust-002,CARD,19,4,0,0,0,0,0,NORMAL_BASELINE
SIM-CUST-019-NORMAL-0064,SIM-CUST-019,Hong Jiwon,134596,2026-01-30T20:15:59,KR,Daegu,35.864844,128.621399,grocery-daegu-04,GROCERY,mobile-primary-sim-cust-019,CARD,20,4,0,0,0,0,0,NORMAL_BASELINE
SIM-CUST-003-NORMAL-0064,SIM-CUST-003,Park Jiho,61422,2026-01-30T21:27:27,KR,Incheon,37.463945,126.724232,transport-incheon-04,TRANSPORT,mobile-primary-sim-cust-003,E-PAY,21,4,0,0,0,0,0,NORMAL_BASELINE
SIM-CUST-007-NORMAL-0064,SIM-CUST-007,Cho Hyunwoo,79461,2026-01-30T21:39:35,KR,Busan,35.198727,129.055109,utility-busan-04,UTILITY,mobile-primary-sim-cust-007,E-PAY,21,4,0,0,0,0,0,NORMAL_BASELINE
SIM-CUST-013-NORMAL-0065,SIM-CUST-013,Seo Jiho,107816,2026-01-31T09:04:51,KR,Incheon,37.448898,126.686116,grocery-incheon-05,GROCERY,mobile-primary-sim-cust-013,CARD,9,5,0,0,0,0,0,NORMAL_BASELINE
SIM-CUST-019-NORMAL-0065,SIM-CUST-019,Hong Jiwon,128753,2026-01-31T09:22:33,KR,Daegu,35.864171,128.625783,grocery-daegu-05,GROCERY,mobile-primary-sim-cust-019,CARD,9,5,0,0,0,0,0,NORMAL_BASELINE
SIM-CUST-009-NORMAL-0065,SIM-CUST-009,Jang Jiwon,165948,2026-01-31T09:52:43,KR,Daegu,35.88478,128.608859,transfer-daegu-05,TRANSFER,mobile-primary-sim-cust-009,ACCOUNT,9,5,0,0,0,0,0,NORMAL_BASELINE
SIM-CUST-018-NORMAL-0065,SIM-CUST-018,Song Sumin,63996,2026-01-31T10:19:16,KR,Incheon,37.450839,126.710522,dining-incheon-05,DINING,mobile-primary-sim-cust-018,ACCOUNT,10,5,0,0,0,0,0,NORMAL_BASELINE
SIM-CUST-005-NORMAL-0065,SIM-CUST-005,Jung Doyun,81923,2026-01-31T12:40:35,KR,Daejeon,36.362104,127.388985,dining-daejeon-05,DINING,mobile-primary-sim-cust-005,CARD,12,5,0,0,0,0,0,NORMAL_BASELINE
SIM-CUST-010-NORMAL-0065,SIM-CUST-010,Lim Nari,52830,2026-01-31T12:55:00,KR,Daejeon,36.347629,127.370576,grocery-daejeon-05,GROCERY,mobile-primary-sim-cust-010,CARD,12,5,0,0,0,0,0,NORMAL_BASELINE
SIM-CUST-002-NORMAL-0065,SIM-CUST-002,Lee Seoyeon,43074,2026-01-31T13:31:44,KR,Busan,35.159998,129.08622,online-busan-05,ONLINE,mobile-primary-sim-cust-002,CARD,13,5,0,0,0,0,0,NORMAL_BASELINE
SIM-CUST-011-NORMAL-0065,SIM-CUST-011,Han Minjun,57115,2026-01-31T13:58:17,KR,Seoul,37.553239,126.97726,cafe-seoul-05,CAFE,mobile-primary-sim-cust-011,E-PAY,13,5,0,0,0,0,0,NORMAL_BASELINE
SIM-CUST-006-NORMAL-0065,SIM-CUST-006,Kang Yuna,136815,2026-01-31T14:43:52,KR,Seoul,37.570245,126.98771,online-seoul-05,ONLINE,mobile-primary-sim-cust-006,ACCOUNT,14,5,0,0,0,0,0,NORMAL_BASELINE
SIM-CUST-012-NORMAL-0065,SIM-CUST-012,Oh Seoyeon,39901,2026-01-31T15:01:34,KR,Busan,35.178545,129.06279,online-busan-05,ONLINE,mobile-primary-sim-cust-012,ACCOUNT,15,5,0,0,0,0,0,NORMAL_BASELINE
SIM-CUST-008-NORMAL-0065,SIM-CUST-008,Yoon Sumin,54551,2026-01-31T15:49:26,KR,Incheon,37.448479,126.72452,grocery-incheon-05,GROCERY,mobile-primary-sim-cust-008,CARD,15,5,0,0,0,0,0,NORMAL_BASELINE
SIM-CUST-014-NORMAL-0065,SIM-CUST-014,Shin Haein,108622,2026-01-31T18:07:08,KR,Daegu,35.891613,128.594118,online-daegu-05,ONLINE,mobile-primary-sim-cust-014,E-PAY,18,5,0,0,0,0,0,NORMAL_BASELINE
SIM-CUST-020-NORMAL-0065,SIM-CUST-020,Moon Nari,44130,2026-01-31T18:25:50,KR,Daejeon,36.345773,127.370098,dining-daejeon-05,DINING,mobile-primary-sim-cust-020,E-PAY,18,5,0,0,0,0,0,NORMAL_BASELINE
SIM-CUST-016-NORMAL-0065,SIM-CUST-016,Hwang Yuna,65084,2026-01-31T19:13:42,KR,Seoul,37.558881,126.975628,dining-seoul-05,DINING,mobile-primary-sim-cust-016,CARD,19,5,0,0,0,0,0,NORMAL_BASELINE
SIM-CUST-004-NORMAL-0065,SIM-CUST-004,Choi Haein,36181,2026-01-31T19:37:18,KR,Daegu,35.882522,128.607804,cafe-daegu-05,CAFE,mobile-primary-sim-cust-004,CARD,19,5,0,0,0,0,0,NORMAL_BASELINE
SIM-CUST-007-NORMAL-0065,SIM-CUST-007,Cho Hyunwoo,82663,2026-01-31T19:46:09,KR,Busan,35.194424,129.086519,dining-busan-05,DINING,mobile-primary-sim-cust-007,E-PAY,19,5,0,0,0,0,0,NORMAL_BASELINE
SIM-CUST-015-NORMAL-0065,SIM-CUST-015,Kwon Doyun,89916,2026-01-31T20:10:25,KR,Daejeon,36.357199,127.389289,transport-daejeon-05,TRANSPORT,mobile-primary-sim-cust-015,ACCOUNT,20,5,0,0,0,0,0,NORMAL_BASELINE
SIM-CUST-017-NORMAL-0065,SIM-CUST-017,Ahn Hyunwoo,57342,2026-01-31T20:16:59,KR,Busan,35.197163,129.060201,grocery-busan-05,GROCERY,mobile-primary-sim-cust-017,E-PAY,20,5,0,0,0,0,0,NORMAL_BASELINE
SIM-CUST-001-NORMAL-0065,SIM-CUST-001,Kim Minjun,53664,2026-01-31T20:28:27,KR,Seoul,37.562989,126.955091,grocery-seoul-05,GROCERY,mobile-primary-sim-cust-001,CARD,20,5,0,0,0,0,0,NORMAL_BASELINE
SIM-CUST-003-NORMAL-0065,SIM-CUST-003,Park Jiho,64418,2026-01-31T20:34:01,KR,Incheon,37.479496,126.696258,grocery-incheon-05,GROCERY,mobile-primary-sim-cust-003,E-PAY,20,5,0,0,0,0,0,NORMAL_BASELINE
SIM-CUST-004-NORMAL-0066,SIM-CUST-004,Choi Haein,39009,2026-02-01T08:44:52,KR,Daegu,35.868519,128.587262,utility-daegu-06,UTILITY,mobile-primary-sim-cust-004,CARD,8,6,0,0,0,0,0,NORMAL_BASELINE
SIM-CUST-009-NORMAL-0066,SIM-CUST-009,Jang Jiwon,170638,2026-02-01T09:59:17,KR,Daegu,35.886032,128.59237,online-daegu-06,ONLINE,mobile-primary-sim-cust-009,ACCOUNT,9,6,0,0,0,0,0,NORMAL_BASELINE
SIM-CUST-018-NORMAL-0066,SIM-CUST-018,Song Sumin,54851,2026-02-01T10:26:50,KR,Incheon,37.462045,126.719723,dining-incheon-06,DINING,mobile-primary-sim-cust-018,ACCOUNT,10,6,0,0,0,0,0,NORMAL_BASELINE
SIM-CUST-007-NORMAL-0066,SIM-CUST-007,Cho Hyunwoo,81842,2026-02-01T10:53:43,KR,Busan,35.186304,129.054865,shopping-busan-06,SHOPPING,mobile-primary-sim-cust-007,E-PAY,10,6,0,0,0,0,0,NORMAL_BASELINE
SIM-CUST-011-NORMAL-0066,SIM-CUST-011,Han Minjun,62794,2026-02-01T11:05:51,KR,Seoul,37.589261,126.986266,cafe-seoul-06,CAFE,mobile-primary-sim-cust-011,E-PAY,11,6,0,0,0,0,0,NORMAL_BASELINE
SIM-CUST-019-NORMAL-0066,SIM-CUST-019,Hong Jiwon,147837,2026-02-01T11:29:07,KR,Daegu,35.888276,128.624879,cafe-daegu-06,CAFE,mobile-primary-sim-cust-019,CARD,11,6,0,0,0,0,0,NORMAL_BASELINE
SIM-CUST-001-NORMAL-0066,SIM-CUST-001,Kim Minjun,58671,2026-02-01T11:35:01,KR,Seoul,37.584535,126.997946,utility-seoul-06,UTILITY,mobile-primary-sim-cust-001,CARD,11,6,0,0,0,0,0,NORMAL_BASELINE
SIM-CUST-010-NORMAL-0066,SIM-CUST-010,Lim Nari,51681,2026-02-01T12:02:34,KR,Daejeon,36.36086,127.369076,dining-daejeon-06,DINING,mobile-primary-sim-cust-010,CARD,12,6,0,0,0,0,0,NORMAL_BASELINE
SIM-CUST-015-NORMAL-0066,SIM-CUST-015,Kwon Doyun,97754,2026-02-01T12:17:59,KR,Daejeon,36.345211,127.368262,dining-daejeon-06,DINING,mobile-primary-sim-cust-015,ACCOUNT,12,6,0,0,0,0,0,NORMAL_BASELINE
SIM-CUST-005-NORMAL-0066,SIM-CUST-005,Jung Doyun,97432,2026-02-01T12:47:09,KR,Daejeon,36.365006,127.37826,dining-daejeon-06,DINING,mobile-primary-sim-cust-005,CARD,12,6,0,0,0,0,0,NORMAL_BASELINE
SIM-CUST-014-NORMAL-0066,SIM-CUST-014,Shin Haein,96090,2026-02-01T13:14:42,KR,Daegu,35.86107,128.59324,dining-daegu-06,DINING,mobile-primary-sim-cust-014,E-PAY,13,6,0,0,0,0,0,NORMAL_BASELINE
SIM-CUST-017-NORMAL-0066,SIM-CUST-017,Ahn Hyunwoo,70463,2026-02-01T13:23:33,KR,Busan,35.155772,129.066528,transport-busan-06,TRANSPORT,mobile-primary-sim-cust-017,E-PAY,13,6,0,0,0,0,0,NORMAL_BASELINE
SIM-CUST-002-NORMAL-0066,SIM-CUST-002,Lee Seoyeon,40882,2026-02-01T13:38:18,KR,Busan,35.185015,129.053884,cafe-busan-06,CAFE,mobile-primary-sim-cust-002,CARD,13,6,0,0,0,0,0,NORMAL_BASELINE
SIM-CUST-006-NORMAL-0066,SIM-CUST-006,Kang Yuna,140224,2026-02-01T15:50:26,KR,Seoul,37.579374,127.001062,cafe-seoul-06,CAFE,mobile-primary-sim-cust-006,ACCOUNT,15,6,0,0,0,0,0,NORMAL_BASELINE
SIM-CUST-012-NORMAL-0066,SIM-CUST-012,Oh Seoyeon,44544,2026-02-01T16:08:08,KR,Busan,35.160754,129.091846,dining-busan-06,DINING,mobile-primary-sim-cust-012,ACCOUNT,16,6,0,0,0,0,0,NORMAL_BASELINE
SIM-CUST-008-NORMAL-0066,SIM-CUST-008,Yoon Sumin,65418,2026-02-01T16:56:00,KR,Incheon,37.478938,126.725479,medical-incheon-06,MEDICAL,mobile-primary-sim-cust-008,CARD,16,6,0,0,0,0,0,NORMAL_BASELINE
SIM-CUST-013-NORMAL-0066,SIM-CUST-013,Seo Jiho,108967,2026-02-01T18:11:25,KR,Incheon,37.438831,126.70531,online-incheon-06,ONLINE,mobile-primary-sim-cust-013,CARD,18,6,0,0,0,0,0,NORMAL_BASELINE
SIM-CUST-016-NORMAL-0066,SIM-CUST-016,Hwang Yuna,66590,2026-02-01T19:20:16,KR,Seoul,37.584848,126.978236,transport-seoul-06,TRANSPORT,mobile-primary-sim-cust-016,CARD,19,6,0,0,0,0,0,NORMAL_BASELINE
SIM-CUST-020-NORMAL-0066,SIM-CUST-020,Moon Nari,47745,2026-02-01T19:32:24,KR,Daejeon,36.32807,127.392851,grocery-daejeon-06,GROCERY,mobile-primary-sim-cust-020,E-PAY,19,6,0,0,0,0,0,NORMAL_BASELINE
SIM-CUST-003-NORMAL-0066,SIM-CUST-003,Park Jiho,76261,2026-02-01T22:41:35,KR,Incheon,37.463915,126.691811,online-incheon-06,ONLINE,mobile-primary-sim-cust-003,E-PAY,22,6,0,0,0,0,0,NORMAL_BASELINE
SIM-CUST-004-NORMAL-0067,SIM-CUST-004,Choi Haein,35692,2026-02-02T07:51:26,KR,Daegu,35.8829,128.593977,transport-daegu-07,TRANSPORT,mobile-primary-sim-cust-004,CARD,7,0,0,0,0,0,0,NORMAL_BASELINE
SIM-CUST-012-NORMAL-0067,SIM-CUST-012,Oh Seoyeon,40433,2026-02-02T09:15:42,KR,Busan,35.198923,129.071364,cafe-busan-07,CAFE,mobile-primary-sim-cust-012,ACCOUNT,9,0,0,0,0,0,0,NORMAL_BASELINE
SIM-CUST-001-NORMAL-0067,SIM-CUST-001,Kim Minjun,58793,2026-02-02T10:42:35,KR,Seoul,37.559184,126.980994,dining-seoul-07,DINING,mobile-primary-sim-cust-001,CARD,10,0,0,0,0,0,0,NORMAL_BASELINE
SIM-CUST-011-NORMAL-0067,SIM-CUST-011,Han Minjun,68898,2026-02-02T11:12:25,KR,Seoul,37.541863,126.983149,cafe-seoul-07,CAFE,mobile-primary-sim-cust-011,E-PAY,11,0,0,0,0,0,0,NORMAL_BASELINE
SIM-CUST-014-NORMAL-0067,SIM-CUST-014,Shin Haein,108423,2026-02-02T12:21:16,KR,Daegu,35.896107,128.578662,cafe-daegu-07,CAFE,mobile-primary-sim-cust-014,E-PAY,12,0,0,0,0,0,0,NORMAL_BASELINE
SIM-CUST-017-NORMAL-0067,SIM-CUST-017,Ahn Hyunwoo,62284,2026-02-02T12:30:07,KR,Busan,35.169932,129.073047,medical-busan-07,MEDICAL,mobile-primary-sim-cust-017,E-PAY,12,0,0,0,0,0,0,NORMAL_BASELINE
SIM-CUST-002-NORMAL-0067,SIM-CUST-002,Lee Seoyeon,47720,2026-02-02T12:45:52,KR,Busan,35.190208,129.069645,cafe-busan-07,CAFE,mobile-primary-sim-cust-002,CARD,12,0,0,0,0,0,0,NORMAL_BASELINE
SIM-CUST-009-NORMAL-0067,SIM-CUST-009,Jang Jiwon,154084,2026-02-02T13:06:51,KR,Daegu,35.855074,128.606051,online-daegu-07,ONLINE,mobile-primary-sim-cust-009,ACCOUNT,13,0,0,0,0,0,0,NORMAL_BASELINE
SIM-CUST-020-NORMAL-0067,SIM-CUST-020,Moon Nari,41475,2026-02-02T13:39:58,KR,Daejeon,36.366513,127.38487,dining-daejeon-07,DINING,mobile-primary-sim-cust-020,E-PAY,13,0,0,0,0,0,0,NORMAL_BASELINE
SIM-CUST-018-NORMAL-0067,SIM-CUST-018,Song Sumin,65738,2026-02-02T15:33:24,KR,Incheon,37.439164,126.710149,cafe-incheon-07,CAFE,mobile-primary-sim-cust-018,ACCOUNT,15,0,0,0,0,0,0,NORMAL_BASELINE
SIM-CUST-006-NORMAL-0067,SIM-CUST-006,Kang Yuna,148676,2026-02-02T15:57:00,KR,Seoul,37.584601,126.977099,dining-seoul-07,DINING,mobile-primary-sim-cust-006,ACCOUNT,15,0,0,0,0,0,0,NORMAL_BASELINE
SIM-CUST-008-NORMAL-0067,SIM-CUST-008,Yoon Sumin,68369,2026-02-02T16:03:34,KR,Incheon,37.435624,126.723049,transport-incheon-07,TRANSPORT,mobile-primary-sim-cust-008,CARD,16,0,0,0,0,0,0,NORMAL_BASELINE
SIM-CUST-013-NORMAL-0067,SIM-CUST-013,Seo Jiho,112653,2026-02-02T18:18:59,KR,Incheon,37.449789,126.682657,online-incheon-07,ONLINE,mobile-primary-sim-cust-013,CARD,18,0,0,0,0,0,0,NORMAL_BASELINE
SIM-CUST-016-NORMAL-0067,SIM-CUST-016,Hwang Yuna,83063,2026-02-02T18:27:50,KR,Seoul,37.567045,126.960085,online-seoul-07,ONLINE,mobile-primary-sim-cust-016,CARD,18,0,0,0,0,0,0,NORMAL_BASELINE
SIM-CUST-007-NORMAL-0067,SIM-CUST-007,Cho Hyunwoo,89506,2026-02-02T20:00:17,KR,Busan,35.185204,129.058595,dining-busan-07,DINING,mobile-primary-sim-cust-007,E-PAY,20,0,0,0,0,0,0,NORMAL_BASELINE
SIM-CUST-010-NORMAL-0067,SIM-CUST-010,Lim Nari,54842,2026-02-02T20:09:08,KR,Daejeon,36.336457,127.408506,cafe-daejeon-07,CAFE,mobile-primary-sim-cust-010,CARD,20,0,0,0,0,0,0,NORMAL_BASELINE
SIM-CUST-019-NORMAL-0067,SIM-CUST-019,Hong Jiwon,142176,2026-02-02T20:36:41,KR,Daegu,35.851199,128.602426,grocery-daegu-07,GROCERY,mobile-primary-sim-cust-019,CARD,20,0,0,0,0,0,0,NORMAL_BASELINE
SIM-CUST-015-NORMAL-0067,SIM-CUST-015,Kwon Doyun,105428,2026-02-02T21:24:33,KR,Daejeon,36.357046,127.381055,transport-daejeon-07,TRANSPORT,mobile-primary-sim-cust-015,ACCOUNT,21,0,0,0,0,0,0,NORMAL_BASELINE
SIM-CUST-005-NORMAL-0067,SIM-CUST-005,Jung Doyun,96518,2026-02-02T21:54:43,KR,Daejeon,36.327829,127.409234,dining-daejeon-07,DINING,mobile-primary-sim-cust-005,CARD,21,0,0,0,0,0,0,NORMAL_BASELINE
SIM-CUST-003-NORMAL-0067,SIM-CUST-003,Park Jiho,81578,2026-02-02T22:48:09,KR,Incheon,37.476961,126.688953,dining-incheon-07,DINING,mobile-primary-sim-cust-003,E-PAY,22,0,0,0,0,0,0,NORMAL_BASELINE
SIM-CUST-016-NORMAL-0068,SIM-CUST-016,Hwang Yuna,72730,2026-02-03T08:34:24,KR,Seoul,37.57873,126.979279,dining-seoul-08,DINING,mobile-primary-sim-cust-016,CARD,8,1,0,0,0,0,0,NORMAL_BASELINE
SIM-CUST-012-NORMAL-0068,SIM-CUST-012,Oh Seoyeon,40714,2026-02-03T09:22:16,KR,Busan,35.175957,129.057969,utility-busan-08,UTILITY,mobile-primary-sim-cust-012,ACCOUNT,9,1,0,0,0,0,0,NORMAL_BASELINE
SIM-CUST-009-NORMAL-0068,SIM-CUST-009,Jang Jiwon,161044,2026-02-03T10:13:25,KR,Daegu,35.867125,128.585494,online-daegu-08,ONLINE,mobile-primary-sim-cust-009,ACCOUNT,10,1,0,0,0,0,0,NORMAL_BASELINE
SIM-CUST-003-NORMAL-0068,SIM-CUST-003,Park Jiho,67747,2026-02-03T11:55:43,KR,Incheon,37.47311,126.719598,utility-incheon-08,UTILITY,mobile-primary-sim-cust-003,E-PAY,11,1,0,0,0,0,0,NORMAL_BASELINE
SIM-CUST-013-NORMAL-0068,SIM-CUST-013,Seo Jiho,115281,2026-02-03T12:25:33,KR,Incheon,37.446,126.700335,dining-incheon-08,DINING,mobile-primary-sim-cust-013,CARD,12,1,0,0,0,0,0,NORMAL_BASELINE
SIM-CUST-015-NORMAL-0068,SIM-CUST-015,Kwon Doyun,101866,2026-02-03T12:31:07,KR,Daejeon,36.356262,127.405439,transport-daejeon-08,TRANSPORT,mobile-primary-sim-cust-015,ACCOUNT,12,1,0,0,0,0,0,NORMAL_BASELINE
SIM-CUST-011-NORMAL-0068,SIM-CUST-011,Han Minjun,70008,2026-02-03T13:19:59,KR,Seoul,37.558351,126.974473,utility-seoul-08,UTILITY,mobile-primary-sim-cust-011,E-PAY,13,1,0,0,0,0,0,NORMAL_BASELINE
SIM-CUST-006-NORMAL-0068,SIM-CUST-006,Kang Yuna,144182,2026-02-03T14:04:34,KR,Seoul,37.59121,126.986846,transfer-seoul-08,TRANSFER,mobile-primary-sim-cust-006,ACCOUNT,14,1,0,0,0,0,0,NORMAL_BASELINE
SIM-CUST-018-NORMAL-0068,SIM-CUST-018,Song Sumin,57369,2026-02-03T14:40:58,KR,Incheon,37.461291,126.701066,grocery-incheon-08,GROCERY,mobile-primary-sim-cust-018,ACCOUNT,14,1,0,0,0,0,0,NORMAL_BASELINE
SIM-CUST-008-NORMAL-0068,SIM-CUST-008,Yoon Sumin,60533,2026-02-03T15:10:08,KR,Incheon,37.454974,126.703338,online-incheon-08,ONLINE,mobile-primary-sim-cust-008,CARD,15,1,0,0,0,0,0,NORMAL_BASELINE
SIM-CUST-010-NORMAL-0068,SIM-CUST-010,Lim Nari,52471,2026-02-03T18:16:42,KR,Daejeon,36.360602,127.389801,utility-daejeon-08,UTILITY,mobile-primary-sim-cust-010,CARD,18,1,0,0,0,0,0,NORMAL_BASELINE
SIM-CUST-020-NORMAL-0068,SIM-CUST-020,Moon Nari,43163,2026-02-03T18:46:32,KR,Daejeon,36.339867,127.388204,cafe-daejeon-08,CAFE,mobile-primary-sim-cust-020,E-PAY,18,1,0,0,0,0,0,NORMAL_BASELINE
SIM-CUST-002-NORMAL-0068,SIM-CUST-002,Lee Seoyeon,47563,2026-02-03T18:52:26,KR,Busan,35.184871,129.055559,cafe-busan-08,CAFE,mobile-primary-sim-cust-002,CARD,18,1,0,0,0,0,0,NORMAL_BASELINE
SIM-CUST-004-NORMAL-0068,SIM-CUST-004,Choi Haein,36847,2026-02-03T18:58:00,KR,Daegu,35.860248,128.580612,transport-daegu-08,TRANSPORT,mobile-primary-sim-cust-004,CARD,18,1,0,0,0,0,0,NORMAL_BASELINE
SIM-CUST-014-NORMAL-0068,SIM-CUST-014,Shin Haein,119957,2026-02-03T19:28:50,KR,Daegu,35.891934,128.607942,utility-daegu-08,UTILITY,mobile-primary-sim-cust-014,E-PAY,19,1,0,0,0,0,0,NORMAL_BASELINE
SIM-CUST-017-NORMAL-0068,SIM-CUST-017,Ahn Hyunwoo,64569,2026-02-03T19:37:41,KR,Busan,35.204355,129.083435,medical-busan-08,MEDICAL,mobile-primary-sim-cust-017,E-PAY,19,1,0,0,0,0,0,NORMAL_BASELINE
SIM-CUST-019-NORMAL-0068,SIM-CUST-019,Hong Jiwon,146210,2026-02-03T20:43:15,KR,Daegu,35.871117,128.626207,grocery-daegu-08,GROCERY,mobile-primary-sim-cust-019,CARD,20,1,0,0,0,0,0,NORMAL_BASELINE
SIM-CUST-001-NORMAL-0068,SIM-CUST-001,Kim Minjun,59802,2026-02-03T20:49:09,KR,Seoul,37.549228,126.999494,grocery-seoul-08,GROCERY,mobile-primary-sim-cust-001,CARD,20,1,0,0,0,0,0,NORMAL_BASELINE
SIM-CUST-005-NORMAL-0068,SIM-CUST-005,Jung Doyun,106192,2026-02-03T21:01:17,KR,Daejeon,36.327812,127.365289,dining-daejeon-08,DINING,mobile-primary-sim-cust-005,CARD,21,1,0,0,0,0,0,NORMAL_BASELINE
SIM-CUST-007-NORMAL-0068,SIM-CUST-007,Cho Hyunwoo,87976,2026-02-03T21:07:51,KR,Busan,35.200213,129.078875,grocery-busan-08,GROCERY,mobile-primary-sim-cust-007,E-PAY,21,1,0,0,0,0,0,NORMAL_BASELINE
SIM-CUST-016-NORMAL-0069,SIM-CUST-016,Hwang Yuna,80766,2026-02-04T08:41:58,KR,Seoul,37.54385,126.979658,cafe-seoul-09,CAFE,mobile-primary-sim-cust-016,CARD,8,2,0,0,0,0,0,NORMAL_BASELINE
SIM-CUST-020-NORMAL-0069,SIM-CUST-020,Moon Nari,48716,2026-02-04T08:53:06,KR,Daejeon,36.338162,127.399866,dining-daejeon-09,DINING,mobile-primary-sim-cust-020,E-PAY,8,2,0,0,0,0,0,NORMAL_BASELINE
SIM-CUST-008-NORMAL-0069,SIM-CUST-008,Yoon Sumin,70135,2026-02-04T09:17:42,KR,Incheon,37.443633,126.696565,dining-incheon-09,DINING,mobile-primary-sim-cust-008,CARD,9,2,0,0,0,0,0,NORMAL_BASELINE
SIM-CUST-006-NORMAL-0069,SIM-CUST-006,Kang Yuna,140244,2026-02-04T10:11:08,KR,Seoul,37.559155,126.979783,online-seoul-09,ONLINE,mobile-primary-sim-cust-006,ACCOUNT,10,2,0,0,0,0,0,NORMAL_BASELINE
SIM-CUST-003-NORMAL-0069,SIM-CUST-003,Park Jiho,86368,2026-02-04T11:02:17,KR,Incheon,37.477602,126.724037,utility-incheon-09,UTILITY,mobile-primary-sim-cust-003,E-PAY,11,2,0,0,0,0,0,NORMAL_BASELINE
SIM-CUST-007-NORMAL-0069,SIM-CUST-007,Cho Hyunwoo,77683,2026-02-04T11:14:25,KR,Busan,35.193058,129.053166,shopping-busan-09,SHOPPING,mobile-primary-sim-cust-007,E-PAY,11,2,0,0,0,0,0,NORMAL_BASELINE
SIM-CUST-010-NORMAL-0069,SIM-CUST-010,Lim Nari,57909,2026-02-04T12:23:16,KR,Daejeon,36.345204,127.402996,utility-daejeon-09,UTILITY,mobile-primary-sim-cust-010,CARD,12,2,0,0,0,0,0,NORMAL_BASELINE
SIM-CUST-009-NORMAL-0069,SIM-CUST-009,Jang Jiwon,193619,2026-02-04T13:20:59,KR,Daegu,35.857624,128.623805,utility-daegu-09,UTILITY,mobile-primary-sim-cust-009,ACCOUNT,13,2,0,0,0,0,0,NORMAL_BASELINE
SIM-CUST-011-NORMAL-0069,SIM-CUST-011,Han Minjun,69505,2026-02-04T13:26:33,KR,Seoul,37.557261,126.96498,dining-seoul-09,DINING,mobile-primary-sim-cust-011,E-PAY,13,2,0,0,0,0,0,NORMAL_BASELINE
SIM-CUST-012-NORMAL-0069,SIM-CUST-012,Oh Seoyeon,51156,2026-02-04T14:29:50,KR,Busan,35.173837,129.094811,dining-busan-09,DINING,mobile-primary-sim-cust-012,ACCOUNT,14,2,0,0,0,0,0,NORMAL_BASELINE
SIM-CUST-018-NORMAL-0069,SIM-CUST-018,Song Sumin,71314,2026-02-04T16:47:32,KR,Incheon,37.438578,126.71227,transfer-incheon-09,TRANSFER,mobile-primary-sim-cust-018,ACCOUNT,16,2,0,0,0,0,0,NORMAL_BASELINE
SIM-CUST-013-NORMAL-0069,SIM-CUST-013,Seo Jiho,123325,2026-02-04T18:32:07,KR,Incheon,37.457231,126.685659,online-incheon-09,ONLINE,mobile-primary-sim-cust-013,CARD,18,2,0,0,0,0,0,NORMAL_BASELINE
SIM-CUST-004-NORMAL-0069,SIM-CUST-004,Choi Haein,43386,2026-02-04T19:05:34,KR,Daegu,35.860646,128.623464,cafe-daegu-09,CAFE,mobile-primary-sim-cust-004,CARD,19,2,0,0,0,0,0,NORMAL_BASELINE
SIM-CUST-005-NORMAL-0069,SIM-CUST-005,Jung Doyun,101931,2026-02-04T19:08:51,KR,Daejeon,36.34912,127.367156,grocery-daejeon-09,GROCERY,mobile-primary-sim-cust-005,CARD,19,2,0,0,0,0,0,NORMAL_BASELINE
SIM-CUST-014-NORMAL-0069,SIM-CUST-014,Shin Haein,105610,2026-02-04T19:35:24,KR,Daegu,35.870255,128.58313,online-daegu-09,ONLINE,mobile-primary-sim-cust-014,E-PAY,19,2,0,0,0,0,0,NORMAL_BASELINE
SIM-CUST-019-NORMAL-0069,SIM-CUST-019,Hong Jiwon,149158,2026-02-04T19:50:49,KR,Daegu,35.886941,128.615707,dining-daegu-09,DINING,mobile-primary-sim-cust-019,CARD,19,2,0,0,0,0,0,NORMAL_BASELINE
SIM-CUST-002-NORMAL-0069,SIM-CUST-002,Lee Seoyeon,51052,2026-02-04T19:59:00,KR,Busan,35.198485,129.078167,cafe-busan-09,CAFE,mobile-primary-sim-cust-002,CARD,19,2,0,0,0,0,0,NORMAL_BASELINE
SIM-CUST-001-NORMAL-0069,SIM-CUST-001,Kim Minjun,63772,2026-02-04T20:56:43,KR,Seoul,37.550353,126.973615,grocery-seoul-09,GROCERY,mobile-primary-sim-cust-001,CARD,20,2,0,0,0,0,0,NORMAL_BASELINE
SIM-CUST-017-NORMAL-0069,SIM-CUST-017,Ahn Hyunwoo,70722,2026-02-04T21:44:15,KR,Busan,35.161132,129.099512,medical-busan-09,MEDICAL,mobile-primary-sim-cust-017,E-PAY,21,2,0,0,0,0,0,NORMAL_BASELINE
SIM-CUST-015-NORMAL-0069,SIM-CUST-015,Kwon Doyun,107104,2026-02-04T22:38:41,KR,Daejeon,36.327432,127.375829,online-daejeon-09,ONLINE,mobile-primary-sim-cust-015,ACCOUNT,22,2,0,0,0,0,0,NORMAL_BASELINE
SIM-CUST-004-NORMAL-0070,SIM-CUST-004,Choi Haein,43671,2026-02-05T07:12:08,KR,Daegu,35.861482,128.602287,online-daegu-10,ONLINE,mobile-primary-sim-cust-004,CARD,7,3,0,0,0,0,0,NORMAL_BASELINE
SIM-CUST-002-NORMAL-0070,SIM-CUST-002,Lee Seoyeon,54881,2026-02-05T09:06:34,KR,Busan,35.175291,129.091971,grocery-busan-10,GROCERY,mobile-primary-sim-cust-002,CARD,9,3,0,0,0,0,0,NORMAL_BASELINE
SIM-CUST-012-NORMAL-0070,SIM-CUST-012,Oh Seoyeon,53486,2026-02-05T09:36:24,KR,Busan,35.165826,129.098423,grocery-busan-10,GROCERY,mobile-primary-sim-cust-012,ACCOUNT,9,3,0,0,0,0,0,NORMAL_BASELINE
SIM-CUST-013-NORMAL-0070,SIM-CUST-013,Seo Jiho,136059,2026-02-05T09:39:41,KR,Incheon,37.442279,126.682857,cafe-incheon-10,CAFE,mobile-primary-sim-cust-013,CARD,9,3,0,0,0,0,0,NORMAL_BASELINE
SIM-CUST-014-NORMAL-0070,SIM-CUST-014,Shin Haein,115832,2026-02-05T09:42:58,KR,Daegu,35.887405,128.601869,dining-daegu-10,DINING,mobile-primary-sim-cust-014,E-PAY,9,3,0,0,0,0,0,NORMAL_BASELINE
SIM-CUST-001-NORMAL-0070,SIM-CUST-001,Kim Minjun,58413,2026-02-05T10:03:17,KR,Seoul,37.588041,126.993112,dining-seoul-10,DINING,mobile-primary-sim-cust-001,CARD,10,3,0,0,0,0,0,NORMAL_BASELINE
SIM-CUST-003-NORMAL-0070,SIM-CUST-003,Park Jiho,81449,2026-02-05T10:09:51,KR,Incheon,37.477723,126.696952,online-incheon-10,ONLINE,mobile-primary-sim-cust-003,E-PAY,10,3,0,0,0,0,0,NORMAL_BASELINE
SIM-CUST-015-NORMAL-0070,SIM-CUST-015,Kwon Doyun,119666,2026-02-05T10:45:15,KR,Daejeon,36.357291,127.403602,transport-daejeon-10,TRANSPORT,mobile-primary-sim-cust-015,ACCOUNT,10,3,0,0,0,0,0,NORMAL_BASELINE
SIM-CUST-020-NORMAL-0070,SIM-CUST-020,Moon Nari,52728,2026-02-05T13:00:40,KR,Daejeon,36.356589,127.390798,dining-daejeon-10,DINING,mobile-primary-sim-cust-020,E-PAY,13,3,0,0,0,0,0,NORMAL_BASELINE
SIM-CUST-011-NORMAL-0070,SIM-CUST-011,Han Minjun,71571,2026-02-05T13:33:07,KR,Seoul,37.544362,126.970801,cafe-seoul-10,CAFE,mobile-primary-sim-cust-011,E-PAY,13,3,0,0,0,0,0,NORMAL_BASELINE
SIM-CUST-006-NORMAL-0070,SIM-CUST-006,Kang Yuna,132188,2026-02-05T14:18:42,KR,Seoul,37.575185,126.994054,transfer-seoul-10,TRANSFER,mobile-primary-sim-cust-006,ACCOUNT,14,3,0,0,0,0,0,NORMAL_BASELINE
SIM-CUST-009-NORMAL-0070,SIM-CUST-009,Jang Jiwon,186673,2026-02-05T14:27:33,KR,Daegu,35.891742,128.625106,cafe-daegu-10,CAFE,mobile-primary-sim-cust-009,ACCOUNT,14,3,0,0,0,0,0,NORMAL_BASELINE
SIM-CUST-018-NORMAL-0070,SIM-CUST-018,Song Sumin,63224,2026-02-05T14:54:06,KR,Incheon,37.463808,126.729534,transfer-incheon-10,TRANSFER,mobile-primary-sim-cust-018,ACCOUNT,14,3,0,0,0,0,0,NORMAL_BASELINE
SIM-CUST-008-NORMAL-0070,SIM-CUST-008,Yoon Sumin,74654,2026-02-05T16:24:16,KR,Incheon,37.478613,126.725888,medical-incheon-10,MEDICAL,mobile-primary-sim-cust-008,CARD,16,3,0,0,0,0,0,NORMAL_BASELINE
SIM-CUST-007-NORMAL-0070,SIM-CUST-007,Cho Hyunwoo,92013,2026-02-05T19:21:59,KR,Busan,35.176913,129.081923,shopping-busan-10,SHOPPING,mobile-primary-sim-cust-007,E-PAY,19,3,0,0,0,0,0,NORMAL_BASELINE
SIM-CUST-016-NORMAL-0070,SIM-CUST-016,Hwang Yuna,90478,2026-02-05T19:48:32,KR,Seoul,37.568044,126.971724,shopping-seoul-10,SHOPPING,mobile-primary-sim-cust-016,CARD,19,3,0,0,0,0,0,NORMAL_BASELINE
SIM-CUST-019-NORMAL-0070,SIM-CUST-019,Hong Jiwon,159843,2026-02-05T19:57:23,KR,Daegu,35.887508,128.591073,grocery-daegu-10,GROCERY,mobile-primary-sim-cust-019,CARD,19,3,0,0,0,0,0,NORMAL_BASELINE
SIM-CUST-010-NORMAL-0070,SIM-CUST-010,Lim Nari,50705,2026-02-05T20:30:50,KR,Daejeon,36.335089,127.396441,grocery-daejeon-10,GROCERY,mobile-primary-sim-cust-010,CARD,20,3,0,0,0,0,0,NORMAL_BASELINE
SIM-CUST-017-NORMAL-0070,SIM-CUST-017,Ahn Hyunwoo,72576,2026-02-05T20:51:49,KR,Busan,35.169736,129.060582,medical-busan-10,MEDICAL,mobile-primary-sim-cust-017,E-PAY,20,3,0,0,0,0,0,NORMAL_BASELINE
SIM-CUST-005-NORMAL-0070,SIM-CUST-005,Jung Doyun,91033,2026-02-05T21:15:25,KR,Daejeon,36.346444,127.364549,dining-daejeon-10,DINING,mobile-primary-sim-cust-005,CARD,21,3,0,0,0,0,0,NORMAL_BASELINE
SIM-CUST-016-NORMAL-0071,SIM-CUST-016,Hwang Yuna,72272,2026-02-06T07:55:06,KR,Seoul,37.584447,126.964313,dining-seoul-11,DINING,mobile-primary-sim-cust-016,CARD,7,4,0,0,0,0,0,NORMAL_BASELINE
SIM-CUST-006-NORMAL-0071,SIM-CUST-006,Kang Yuna,115624,2026-02-06T09:25:16,KR,Seoul,37.557194,126.963928,cafe-seoul-11,CAFE,mobile-primary-sim-cust-006,ACCOUNT,9,4,0,0,0,0,0,NORMAL_BASELINE
SIM-CUST-008-NORMAL-0071,SIM-CUST-008,Yoon Sumin,51816,2026-02-06T09:31:50,KR,Incheon,37.480864,126.716874,grocery-incheon-11,GROCERY,mobile-primary-sim-cust-008,CARD,9,4,0,0,0,0,0,NORMAL_BASELINE
SIM-CUST-009-NORMAL-0071,SIM-CUST-009,Jang Jiwon,167948,2026-02-06T09:34:07,KR,Daegu,35.848889,128.6073,transfer-daegu-11,TRANSFER,mobile-primary-sim-cust-009,ACCOUNT,9,4,0,0,0,0,0,NORMAL_BASELINE
SIM-CUST-013-NORMAL-0071,SIM-CUST-013,Seo Jiho,98615,2026-02-06T09:46:15,KR,Incheon,37.457907,126.693973,cafe-incheon-11,CAFE,mobile-primary-sim-cust-013,CARD,9,4,0,0,0,0,0,NORMAL_BASELINE
SIM-CUST-014-NORMAL-0071,SIM-CUST-014,Shin Haein,99204,2026-02-06T09:49:32,KR,Daegu,35.864894,128.60887,utility-daegu-11,UTILITY,mobile-primary-sim-cust-014,E-PAY,9,4,0,0,0,0,0,NORMAL_BASELINE
SIM-CUST-007-NORMAL-0071,SIM-CUST-007,Cho Hyunwoo,82074,2026-02-06T10:28:33,KR,Busan,35.154777,129.08887,utility-busan-11,UTILITY,mobile-primary-sim-cust-007,E-PAY,10,4,0,0,0,0,0,NORMAL_BASELINE
SIM-CUST-002-NORMAL-0071,SIM-CUST-002,Lee Seoyeon,38930,2026-02-06T13:13:08,KR,Busan,35.175938,129.083855,grocery-busan-11,GROCERY,mobile-primary-sim-cust-002,CARD,13,4,0,0,0,0,0,NORMAL_BASELINE
SIM-CUST-011-NORMAL-0071,SIM-CUST-011,Han Minjun,55673,2026-02-06T13:40:41,KR,Seoul,37.585027,126.97309,online-seoul-11,ONLINE,mobile-primary-sim-cust-011,E-PAY,13,4,0,0,0,0,0,NORMAL_BASELINE
SIM-CUST-018-NORMAL-0071,SIM-CUST-018,Song Sumin,57513,2026-02-06T14:01:40,KR,Incheon,37.447654,126.695607,transfer-incheon-11,TRANSFER,mobile-primary-sim-cust-018,ACCOUNT,14,4,0,0,0,0,0,NORMAL_BASELINE
SIM-CUST-012-NORMAL-0071,SIM-CUST-012,Oh Seoyeon,42145,2026-02-06T14:43:58,KR,Busan,35.160518,129.096766,grocery-busan-11,GROCERY,mobile-primary-sim-cust-012,ACCOUNT,14,4,0,0,0,0,0,NORMAL_BASELINE
SIM-CUST-020-NORMAL-0071,SIM-CUST-020,Moon Nari,41773,2026-02-06T18:07:14,KR,Daejeon,36.364426,127.374321,cafe-daejeon-11,CAFE,mobile-primary-sim-cust-020,E-PAY,18,4,0,0,0,0,0,NORMAL_BASELINE
SIM-CUST-004-NORMAL-0071,SIM-CUST-004,Choi Haein,35108,2026-02-06T19:19:42,KR,Daegu,35.878708,128.61559,transport-daegu-11,TRANSPORT,mobile-primary-sim-cust-004,CARD,19,4,0,0,0,0,0,NORMAL_BASELINE
SIM-CUST-017-NORMAL-0071,SIM-CUST-017,Ahn Hyunwoo,54378,2026-02-06T19:58:23,KR,Busan,35.188195,129.085443,grocery-busan-11,GROCERY,mobile-primary-sim-cust-017,E-PAY,19,4,0,0,0,0,0,NORMAL_BASELINE
SIM-CUST-019-NORMAL-0071,SIM-CUST-019,Hong Jiwon,157883,2026-02-06T20:04:57,KR,Daegu,35.879641,128.62632,grocery-daegu-11,GROCERY,mobile-primary-sim-cust-019,CARD,20,4,0,0,0,0,0,NORMAL_BASELINE
SIM-CUST-001-NORMAL-0071,SIM-CUST-001,Kim Minjun,48953,2026-02-06T20:10:51,KR,Seoul,37.54946,126.988064,dining-seoul-11,DINING,mobile-primary-sim-cust-001,CARD,20,4,0,0,0,0,0,NORMAL_BASELINE
SIM-CUST-003-NORMAL-0071,SIM-CUST-003,Park Jiho,68741,2026-02-06T20:16:25,KR,Incheon,37.455996,126.727128,transport-incheon-11,TRANSPORT,mobile-primary-sim-cust-003,E-PAY,20,4,0,0,0,0,0,NORMAL_BASELINE
SIM-CUST-005-NORMAL-0071,SIM-CUST-005,Jung Doyun,90250,2026-02-06T20:22:59,KR,Daejeon,36.332258,127.401033,dining-daejeon-11,DINING,mobile-primary-sim-cust-005,CARD,20,4,0,0,0,0,0,NORMAL_BASELINE
SIM-CUST-010-NORMAL-0071,SIM-CUST-010,Lim Nari,42223,2026-02-06T20:37:24,KR,Daejeon,36.331812,127.362752,cafe-daejeon-11,CAFE,mobile-primary-sim-cust-010,CARD,20,4,0,0,0,0,0,NORMAL_BASELINE
SIM-CUST-015-NORMAL-0071,SIM-CUST-015,Kwon Doyun,96947,2026-02-06T20:52:49,KR,Daejeon,36.342289,127.391337,grocery-daejeon-11,GROCERY,mobile-primary-sim-cust-015,ACCOUNT,20,4,0,0,0,0,0,NORMAL_BASELINE
SIM-CUST-016-NORMAL-0072,SIM-CUST-016,Hwang Yuna,79000,2026-02-07T08:02:40,KR,Seoul,37.562701,126.96311,cafe-seoul-12,CAFE,mobile-primary-sim-cust-016,CARD,8,5,0,0,0,0,0,NORMAL_BASELINE
SIM-CUST-004-NORMAL-0072,SIM-CUST-004,Choi Haein,33355,2026-02-07T08:26:16,KR,Daegu,35.871379,128.606096,grocery-daegu-12,GROCERY,mobile-primary-sim-cust-004,CARD,8,5,0,0,0,0,0,NORMAL_BASELINE
SIM-CUST-012-NORMAL-0072,SIM-CUST-012,Oh Seoyeon,42823,2026-02-07T09:50:32,KR,Busan,35.163503,129.077124,utility-busan-12,UTILITY,mobile-primary-sim-cust-012,ACCOUNT,9,5,0,0,0,0,0,NORMAL_BASELINE
SIM-CUST-007-NORMAL-0072,SIM-CUST-007,Cho Hyunwoo,81745,2026-02-07T10:35:07,KR,Busan,35.181775,129.050888,grocery-busan-12,GROCERY,mobile-primary-sim-cust-007,E-PAY,10,5,0,0,0,0,0,NORMAL_BASELINE
SIM-CUST-005-NORMAL-0072,SIM-CUST-005,Jung Doyun,92192,2026-02-07T11:29:33,KR,Daejeon,36.339535,127.398738,grocery-daejeon-12,GROCERY,mobile-primary-sim-cust-005,CARD,11,5,0,0,0,0,0,NORMAL_BASELINE
SIM-CUST-001-NORMAL-0072,SIM-CUST-001,Kim Minjun,57482,2026-02-07T12:17:25,KR,Seoul,37.552622,126.993829,online-seoul-12,ONLINE,mobile-primary-sim-cust-001,CARD,12,5,0,0,0,0,0,NORMAL_BASELINE
SIM-CUST-002-NORMAL-0072,SIM-CUST-002,Lee Seoyeon,45761,2026-02-07T12:20:42,KR,Busan,35.178313,129.055161,utility-busan-12,UTILITY,mobile-primary-sim-cust-002,CARD,12,5,0,0,0,0,0,NORMAL_BASELINE
SIM-CUST-011-NORMAL-0072,SIM-CUST-011,Han Minjun,58524,2026-02-07T12:47:15,KR,Seoul,37.568031,127.000553,cafe-seoul-12,CAFE,mobile-primary-sim-cust-011,E-PAY,12,5,0,0,0,0,0,NORMAL_BASELINE
SIM-CUST-015-NORMAL-0072,SIM-CUST-015,Kwon Doyun,83246,2026-02-07T12:59:23,KR,Daejeon,36.372918,127.372343,grocery-daejeon-12,GROCERY,mobile-primary-sim-cust-015,ACCOUNT,12,5,0,0,0,0,0,NORMAL_BASELINE
SIM-CUST-017-NORMAL-0072,SIM-CUST-017,Ahn Hyunwoo,62368,2026-02-07T13:05:57,KR,Busan,35.204283,129.071826,grocery-busan-12,GROCERY,mobile-primary-sim-cust-017,E-PAY,13,5,0,0,0,0,0,NORMAL_BASELINE
SIM-CUST-014-NORMAL-0072,SIM-CUST-014,Shin Haein,91361,2026-02-07T13:56:06,KR,Daegu,35.882527,128.590365,utility-daegu-12,UTILITY,mobile-primary-sim-cust-014,E-PAY,13,5,0,0,0,0,0,NORMAL_BASELINE
SIM-CUST-009-NORMAL-0072,SIM-CUST-009,Jang Jiwon,142730,2026-02-07T14:41:41,KR,Daegu,35.864796,128.623762,transfer-daegu-12,TRANSFER,mobile-primary-sim-cust-009,ACCOUNT,14,5,0,0,0,0,0,NORMAL_BASELINE
SIM-CUST-018-NORMAL-0072,SIM-CUST-018,Song Sumin,56549,2026-02-07T15:08:14,KR,Incheon,37.474858,126.714623,grocery-incheon-12,GROCERY,mobile-primary-sim-cust-018,ACCOUNT,15,5,0,0,0,0,0,NORMAL_BASELINE
SIM-CUST-006-NORMAL-0072,SIM-CUST-006,Kang Yuna,140832,2026-02-07T16:32:50,KR,Seoul,37.575655,126.998496,transfer-seoul-12,TRANSFER,mobile-primary-sim-cust-006,ACCOUNT,16,5,0,0,0,0,0,NORMAL_BASELINE
SIM-CUST-008-NORMAL-0072,SIM-CUST-008,Yoon Sumin,59559,2026-02-07T16:38:24,KR,Incheon,37.455263,126.720101,medical-incheon-12,MEDICAL,mobile-primary-sim-cust-008,CARD,16,5,0,0,0,0,0,NORMAL_BASELINE
SIM-CUST-020-NORMAL-0072,SIM-CUST-020,Moon Nari,46511,2026-02-07T18:14:48,KR,Daejeon,36.362701,127.393295,cafe-daejeon-12,CAFE,mobile-primary-sim-cust-020,E-PAY,18,5,0,0,0,0,0,NORMAL_BASELINE
SIM-CUST-010-NORMAL-0072,SIM-CUST-010,Lim Nari,51920,2026-02-07T18:44:58,KR,Daejeon,36.36945,127.395945,utility-daejeon-12,UTILITY,mobile-primary-sim-cust-010,CARD,18,5,0,0,0,0,0,NORMAL_BASELINE
SIM-CUST-013-NORMAL-0072,SIM-CUST-013,Seo Jiho,104634,2026-02-07T18:53:49,KR,Incheon,37.450944,126.691194,dining-incheon-12,DINING,mobile-primary-sim-cust-013,CARD,18,5,0,0,0,0,0,NORMAL_BASELINE
SIM-CUST-019-NORMAL-0072,SIM-CUST-019,Hong Jiwon,141645,2026-02-07T19:11:31,KR,Daegu,35.854052,128.593397,grocery-daegu-12,GROCERY,mobile-primary-sim-cust-019,CARD,19,5,0,0,0,0,0,NORMAL_BASELINE
SIM-CUST-003-NORMAL-0072,SIM-CUST-003,Park Jiho,64309,2026-02-07T21:23:59,KR,Incheon,37.436932,126.688325,grocery-incheon-12,GROCERY,mobile-primary-sim-cust-003,E-PAY,21,5,0,0,0,0,0,NORMAL_BASELINE
SIM-CUST-016-NORMAL-0073,SIM-CUST-016,Hwang Yuna,80135,2026-02-08T07:09:14,KR,Seoul,37.556325,126.998048,utility-seoul-01,UTILITY,mobile-primary-sim-cust-016,CARD,7,6,0,0,0,0,0,NORMAL_BASELINE
SIM-CUST-014-NORMAL-0073,SIM-CUST-014,Shin Haein,100277,2026-02-08T08:03:40,KR,Daegu,35.848814,128.602284,utility-daegu-01,UTILITY,mobile-primary-sim-cust-014,E-PAY,8,6,0,0,0,0,0,NORMAL_BASELINE
SIM-CUST-002-NORMAL-0073,SIM-CUST-002,Lee Seoyeon,40297,2026-02-08T08:27:16,KR,Busan,35.19154,129.091188,cafe-busan-01,CAFE,mobile-primary-sim-cust-002,CARD,8,6,0,0,0,0,0,NORMAL_BASELINE
SIM-CUST-009-NORMAL-0073,SIM-CUST-009,Jang Jiwon,161466,2026-02-08T08:48:15,KR,Daegu,35.885068,128.622814,transfer-daegu-01,TRANSFER,mobile-primary-sim-cust-009,ACCOUNT,8,6,0,0,0,0,0,NORMAL_BASELINE
SIM-CUST-008-NORMAL-0073,SIM-CUST-008,Yoon Sumin,56388,2026-02-08T09:45:58,KR,Incheon,37.459224,126.680821,grocery-incheon-01,GROCERY,mobile-primary-sim-cust-008,CARD,9,6,0,0,0,0,0,NORMAL_BASELINE
SIM-CUST-019-NORMAL-0073,SIM-CUST-019,Hong Jiwon,164618,2026-02-08T12:18:05,KR,Daegu,35.864589,128.601314,transport-daegu-01,TRANSPORT,mobile-primary-sim-cust-019,CARD,12,6,0,0,0,0,0,NORMAL_BASELINE
SIM-CUST-001-NORMAL-0073,SIM-CUST-001,Kim Minjun,57903,2026-02-08T12:24:59,KR,Seoul,37.585066,126.964146,grocery-seoul-01,GROCERY,mobile-primary-sim-cust-001,CARD,12,6,0,0,0,0,0,NORMAL_BASELINE
SIM-CUST-011-NORMAL-0073,SIM-CUST-011,Han Minjun,67048,2026-02-08T12:54:49,KR,Seoul,37.574444,126.97676,grocery-seoul-01,GROCERY,mobile-primary-sim-cust-011,E-PAY,12,6,0,0,0,0,0,NORMAL_BASELINE
SIM-CUST-020-NORMAL-0073,SIM-CUST-020,Moon Nari,44756,2026-02-08T13:21:22,KR,Daejeon,36.332659,127.398677,cafe-daejeon-01,CAFE,mobile-primary-sim-cust-020,E-PAY,13,6,0,0,0,0,0,NORMAL_BASELINE
SIM-CUST-006-NORMAL-0073,SIM-CUST-006,Kang Yuna,121353,2026-02-08T15:39:24,KR,Seoul,37.553603,126.96627,dining-seoul-01,DINING,mobile-primary-sim-cust-006,ACCOUNT,15,6,0,0,0,0,0,NORMAL_BASELINE
SIM-CUST-018-NORMAL-0073,SIM-CUST-018,Song Sumin,60480,2026-02-08T16:15:48,KR,Incheon,37.46435,126.708899,utility-incheon-01,UTILITY,mobile-primary-sim-cust-018,ACCOUNT,16,6,0,0,0,0,0,NORMAL_BASELINE
SIM-CUST-012-NORMAL-0073,SIM-CUST-012,Oh Seoyeon,41705,2026-02-08T16:57:06,KR,Busan,35.199256,129.084958,dining-busan-01,DINING,mobile-primary-sim-cust-012,ACCOUNT,16,6,0,0,0,0,0,NORMAL_BASELINE
SIM-CUST-010-NORMAL-0073,SIM-CUST-010,Lim Nari,50703,2026-02-08T18:51:32,KR,Daejeon,36.374998,127.394149,utility-daejeon-01,UTILITY,mobile-primary-sim-cust-010,CARD,18,6,0,0,0,0,0,NORMAL_BASELINE
SIM-CUST-004-NORMAL-0073,SIM-CUST-004,Choi Haein,32996,2026-02-08T19:33:50,KR,Daegu,35.864455,128.592224,online-daegu-01,ONLINE,mobile-primary-sim-cust-004,CARD,19,6,0,0,0,0,0,NORMAL_BASELINE
SIM-CUST-005-NORMAL-0073,SIM-CUST-005,Jung Doyun,84680,2026-02-08T19:36:07,KR,Daejeon,36.33855,127.385657,dining-daejeon-01,DINING,mobile-primary-sim-cust-005,CARD,19,6,0,0,0,0,0,NORMAL_BASELINE
SIM-CUST-013-NORMAL-0073,SIM-CUST-013,Seo Jiho,102791,2026-02-08T20:00:23,KR,Incheon,37.441585,126.719486,online-incheon-01,ONLINE,mobile-primary-sim-cust-013,CARD,20,6,0,0,0,0,0,NORMAL_BASELINE
SIM-CUST-003-NORMAL-0073,SIM-CUST-003,Park Jiho,74030,2026-02-08T20:30:33,KR,Incheon,37.432004,126.697056,cafe-incheon-01,CAFE,mobile-primary-sim-cust-003,E-PAY,20,6,0,0,0,0,0,NORMAL_BASELINE
SIM-CUST-007-NORMAL-0073,SIM-CUST-007,Cho Hyunwoo,78223,2026-02-08T20:42:41,KR,Busan,35.178386,129.071108,shopping-busan-01,SHOPPING,mobile-primary-sim-cust-007,E-PAY,20,6,0,0,0,0,0,NORMAL_BASELINE
SIM-CUST-017-NORMAL-0073,SIM-CUST-017,Ahn Hyunwoo,69743,2026-02-08T21:12:31,KR,Busan,35.190556,129.078219,medical-busan-01,MEDICAL,mobile-primary-sim-cust-017,E-PAY,21,6,0,0,0,0,0,NORMAL_BASELINE
SIM-CUST-015-NORMAL-0073,SIM-CUST-015,Kwon Doyun,85829,2026-02-08T22:06:57,KR,Daejeon,36.371017,127.407758,dining-daejeon-01,DINING,mobile-primary-sim-cust-015,ACCOUNT,22,6,0,0,0,0,0,NORMAL_BASELINE
SIM-CUST-006-NORMAL-0074,SIM-CUST-006,Kang Yuna,123407,2026-02-09T10:46:58,KR,Seoul,37.57243,126.9608,transfer-seoul-02,TRANSFER,mobile-primary-sim-cust-006,ACCOUNT,10,0,0,0,0,0,0,NORMAL_BASELINE
SIM-CUST-007-NORMAL-0074,SIM-CUST-007,Cho Hyunwoo,68616,2026-02-09T10:49:15,KR,Busan,35.198708,129.064506,cafe-busan-02,CAFE,mobile-primary-sim-cust-007,E-PAY,10,0,0,0,0,0,0,NORMAL_BASELINE
SIM-CUST-013-NORMAL-0074,SIM-CUST-013,Seo Jiho,115485,2026-02-09T11:07:57,KR,Incheon,37.445699,126.680355,cafe-incheon-02,CAFE,mobile-primary-sim-cust-013,CARD,11,0,0,0,0,0,0,NORMAL_BASELINE
SIM-CUST-015-NORMAL-0074,SIM-CUST-015,Kwon Doyun,107751,2026-02-09T11:13:31,KR,Daejeon,36.356179,127.386458,cafe-daejeon-02,CAFE,mobile-primary-sim-cust-015,ACCOUNT,11,0,0,0,0,0,0,NORMAL_BASELINE
SIM-CUST-003-NORMAL-0074,SIM-CUST-003,Park Jiho,75653,2026-02-09T12:37:07,KR,Incheon,37.440075,126.723007,cafe-incheon-02,CAFE,mobile-primary-sim-cust-003,E-PAY,12,0,0,0,0,0,0,NORMAL_BASELINE
SIM-CUST-005-NORMAL-0074,SIM-CUST-005,Jung Doyun,90355,2026-02-09T12:43:41,KR,Daejeon,36.333419,127.386907,grocery-daejeon-02,GROCERY,mobile-primary-sim-cust-005,CARD,12,0,0,0,0,0,0,NORMAL_BASELINE
SIM-CUST-018-NORMAL-0074,SIM-CUST-018,Song Sumin,62489,2026-02-09T15:22:22,KR,Incheon,37.480061,126.706837,transfer-incheon-02,TRANSFER,mobile-primary-sim-cust-018,ACCOUNT,15,0,0,0,0,0,0,NORMAL_BASELINE
SIM-CUST-008-NORMAL-0074,SIM-CUST-008,Yoon Sumin,55586,2026-02-09T15:52:32,KR,Incheon,37.44609,126.712582,utility-incheon-02,UTILITY,mobile-primary-sim-cust-008,CARD,15,0,0,0,0,0,0,NORMAL_BASELINE
SIM-CUST-009-NORMAL-0074,SIM-CUST-009,Jang Jiwon,152060,2026-02-09T15:55:49,KR,Daegu,35.856557,128.623703,grocery-daegu-02,GROCERY,mobile-primary-sim-cust-009,ACCOUNT,15,0,0,0,0,0,0,NORMAL_BASELINE
SIM-CUST-012-NORMAL-0074,SIM-CUST-012,Oh Seoyeon,41476,2026-02-09T16:04:40,KR,Busan,35.159796,129.096412,online-busan-02,ONLINE,mobile-primary-sim-cust-012,ACCOUNT,16,0,0,0,0,0,0,NORMAL_BASELINE
SIM-CUST-014-NORMAL-0074,SIM-CUST-014,Shin Haein,109995,2026-02-09T18:10:14,KR,Daegu,35.867734,128.59254,cafe-daegu-02,CAFE,mobile-primary-sim-cust-014,E-PAY,18,0,0,0,0,0,0,NORMAL_BASELINE
SIM-CUST-016-NORMAL-0074,SIM-CUST-016,Hwang Yuna,72880,2026-02-09T18:16:48,KR,Seoul,37.548306,126.999907,utility-seoul-02,UTILITY,mobile-primary-sim-cust-016,CARD,18,0,0,0,0,0,0,NORMAL_BASELINE
SIM-CUST-020-NORMAL-0074,SIM-CUST-020,Moon Nari,49906,2026-02-09T18:28:56,KR,Daejeon,36.33781,127.376018,grocery-daejeon-02,GROCERY,mobile-primary-sim-cust-020,E-PAY,18,0,0,0,0,0,0,NORMAL_BASELINE
SIM-CUST-002-NORMAL-0074,SIM-CUST-002,Lee Seoyeon,49955,2026-02-09T18:34:50,KR,Busan,35.182684,129.084101,cafe-busan-02,CAFE,mobile-primary-sim-cust-002,CARD,18,0,0,0,0,0,0,NORMAL_BASELINE
SIM-CUST-004-NORMAL-0074,SIM-CUST-004,Choi Haein,38373,2026-02-09T18:40:24,KR,Daegu,35.864671,128.610547,online-daegu-02,ONLINE,mobile-primary-sim-cust-004,CARD,18,0,0,0,0,0,0,NORMAL_BASELINE
SIM-CUST-011-NORMAL-0074,SIM-CUST-011,Han Minjun,58363,2026-02-09T19:01:23,KR,Seoul,37.573404,127.000097,cafe-seoul-02,CAFE,mobile-primary-sim-cust-011,E-PAY,19,0,0,0,0,0,0,NORMAL_BASELINE
SIM-CUST-017-NORMAL-0074,SIM-CUST-017,Ahn Hyunwoo,57717,2026-02-09T19:19:05,KR,Busan,35.177094,129.08419,medical-busan-02,MEDICAL,mobile-primary-sim-cust-017,E-PAY,19,0,0,0,0,0,0,NORMAL_BASELINE
SIM-CUST-019-NORMAL-0074,SIM-CUST-019,Hong Jiwon,133167,2026-02-09T19:25:39,KR,Daegu,35.895463,128.592788,grocery-daegu-02,GROCERY,mobile-primary-sim-cust-019,CARD,19,0,0,0,0,0,0,NORMAL_BASELINE
SIM-CUST-001-NORMAL-0074,SIM-CUST-001,Kim Minjun,52346,2026-02-09T19:31:33,KR,Seoul,37.584718,127.001344,grocery-seoul-02,GROCERY,mobile-primary-sim-cust-001,CARD,19,0,0,0,0,0,0,NORMAL_BASELINE
SIM-CUST-010-NORMAL-0074,SIM-CUST-010,Lim Nari,51401,2026-02-09T20:58:06,KR,Daejeon,36.369555,127.359598,cafe-daejeon-02,CAFE,mobile-primary-sim-cust-010,CARD,20,0,0,0,0,0,0,NORMAL_BASELINE
SIM-CUST-016-NORMAL-0075,SIM-CUST-016,Hwang Yuna,77890,2026-02-10T07:23:22,KR,Seoul,37.574906,126.963438,shopping-seoul-03,SHOPPING,mobile-primary-sim-cust-016,CARD,7,1,0,0,0,0,0,NORMAL_BASELINE
SIM-CUST-020-NORMAL-0075,SIM-CUST-020,Moon Nari,48533,2026-02-10T08:35:30,KR,Daejeon,36.369767,127.387974,cafe-daejeon-03,CAFE,mobile-primary-sim-cust-020,E-PAY,8,1,0,0,0,0,0,NORMAL_BASELINE
SIM-CUST-006-NORMAL-0075,SIM-CUST-006,Kang Yuna,119439,2026-02-10T09:53:32,KR,Seoul,37.589289,126.977633,transfer-seoul-03,TRANSFER,mobile-primary-sim-cust-006,ACCOUNT,9,1,0,0,0,0,0,NORMAL_BASELINE
SIM-CUST-008-NORMAL-0075,SIM-CUST-008,Yoon Sumin,63968,2026-02-10T09:59:06,KR,Incheon,37.43939,126.703164,medical-incheon-03,MEDICAL,mobile-primary-sim-cust-008,CARD,9,1,0,0,0,0,0,NORMAL_BASELINE
SIM-CUST-009-NORMAL-0075,SIM-CUST-009,Jang Jiwon,164185,2026-02-10T10:02:23,KR,Daegu,35.85291,128.619217,transfer-daegu-03,TRANSFER,mobile-primary-sim-cust-009,ACCOUNT,10,1,0,0,0,0,0,NORMAL_BASELINE
SIM-CUST-013-NORMAL-0075,SIM-CUST-013,Seo Jiho,116629,2026-02-10T10:14:31,KR,Incheon,37.455138,126.695466,grocery-incheon-03,GROCERY,mobile-primary-sim-cust-013,CARD,10,1,0,0,0,0,0,NORMAL_BASELINE
SIM-CUST-015-NORMAL-0075,SIM-CUST-015,Kwon Doyun,87226,2026-02-10T11:20:05,KR,Daejeon,36.354067,127.37026,dining-daejeon-03,DINING,mobile-primary-sim-cust-015,ACCOUNT,11,1,0,0,0,0,0,NORMAL_BASELINE
SIM-CUST-001-NORMAL-0075,SIM-CUST-001,Kim Minjun,55279,2026-02-10T11:38:07,KR,Seoul,37.575476,126.995183,grocery-seoul-03,GROCERY,mobile-primary-sim-cust-001,CARD,11,1,0,0,0,0,0,NORMAL_BASELINE
SIM-CUST-014-NORMAL-0075,SIM-CUST-014,Shin Haein,113869,2026-02-10T12:17:48,KR,Daegu,35.848497,128.623653,dining-daegu-03,DINING,mobile-primary-sim-cust-014,E-PAY,12,1,0,0,0,0,0,NORMAL_BASELINE
SIM-CUST-005-NORMAL-0075,SIM-CUST-005,Jung Doyun,92918,2026-02-10T12:50:15,KR,Daejeon,36.337125,127.360137,dining-daejeon-03,DINING,mobile-primary-sim-cust-005,CARD,12,1,0,0,0,0,0,NORMAL_BASELINE
SIM-CUST-011-NORMAL-0075,SIM-CUST-011,Han Minjun,64627,2026-02-10T13:08:57,KR,Seoul,37.543788,126.993378,cafe-seoul-03,CAFE,mobile-primary-sim-cust-011,E-PAY,13,1,0,0,0,0,0,NORMAL_BASELINE
SIM-CUST-002-NORMAL-0075,SIM-CUST-002,Lee Seoyeon,47385,2026-02-10T13:41:24,KR,Busan,35.192114,129.094005,grocery-busan-03,GROCERY,mobile-primary-sim-cust-002,CARD,13,1,0,0,0,0,0,NORMAL_BASELINE
SIM-CUST-012-NORMAL-0075,SIM-CUST-012,Oh Seoyeon,46669,2026-02-10T14:11:14,KR,Busan,35.190165,129.054418,utility-busan-03,UTILITY,mobile-primary-sim-cust-012,ACCOUNT,14,1,0,0,0,0,0,NORMAL_BASELINE
SIM-CUST-018-NORMAL-0075,SIM-CUST-018,Song Sumin,56927,2026-02-10T16:29:56,KR,Incheon,37.444711,126.693763,cafe-incheon-03,CAFE,mobile-primary-sim-cust-018,ACCOUNT,16,1,0,0,0,0,0,NORMAL_BASELINE
SIM-CUST-004-NORMAL-0075,SIM-CUST-004,Choi Haein,40615,2026-02-10T18:47:58,KR,Daegu,35.847234,128.579777,utility-daegu-03,UTILITY,mobile-primary-sim-cust-004,CARD,18,1,0,0,0,0,0,NORMAL_BASELINE
SIM-CUST-010-NORMAL-0075,SIM-CUST-010,Lim Nari,55051,2026-02-10T19:05:40,KR,Daejeon,36.327993,127.406438,cafe-daejeon-03,CAFE,mobile-primary-sim-cust-010,CARD,19,1,0,0,0,0,0,NORMAL_BASELINE
SIM-CUST-019-NORMAL-0075,SIM-CUST-019,Hong Jiwon,138742,2026-02-10T19:32:13,KR,Daegu,35.872648,128.606377,grocery-daegu-03,GROCERY,mobile-primary-sim-cust-019,CARD,19,1,0,0,0,0,0,NORMAL_BASELINE
SIM-CUST-003-NORMAL-0075,SIM-CUST-003,Park Jiho,72388,2026-02-10T20:44:41,KR,Incheon,37.435637,126.713663,online-incheon-03,ONLINE,mobile-primary-sim-cust-003,E-PAY,20,1,0,0,0,0,0,NORMAL_BASELINE
SIM-CUST-017-NORMAL-0075,SIM-CUST-017,Ahn Hyunwoo,70207,2026-02-10T21:26:39,KR,Busan,35.199391,129.05175,utility-busan-03,UTILITY,mobile-primary-sim-cust-017,E-PAY,21,1,0,0,0,0,0,NORMAL_BASELINE
SIM-CUST-007-NORMAL-0075,SIM-CUST-007,Cho Hyunwoo,73093,2026-02-10T21:56:49,KR,Busan,35.163842,129.053353,online-busan-03,ONLINE,mobile-primary-sim-cust-007,E-PAY,21,1,0,0,0,0,0,NORMAL_BASELINE
SIM-CUST-006-NORMAL-0076,SIM-CUST-006,Kang Yuna,135181,2026-02-11T09:00:06,KR,Seoul,37.543613,126.977115,dining-seoul-04,DINING,mobile-primary-sim-cust-006,ACCOUNT,9,2,0,0,0,0,0,NORMAL_BASELINE
SIM-CUST-012-NORMAL-0076,SIM-CUST-012,Oh Seoyeon,48850,2026-02-11T09:18:48,KR,Busan,35.193489,129.057929,online-busan-04,ONLINE,mobile-primary-sim-cust-012,ACCOUNT,9,2,0,0,0,0,0,NORMAL_BASELINE
SIM-CUST-019-NORMAL-0076,SIM-CUST-019,Hong Jiwon,138564,2026-02-11T09:39:47,KR,Daegu,35.85961,128.593089,grocery-daegu-04,GROCERY,mobile-primary-sim-cust-019,CARD,9,2,0,0,0,0,0,NORMAL_BASELINE
SIM-CUST-020-NORMAL-0076,SIM-CUST-020,Moon Nari,50285,2026-02-11T09:42:04,KR,Daejeon,36.330818,127.401459,utility-daejeon-04,UTILITY,mobile-primary-sim-cust-020,E-PAY,9,2,0,0,0,0,0,NORMAL_BASELINE
SIM-CUST-004-NORMAL-0076,SIM-CUST-004,Choi Haein,42390,2026-02-11T09:54:32,KR,Daegu,35.893834,128.596299,transport-daegu-04,TRANSPORT,mobile-primary-sim-cust-004,CARD,9,2,0,0,0,0,0,NORMAL_BASELINE
SIM-CUST-001-NORMAL-0076,SIM-CUST-001,Kim Minjun,50651,2026-02-11T11:45:41,KR,Seoul,37.59002,126.961928,utility-seoul-04,UTILITY,mobile-primary-sim-cust-001,CARD,11,2,0,0,0,0,0,NORMAL_BASELINE
SIM-CUST-003-NORMAL-0076,SIM-CUST-003,Park Jiho,72442,2026-02-11T11:51:15,KR,Incheon,37.478091,126.680542,transport-incheon-04,TRANSPORT,mobile-primary-sim-cust-003,E-PAY,11,2,0,0,0,0,0,NORMAL_BASELINE
SIM-CUST-005-NORMAL-0076,SIM-CUST-005,Jung Doyun,101682,2026-02-11T11:57:49,KR,Daejeon,36.358851,127.366957,utility-daejeon-04,UTILITY,mobile-primary-sim-cust-005,CARD,11,2,0,0,0,0,0,NORMAL_BASELINE
SIM-CUST-017-NORMAL-0076,SIM-CUST-017,Ahn Hyunwoo,59291,2026-02-11T12:33:13,KR,Busan,35.158321,129.069269,online-busan-04,ONLINE,mobile-primary-sim-cust-017,E-PAY,12,2,0,0,0,0,0,NORMAL_BASELINE
SIM-CUST-011-NORMAL-0076,SIM-CUST-011,Han Minjun,63243,2026-02-11T13:15:31,KR,Seoul,37.565727,126.98996,dining-seoul-04,DINING,mobile-primary-sim-cust-011,E-PAY,13,2,0,0,0,0,0,NORMAL_BASELINE
SIM-CUST-009-NORMAL-0076,SIM-CUST-009,Jang Jiwon,178664,2026-02-11T14:09:57,KR,Daegu,35.882735,128.585868,transfer-daegu-04,TRANSFER,mobile-primary-sim-cust-009,ACCOUNT,14,2,0,0,0,0,0,NORMAL_BASELINE
SIM-CUST-018-NORMAL-0076,SIM-CUST-018,Song Sumin,57138,2026-02-11T14:36:30,KR,Incheon,37.477641,126.696408,cafe-incheon-04,CAFE,mobile-primary-sim-cust-018,ACCOUNT,14,2,0,0,0,0,0,NORMAL_BASELINE
SIM-CUST-008-NORMAL-0076,SIM-CUST-008,Yoon Sumin,55167,2026-02-11T16:06:40,KR,Incheon,37.454042,126.718792,dining-incheon-04,DINING,mobile-primary-sim-cust-008,CARD,16,2,0,0,0,0,0,NORMAL_BASELINE
SIM-CUST-007-NORMAL-0076,SIM-CUST-007,Cho Hyunwoo,85852,2026-02-11T19:03:23,KR,Busan,35.18795,129.092501,shopping-busan-04,SHOPPING,mobile-primary-sim-cust-007,E-PAY,19,2,0,0,0,0,0,NORMAL_BASELINE
SIM-CUST-010-NORMAL-0076,SIM-CUST-010,Lim Nari,49234,2026-02-11T19:12:14,KR,Daejeon,36.331486,127.385415,online-daejeon-04,ONLINE,mobile-primary-sim-cust-010,CARD,19,2,0,0,0,0,0,NORMAL_BASELINE
SIM-CUST-013-NORMAL-0076,SIM-CUST-013,Seo Jiho,107563,2026-02-11T19:21:05,KR,Incheon,37.434773,126.689567,online-incheon-04,ONLINE,mobile-primary-sim-cust-013,CARD,19,2,0,0,0,0,0,NORMAL_BASELINE
SIM-CUST-014-NORMAL-0076,SIM-CUST-014,Shin Haein,104355,2026-02-11T19:24:22,KR,Daegu,35.875157,128.607174,utility-daegu-04,UTILITY,mobile-primary-sim-cust-014,E-PAY,19,2,0,0,0,0,0,NORMAL_BASELINE
SIM-CUST-016-NORMAL-0076,SIM-CUST-016,Hwang Yuna,67329,2026-02-11T19:30:56,KR,Seoul,37.579258,126.960015,cafe-seoul-04,CAFE,mobile-primary-sim-cust-016,CARD,19,2,0,0,0,0,0,NORMAL_BASELINE
SIM-CUST-002-NORMAL-0076,SIM-CUST-002,Lee Seoyeon,43752,2026-02-11T19:48:58,KR,Busan,35.170222,129.05578,cafe-busan-04,CAFE,mobile-primary-sim-cust-002,CARD,19,2,0,0,0,0,0,NORMAL_BASELINE
SIM-CUST-015-NORMAL-0076,SIM-CUST-015,Kwon Doyun,102911,2026-02-11T20:27:39,KR,Daejeon,36.334686,127.384578,transport-daejeon-04,TRANSPORT,mobile-primary-sim-cust-015,ACCOUNT,20,2,0,0,0,0,0,NORMAL_BASELINE
SIM-CUST-014-NORMAL-0077,SIM-CUST-014,Shin Haein,96565,2026-02-12T08:31:56,KR,Daegu,35.860792,128.600732,utility-daegu-05,UTILITY,mobile-primary-sim-cust-014,E-PAY,8,3,0,0,0,0,0,NORMAL_BASELINE
SIM-CUST-004-NORMAL-0077,SIM-CUST-004,Choi Haein,38909,2026-02-12T09:01:06,KR,Daegu,35.867172,128.611491,cafe-daegu-05,CAFE,mobile-primary-sim-cust-004,CARD,9,3,0,0,0,0,0,NORMAL_BASELINE
SIM-CUST-009-NORMAL-0077,SIM-CUST-009,Jang Jiwon,153531,2026-02-12T09:16:31,KR,Daegu,35.86091,128.58949,grocery-daegu-05,GROCERY,mobile-primary-sim-cust-009,ACCOUNT,9,3,0,0,0,0,0,NORMAL_BASELINE
SIM-CUST-019-NORMAL-0077,SIM-CUST-019,Hong Jiwon,144058,2026-02-12T09:46:21,KR,Daegu,35.886419,128.587976,grocery-daegu-05,GROCERY,mobile-primary-sim-cust-019,CARD,9,3,0,0,0,0,0,NORMAL_BASELINE
SIM-CUST-020-NORMAL-0077,SIM-CUST-020,Moon Nari,42542,2026-02-12T09:49:38,KR,Daejeon,36.373856,127.379711,cafe-daejeon-05,CAFE,mobile-primary-sim-cust-020,E-PAY,9,3,0,0,0,0,0,NORMAL_BASELINE
SIM-CUST-012-NORMAL-0077,SIM-CUST-012,Oh Seoyeon,46610,2026-02-12T10:25:22,KR,Busan,35.193877,129.074522,grocery-busan-05,GROCERY,mobile-primary-sim-cust-012,ACCOUNT,10,3,0,0,0,0,0,NORMAL_BASELINE
SIM-CUST-015-NORMAL-0077,SIM-CUST-015,Kwon Doyun,108994,2026-02-12T10:34:13,KR,Daejeon,36.35931,127.373134,cafe-daejeon-05,CAFE,mobile-primary-sim-cust-015,ACCOUNT,10,3,0,0,0,0,0,NORMAL_BASELINE
SIM-CUST-018-NORMAL-0077,SIM-CUST-018,Song Sumin,59396,2026-02-12T10:43:04,KR,Incheon,37.446617,126.721487,cafe-incheon-05,CAFE,mobile-primary-sim-cust-018,ACCOUNT,10,3,0,0,0,0,0,NORMAL_BASELINE
SIM-CUST-005-NORMAL-0077,SIM-CUST-005,Jung Doyun,85580,2026-02-12T11:04:23,KR,Daejeon,36.361579,127.404739,dining-daejeon-05,DINING,mobile-primary-sim-cust-005,CARD,11,3,0,0,0,0,0,NORMAL_BASELINE
SIM-CUST-011-NORMAL-0077,SIM-CUST-011,Han Minjun,75107,2026-02-12T11:22:05,KR,Seoul,37.588574,126.976806,cafe-seoul-05,CAFE,mobile-primary-sim-cust-011,E-PAY,11,3,0,0,0,0,0,NORMAL_BASELINE
SIM-CUST-001-NORMAL-0077,SIM-CUST-001,Kim Minjun,57465,2026-02-12T11:52:15,KR,Seoul,37.558784,126.992321,grocery-seoul-05,GROCERY,mobile-primary-sim-cust-001,CARD,11,3,0,0,0,0,0,NORMAL_BASELINE
SIM-CUST-013-NORMAL-0077,SIM-CUST-013,Seo Jiho,100449,2026-02-12T12:28:39,KR,Incheon,37.45503,126.696903,online-incheon-05,ONLINE,mobile-primary-sim-cust-013,CARD,12,3,0,0,0,0,0,NORMAL_BASELINE
SIM-CUST-017-NORMAL-0077,SIM-CUST-017,Ahn Hyunwoo,61833,2026-02-12T12:40:47,KR,Busan,35.158969,129.054371,cafe-busan-05,CAFE,mobile-primary-sim-cust-017,E-PAY,12,3,0,0,0,0,0,NORMAL_BASELINE
SIM-CUST-008-NORMAL-0077,SIM-CUST-008,Yoon Sumin,68150,2026-02-12T15:13:14,KR,Incheon,37.462641,126.715395,medical-incheon-05,MEDICAL,mobile-primary-sim-cust-008,CARD,15,3,0,0,0,0,0,NORMAL_BASELINE
SIM-CUST-006-NORMAL-0077,SIM-CUST-006,Kang Yuna,147720,2026-02-12T16:07:40,KR,Seoul,37.585549,126.981726,transfer-seoul-05,TRANSFER,mobile-primary-sim-cust-006,ACCOUNT,16,3,0,0,0,0,0,NORMAL_BASELINE
SIM-CUST-016-NORMAL-0077,SIM-CUST-016,Hwang Yuna,80347,2026-02-12T18:37:30,KR,Seoul,37.581849,127.000546,online-seoul-05,ONLINE,mobile-primary-sim-cust-016,CARD,18,3,0,0,0,0,0,NORMAL_BASELINE
SIM-CUST-002-NORMAL-0077,SIM-CUST-002,Lee Seoyeon,48177,2026-02-12T18:55:32,KR,Busan,35.165812,129.056011,cafe-busan-05,CAFE,mobile-primary-sim-cust-002,CARD,18,3,0,0,0,0,0,NORMAL_BASELINE
SIM-CUST-007-NORMAL-0077,SIM-CUST-007,Cho Hyunwoo,72203,2026-02-12T19:10:57,KR,Busan,35.160044,129.100287,shopping-busan-05,SHOPPING,mobile-primary-sim-cust-007,E-PAY,19,3,0,0,0,0,0,NORMAL_BASELINE
SIM-CUST-010-NORMAL-0077,SIM-CUST-010,Lim Nari,53881,2026-02-12T19:19:48,KR,Daejeon,36.36959,127.370727,grocery-daejeon-05,GROCERY,mobile-primary-sim-cust-010,CARD,19,3,0,0,0,0,0,NORMAL_BASELINE
SIM-CUST-003-NORMAL-0077,SIM-CUST-003,Park Jiho,77864,2026-02-12T20:58:49,KR,Incheon,37.479002,126.695297,online-incheon-05,ONLINE,mobile-primary-sim-cust-003,E-PAY,20,3,0,0,0,0,0,NORMAL_BASELINE
SIM-CUST-004-NORMAL-0078,SIM-CUST-004,Choi Haein,33291,2026-02-13T07:08:40,KR,Daegu,35.854034,128.58058,cafe-daegu-06,CAFE,mobile-primary-sim-cust-004,CARD,7,4,0,0,0,0,0,NORMAL_BASELINE
SIM-CUST-016-NORMAL-0078,SIM-CUST-016,Hwang Yuna,59023,2026-02-13T08:44:04,KR,Seoul,37.56245,126.982571,grocery-seoul-06,GROCERY,mobile-primary-sim-cust-016,CARD,8,4,0,0,0,0,0,NORMAL_BASELINE
SIM-CUST-008-NORMAL-0078,SIM-CUST-008,Yoon Sumin,47795,2026-02-13T09:20:48,KR,Incheon,37.475972,126.696845,online-incheon-06,ONLINE,mobile-primary-sim-cust-008,CARD,9,4,0,0,0,0,0,NORMAL_BASELINE
SIM-CUST-012-NORMAL-0078,SIM-CUST-012,Oh Seoyeon,36941,2026-02-13T09:32:56,KR,Busan,35.190935,129.057833,dining-busan-06,DINING,mobile-primary-sim-cust-012,ACCOUNT,9,4,0,0,0,0,0,NORMAL_BASELINE
SIM-CUST-014-NORMAL-0078,SIM-CUST-014,Shin Haein,84489,2026-02-13T09:38:30,KR,Daegu,35.892285,128.62584,online-daegu-06,ONLINE,mobile-primary-sim-cust-014,E-PAY,9,4,0,0,0,0,0,NORMAL_BASELINE
SIM-CUST-013-NORMAL-0078,SIM-CUST-013,Seo Jiho,104881,2026-02-13T10:35:13,KR,Incheon,37.439836,126.718213,transport-incheon-06,TRANSPORT,mobile-primary-sim-cust-013,CARD,10,4,0,0,0,0,0,NORMAL_BASELINE
SIM-CUST-007-NORMAL-0078,SIM-CUST-007,Cho Hyunwoo,69604,2026-02-13T11:17:31,KR,Busan,35.189176,129.080348,dining-busan-06,DINING,mobile-primary-sim-cust-007,E-PAY,11,4,0,0,0,0,0,NORMAL_BASELINE
SIM-CUST-019-NORMAL-0078,SIM-CUST-019,Hong Jiwon,139118,2026-02-13T11:53:55,KR,Daegu,35.884142,128.622049,grocery-daegu-06,GROCERY,mobile-primary-sim-cust-019,CARD,11,4,0,0,0,0,0,NORMAL_BASELINE
SIM-CUST-001-NORMAL-0078,SIM-CUST-001,Kim Minjun,47793,2026-02-13T12:59:49,KR,Seoul,37.56076,126.981829,cafe-seoul-06,CAFE,mobile-primary-sim-cust-001,CARD,12,4,0,0,0,0,0,NORMAL_BASELINE
SIM-CUST-006-NORMAL-0078,SIM-CUST-006,Kang Yuna,127639,2026-02-13T14:14:14,KR,Seoul,37.5873,126.967013,grocery-seoul-06,GROCERY,mobile-primary-sim-cust-006,ACCOUNT,14,4,0,0,0,0,0,NORMAL_BASELINE
SIM-CUST-009-NORMAL-0078,SIM-CUST-009,Jang Jiwon,133665,2026-02-13T14:23:05,KR,Daegu,35.875545,128.608762,grocery-daegu-06,GROCERY,mobile-primary-sim-cust-009,ACCOUNT,14,4,0,0,0,0,0,NORMAL_BASELINE
SIM-CUST-018-NORMAL-0078,SIM-CUST-018,Song Sumin,49526,2026-02-13T16:50:38,KR,Incheon,37.461188,126.713684,dining-incheon-06,DINING,mobile-primary-sim-cust-018,ACCOUNT,16,4,0,0,0,0,0,NORMAL_BASELINE
SIM-CUST-002-NORMAL-0078,SIM-CUST-002,Lee Seoyeon,41851,2026-02-13T18:02:06,KR,Busan,35.183305,129.090961,grocery-busan-06,GROCERY,mobile-primary-sim-cust-002,CARD,18,4,0,0,0,0,0,NORMAL_BASELINE
SIM-CUST-010-NORMAL-0078,SIM-CUST-010,Lim Nari,43410,2026-02-13T18:26:22,KR,Daejeon,36.341212,127.379093,utility-daejeon-06,UTILITY,mobile-primary-sim-cust-010,CARD,18,4,0,0,0,0,0,NORMAL_BASELINE
SIM-CUST-020-NORMAL-0078,SIM-CUST-020,Moon Nari,35286,2026-02-13T18:56:12,KR,Daejeon,36.356511,127.360648,transport-daejeon-06,TRANSPORT,mobile-primary-sim-cust-020,E-PAY,18,4,0,0,0,0,0,NORMAL_BASELINE
SIM-CUST-015-NORMAL-0078,SIM-CUST-015,Kwon Doyun,89927,2026-02-13T20:41:47,KR,Daejeon,36.358261,127.373238,transport-daejeon-06,TRANSPORT,mobile-primary-sim-cust-015,ACCOUNT,20,4,0,0,0,0,0,NORMAL_BASELINE
SIM-CUST-005-NORMAL-0078,SIM-CUST-005,Jung Doyun,89939,2026-02-13T21:11:57,KR,Daejeon,36.340201,127.382714,dining-daejeon-06,DINING,mobile-primary-sim-cust-005,CARD,21,4,0,0,0,0,0,NORMAL_BASELINE
SIM-CUST-011-NORMAL-0078,SIM-CUST-011,Han Minjun,63254,2026-02-13T21:29:39,KR,Seoul,37.578214,126.967693,online-seoul-06,ONLINE,mobile-primary-sim-cust-011,E-PAY,21,4,0,0,0,0,0,NORMAL_BASELINE
SIM-CUST-017-NORMAL-0078,SIM-CUST-017,Ahn Hyunwoo,59954,2026-02-13T21:47:21,KR,Busan,35.198108,129.081473,medical-busan-06,MEDICAL,mobile-primary-sim-cust-017,E-PAY,21,4,0,0,0,0,0,NORMAL_BASELINE
SIM-CUST-003-NORMAL-0078,SIM-CUST-003,Park Jiho,58834,2026-02-13T22:05:23,KR,Incheon,37.449278,126.692015,cafe-incheon-06,CAFE,mobile-primary-sim-cust-003,E-PAY,22,4,0,0,0,0,0,NORMAL_BASELINE
SIM-CUST-004-NORMAL-0079,SIM-CUST-004,Choi Haein,31113,2026-02-14T07:15:14,KR,Daegu,35.886803,128.60322,grocery-daegu-07,GROCERY,mobile-primary-sim-cust-004,CARD,7,5,0,0,0,0,0,NORMAL_BASELINE
SIM-CUST-009-NORMAL-0079,SIM-CUST-009,Jang Jiwon,131586,2026-02-14T08:30:39,KR,Daegu,35.862562,128.611051,transfer-daegu-07,TRANSFER,mobile-primary-sim-cust-009,ACCOUNT,8,5,0,0,0,0,0,NORMAL_BASELINE
SIM-CUST-014-NORMAL-0079,SIM-CUST-014,Shin Haein,93655,2026-02-14T08:45:04,KR,Daegu,35.85345,128.586742,utility-daegu-07,UTILITY,mobile-primary-sim-cust-014,E-PAY,8,5,0,0,0,0,0,NORMAL_BASELINE
SIM-CUST-016-NORMAL-0079,SIM-CUST-016,Hwang Yuna,58467,2026-02-14T08:51:38,KR,Seoul,37.589668,126.966811,online-seoul-07,ONLINE,mobile-primary-sim-cust-016,CARD,8,5,0,0,0,0,0,NORMAL_BASELINE
SIM-CUST-019-NORMAL-0079,SIM-CUST-019,Hong Jiwon,134396,2026-02-14T09:00:29,KR,Daegu,35.875268,128.610924,online-daegu-07,ONLINE,mobile-primary-sim-cust-019,CARD,9,5,0,0,0,0,0,NORMAL_BASELINE
SIM-CUST-008-NORMAL-0079,SIM-CUST-008,Yoon Sumin,57096,2026-02-14T09:27:22,KR,Incheon,37.466203,126.710825,medical-incheon-07,MEDICAL,mobile-primary-sim-cust-008,CARD,9,5,0,0,0,0,0,NORMAL_BASELINE
SIM-CUST-013-NORMAL-0079,SIM-CUST-013,Seo Jiho,108337,2026-02-14T09:42:47,KR,Incheon,37.460458,126.704615,cafe-incheon-07,CAFE,mobile-primary-sim-cust-013,CARD,9,5,0,0,0,0,0,NORMAL_BASELINE
SIM-CUST-006-NORMAL-0079,SIM-CUST-006,Kang Yuna,105982,2026-02-14T10:21:48,KR,Seoul,37.567787,126.974159,dining-seoul-07,DINING,mobile-primary-sim-cust-006,ACCOUNT,10,5,0,0,0,0,0,NORMAL_BASELINE
SIM-CUST-018-NORMAL-0079,SIM-CUST-018,Song Sumin,57827,2026-02-14T10:57:12,KR,Incheon,37.438264,126.718695,dining-incheon-07,DINING,mobile-primary-sim-cust-018,ACCOUNT,10,5,0,0,0,0,0,NORMAL_BASELINE
SIM-CUST-001-NORMAL-0079,SIM-CUST-001,Kim Minjun,47588,2026-02-14T11:06:23,KR,Seoul,37.567496,126.993326,grocery-seoul-07,GROCERY,mobile-primary-sim-cust-001,CARD,11,5,0,0,0,0,0,NORMAL_BASELINE
SIM-CUST-005-NORMAL-0079,SIM-CUST-005,Jung Doyun,88961,2026-02-14T11:18:31,KR,Daejeon,36.368012,127.377511,online-daejeon-07,ONLINE,mobile-primary-sim-cust-005,CARD,11,5,0,0,0,0,0,NORMAL_BASELINE
SIM-CUST-011-NORMAL-0079,SIM-CUST-011,Han Minjun,63629,2026-02-14T12:36:13,KR,Seoul,37.585312,126.992243,dining-seoul-07,DINING,mobile-primary-sim-cust-011,E-PAY,12,5,0,0,0,0,0,NORMAL_BASELINE
SIM-CUST-017-NORMAL-0079,SIM-CUST-017,Ahn Hyunwoo,62887,2026-02-14T12:54:55,KR,Busan,35.203055,129.08215,cafe-busan-07,CAFE,mobile-primary-sim-cust-017,E-PAY,12,5,0,0,0,0,0,NORMAL_BASELINE
SIM-CUST-012-NORMAL-0079,SIM-CUST-012,Oh Seoyeon,35243,2026-02-14T14:39:30,KR,Busan,35.173851,129.066566,transport-busan-07,TRANSPORT,mobile-primary-sim-cust-012,ACCOUNT,14,5,0,0,0,0,0,NORMAL_BASELINE
SIM-CUST-020-NORMAL-0079,SIM-CUST-020,Moon Nari,38994,2026-02-14T18:03:46,KR,Daejeon,36.331286,127.39769,grocery-daejeon-07,GROCERY,mobile-primary-sim-cust-020,E-PAY,18,5,0,0,0,0,0,NORMAL_BASELINE
SIM-CUST-002-NORMAL-0079,SIM-CUST-002,Lee Seoyeon,42946,2026-02-14T18:09:40,KR,Busan,35.185279,129.082735,transport-busan-07,TRANSPORT,mobile-primary-sim-cust-002,CARD,18,5,0,0,0,0,0,NORMAL_BASELINE
SIM-CUST-010-NORMAL-0079,SIM-CUST-010,Lim Nari,44407,2026-02-14T18:33:56,KR,Daejeon,36.326669,127.396372,utility-daejeon-07,UTILITY,mobile-primary-sim-cust-010,CARD,18,5,0,0,0,0,0,NORMAL_BASELINE
SIM-CUST-015-NORMAL-0079,SIM-CUST-015,Kwon Doyun,95052,2026-02-14T20:48:21,KR,Daejeon,36.341308,127.370566,cafe-daejeon-07,CAFE,mobile-primary-sim-cust-015,ACCOUNT,20,5,0,0,0,0,0,NORMAL_BASELINE
SIM-CUST-007-NORMAL-0079,SIM-CUST-007,Cho Hyunwoo,68033,2026-02-14T21:24:05,KR,Busan,35.183548,129.097174,shopping-busan-07,SHOPPING,mobile-primary-sim-cust-007,E-PAY,21,5,0,0,0,0,0,NORMAL_BASELINE
SIM-CUST-003-NORMAL-0079,SIM-CUST-003,Park Jiho,60309,2026-02-14T22:12:57,KR,Incheon,37.451571,126.705326,online-incheon-07,ONLINE,mobile-primary-sim-cust-003,E-PAY,22,5,0,0,0,0,0,NORMAL_BASELINE
SIM-CUST-020-NORMAL-0080,SIM-CUST-020,Moon Nari,37429,2026-02-15T08:10:20,KR,Daejeon,36.336195,127.387583,cafe-daejeon-08,CAFE,mobile-primary-sim-cust-020,E-PAY,8,6,0,0,0,0,0,NORMAL_BASELINE
SIM-CUST-002-NORMAL-0080,SIM-CUST-002,Lee Seoyeon,42044,2026-02-15T08:16:14,KR,Busan,35.189274,129.052048,cafe-busan-08,CAFE,mobile-primary-sim-cust-002,CARD,8,6,0,0,0,0,0,NORMAL_BASELINE
SIM-CUST-007-NORMAL-0080,SIM-CUST-007,Cho Hyunwoo,66856,2026-02-15T10:31:39,KR,Busan,35.199476,129.091613,dining-busan-08,DINING,mobile-primary-sim-cust-007,E-PAY,10,6,0,0,0,0,0,NORMAL_BASELINE
SIM-CUST-013-NORMAL-0080,SIM-CUST-013,Seo Jiho,88397,2026-02-15T10:49:21,KR,Incheon,37.43217,126.714202,grocery-incheon-08,GROCERY,mobile-primary-sim-cust-013,CARD,10,6,0,0,0,0,0,NORMAL_BASELINE
SIM-CUST-015-NORMAL-0080,SIM-CUST-015,Kwon Doyun,81042,2026-02-15T10:55:55,KR,Daejeon,36.355969,127.395908,dining-daejeon-08,DINING,mobile-primary-sim-cust-015,ACCOUNT,10,6,0,0,0,0,0,NORMAL_BASELINE
SIM-CUST-019-NORMAL-0080,SIM-CUST-019,Hong Jiwon,139824,2026-02-15T11:07:03,KR,Daegu,35.851422,128.596582,utility-daegu-08,UTILITY,mobile-primary-sim-cust-019,CARD,11,6,0,0,0,0,0,NORMAL_BASELINE
SIM-CUST-017-NORMAL-0080,SIM-CUST-017,Ahn Hyunwoo,52175,2026-02-15T13:01:29,KR,Busan,35.160699,129.085807,dining-busan-08,DINING,mobile-primary-sim-cust-017,E-PAY,13,6,0,0,0,0,0,NORMAL_BASELINE
SIM-CUST-018-NORMAL-0080,SIM-CUST-018,Song Sumin,56089,2026-02-15T14:04:46,KR,Incheon,37.466931,126.707845,transfer-incheon-08,TRANSFER,mobile-primary-sim-cust-018,ACCOUNT,14,6,0,0,0,0,0,NORMAL_BASELINE
SIM-CUST-009-NORMAL-0080,SIM-CUST-009,Jang Jiwon,142123,2026-02-15T15:37:13,KR,Daegu,35.867565,128.60626,transfer-daegu-08,TRANSFER,mobile-primary-sim-cust-009,ACCOUNT,15,6,0,0,0,0,0,NORMAL_BASELINE
SIM-CUST-012-NORMAL-0080,SIM-CUST-012,Oh Seoyeon,42954,2026-02-15T15:46:04,KR,Busan,35.184687,129.08243,grocery-busan-08,GROCERY,mobile-primary-sim-cust-012,ACCOUNT,15,6,0,0,0,0,0,NORMAL_BASELINE
SIM-CUST-006-NORMAL-0080,SIM-CUST-006,Kang Yuna,113611,2026-02-15T16:28:22,KR,Seoul,37.58452,126.991795,transfer-seoul-08,TRANSFER,mobile-primary-sim-cust-006,ACCOUNT,16,6,0,0,0,0,0,NORMAL_BASELINE
SIM-CUST-008-NORMAL-0080,SIM-CUST-008,Yoon Sumin,58382,2026-02-15T16:34:56,KR,Incheon,37.435348,126.724242,online-incheon-08,ONLINE,mobile-primary-sim-cust-008,CARD,16,6,0,0,0,0,0,NORMAL_BASELINE
SIM-CUST-004-NORMAL-0080,SIM-CUST-004,Choi Haein,36042,2026-02-15T18:22:48,KR,Daegu,35.878892,128.608558,cafe-daegu-08,CAFE,mobile-primary-sim-cust-004,CARD,18,6,0,0,0,0,0,NORMAL_BASELINE
SIM-CUST-014-NORMAL-0080,SIM-CUST-014,Shin Haein,81278,2026-02-15T18:52:38,KR,Daegu,35.891527,128.624393,dining-daegu-08,DINING,mobile-primary-sim-cust-014,E-PAY,18,6,0,0,0,0,0,NORMAL_BASELINE
SIM-CUST-016-NORMAL-0080,SIM-CUST-016,Hwang Yuna,69715,2026-02-15T18:58:12,KR,Seoul,37.588717,126.960592,shopping-seoul-08,SHOPPING,mobile-primary-sim-cust-016,CARD,18,6,0,0,0,0,0,NORMAL_BASELINE
SIM-CUST-001-NORMAL-0080,SIM-CUST-001,Kim Minjun,51815,2026-02-15T19:13:57,KR,Seoul,37.575031,126.971211,dining-seoul-08,DINING,mobile-primary-sim-cust-001,CARD,19,6,0,0,0,0,0,NORMAL_BASELINE
SIM-CUST-010-NORMAL-0080,SIM-CUST-010,Lim Nari,48658,2026-02-15T19:40:30,KR,Daejeon,36.335244,127.375961,utility-daejeon-08,UTILITY,mobile-primary-sim-cust-010,CARD,19,6,0,0,0,0,0,NORMAL_BASELINE
SIM-CUST-005-NORMAL-0080,SIM-CUST-005,Jung Doyun,87620,2026-02-15T21:25:05,KR,Daejeon,36.33015,127.39741,dining-daejeon-08,DINING,mobile-primary-sim-cust-005,CARD,21,6,0,0,0,0,0,NORMAL_BASELINE
SIM-CUST-011-NORMAL-0080,SIM-CUST-011,Han Minjun,54194,2026-02-15T21:43:47,KR,Seoul,37.581341,126.968067,grocery-seoul-08,GROCERY,mobile-primary-sim-cust-011,E-PAY,21,6,0,0,0,0,0,NORMAL_BASELINE
SIM-CUST-003-NORMAL-0080,SIM-CUST-003,Park Jiho,66978,2026-02-15T22:19:31,KR,Incheon,37.463236,126.727232,dining-incheon-08,DINING,mobile-primary-sim-cust-003,E-PAY,22,6,0,0,0,0,0,NORMAL_BASELINE
SIM-CUST-009-NORMAL-0081,SIM-CUST-009,Jang Jiwon,133096,2026-02-16T08:44:47,KR,Daegu,35.863043,128.588142,transfer-daegu-09,TRANSFER,mobile-primary-sim-cust-009,ACCOUNT,8,0,0,0,0,0,0,NORMAL_BASELINE
SIM-CUST-019-NORMAL-0081,SIM-CUST-019,Hong Jiwon,149203,2026-02-16T09:14:37,KR,Daegu,35.851048,128.593063,grocery-daegu-09,GROCERY,mobile-primary-sim-cust-019,CARD,9,0,0,0,0,0,0,NORMAL_BASELINE
SIM-CUST-001-NORMAL-0081,SIM-CUST-001,Kim Minjun,54758,2026-02-16T09:20:31,KR,Seoul,37.572658,126.986169,utility-seoul-09,UTILITY,mobile-primary-sim-cust-001,CARD,9,0,0,0,0,0,0,NORMAL_BASELINE
SIM-CUST-004-NORMAL-0081,SIM-CUST-004,Choi Haein,36360,2026-02-16T09:29:22,KR,Daegu,35.888723,128.579295,dining-daegu-09,DINING,mobile-primary-sim-cust-004,CARD,9,0,0,0,0,0,0,NORMAL_BASELINE
SIM-CUST-008-NORMAL-0081,SIM-CUST-008,Yoon Sumin,60935,2026-02-16T09:41:30,KR,Incheon,37.4495,126.682778,grocery-incheon-09,GROCERY,mobile-primary-sim-cust-008,CARD,9,0,0,0,0,0,0,NORMAL_BASELINE
SIM-CUST-018-NORMAL-0081,SIM-CUST-018,Song Sumin,55666,2026-02-16T10:11:20,KR,Incheon,37.439971,126.71643,online-incheon-09,ONLINE,mobile-primary-sim-cust-018,ACCOUNT,10,0,0,0,0,0,0,NORMAL_BASELINE
SIM-CUST-012-NORMAL-0081,SIM-CUST-012,Oh Seoyeon,40708,2026-02-16T10:53:38,KR,Busan,35.166895,129.071533,online-busan-09,ONLINE,mobile-primary-sim-cust-012,ACCOUNT,10,0,0,0,0,0,0,NORMAL_BASELINE
SIM-CUST-005-NORMAL-0081,SIM-CUST-005,Jung Doyun,77144,2026-02-16T11:32:39,KR,Daejeon,36.35776,127.375933,dining-daejeon-09,DINING,mobile-primary-sim-cust-005,CARD,11,0,0,0,0,0,0,NORMAL_BASELINE
SIM-CUST-013-NORMAL-0081,SIM-CUST-013,Seo Jiho,101206,2026-02-16T11:56:55,KR,Incheon,37.439665,126.687529,online-incheon-09,ONLINE,mobile-primary-sim-cust-013,CARD,11,0,0,0,0,0,0,NORMAL_BASELINE
SIM-CUST-017-NORMAL-0081,SIM-CUST-017,Ahn Hyunwoo,64314,2026-02-16T12:08:03,KR,Busan,35.163879,129.086513,utility-busan-09,UTILITY,mobile-primary-sim-cust-017,E-PAY,12,0,0,0,0,0,0,NORMAL_BASELINE
SIM-CUST-002-NORMAL-0081,SIM-CUST-002,Lee Seoyeon,39349,2026-02-16T12:23:48,KR,Busan,35.171591,129.050905,dining-busan-09,DINING,mobile-primary-sim-cust-002,CARD,12,0,0,0,0,0,0,NORMAL_BASELINE
SIM-CUST-003-NORMAL-0081,SIM-CUST-003,Park Jiho,60849,2026-02-16T12:26:05,KR,Incheon,37.437978,126.687859,cafe-incheon-09,CAFE,mobile-primary-sim-cust-003,E-PAY,12,0,0,0,0,0,0,NORMAL_BASELINE
SIM-CUST-010-NORMAL-0081,SIM-CUST-010,Lim Nari,40761,2026-02-16T12:47:04,KR,Daejeon,36.349398,127.399903,cafe-daejeon-09,CAFE,mobile-primary-sim-cust-010,CARD,12,0,0,0,0,0,0,NORMAL_BASELINE
SIM-CUST-006-NORMAL-0081,SIM-CUST-006,Kang Yuna,125358,2026-02-16T15:35:56,KR,Seoul,37.564504,126.987461,transport-seoul-09,TRANSPORT,mobile-primary-sim-cust-006,ACCOUNT,15,0,0,0,0,0,0,NORMAL_BASELINE
SIM-CUST-016-NORMAL-0081,SIM-CUST-016,Hwang Yuna,63528,2026-02-16T18:05:46,KR,Seoul,37.557873,126.984838,shopping-seoul-09,SHOPPING,mobile-primary-sim-cust-016,CARD,18,0,0,0,0,0,0,NORMAL_BASELINE
SIM-CUST-014-NORMAL-0081,SIM-CUST-014,Shin Haein,86275,2026-02-16T18:59:12,KR,Daegu,35.870818,128.61752,cafe-daegu-09,CAFE,mobile-primary-sim-cust-014,E-PAY,18,0,0,0,0,0,0,NORMAL_BASELINE
SIM-CUST-020-NORMAL-0081,SIM-CUST-020,Moon Nari,42236,2026-02-16T19:17:54,KR,Daejeon,36.341689,127.392627,cafe-daejeon-09,CAFE,mobile-primary-sim-cust-020,E-PAY,19,0,0,0,0,0,0,NORMAL_BASELINE
SIM-CUST-007-NORMAL-0081,SIM-CUST-007,Cho Hyunwoo,63646,2026-02-16T20:38:13,KR,Busan,35.178141,129.056701,online-busan-09,ONLINE,mobile-primary-sim-cust-007,E-PAY,20,0,0,0,0,0,0,NORMAL_BASELINE
SIM-CUST-015-NORMAL-0081,SIM-CUST-015,Kwon Doyun,89975,2026-02-16T21:02:29,KR,Daejeon,36.357139,127.375938,online-daejeon-09,ONLINE,mobile-primary-sim-cust-015,ACCOUNT,21,0,0,0,0,0,0,NORMAL_BASELINE
SIM-CUST-011-NORMAL-0081,SIM-CUST-011,Han Minjun,67285,2026-02-16T21:50:21,KR,Seoul,37.56484,126.99782,transport-seoul-09,TRANSPORT,mobile-primary-sim-cust-011,E-PAY,21,0,0,0,0,0,0,NORMAL_BASELINE
SIM-CUST-004-NORMAL-0082,SIM-CUST-004,Choi Haein,31958,2026-02-17T07:36:56,KR,Daegu,35.877015,128.579151,utility-daegu-10,UTILITY,mobile-primary-sim-cust-004,CARD,7,1,0,0,0,0,0,NORMAL_BASELINE
SIM-CUST-013-NORMAL-0082,SIM-CUST-013,Seo Jiho,109796,2026-02-17T09:03:29,KR,Incheon,37.448084,126.704733,online-incheon-10,ONLINE,mobile-primary-sim-cust-013,CARD,9,1,0,0,0,0,0,NORMAL_BASELINE
SIM-CUST-001-NORMAL-0082,SIM-CUST-001,Kim Minjun,48362,2026-02-17T09:27:05,KR,Seoul,37.556964,126.97342,dining-seoul-10,DINING,mobile-primary-sim-cust-001,CARD,9,1,0,0,0,0,0,NORMAL_BASELINE
SIM-CUST-002-NORMAL-0082,SIM-CUST-002,Lee Seoyeon,40984,2026-02-17T09:30:22,KR,Busan,35.161694,129.082259,cafe-busan-10,CAFE,mobile-primary-sim-cust-002,CARD,9,1,0,0,0,0,0,NORMAL_BASELINE
SIM-CUST-006-NORMAL-0082,SIM-CUST-006,Kang Yuna,118526,2026-02-17T09:42:30,KR,Seoul,37.546537,126.97108,dining-seoul-10,DINING,mobile-primary-sim-cust-006,ACCOUNT,9,1,0,0,0,0,0,NORMAL_BASELINE
SIM-CUST-009-NORMAL-0082,SIM-CUST-009,Jang Jiwon,166900,2026-02-17T10:51:21,KR,Daegu,35.89476,128.606312,transport-daegu-10,TRANSPORT,mobile-primary-sim-cust-009,ACCOUNT,10,1,0,0,0,0,0,NORMAL_BASELINE
SIM-CUST-017-NORMAL-0082,SIM-CUST-017,Ahn Hyunwoo,63614,2026-02-17T11:15:37,KR,Busan,35.166254,129.0531,medical-busan-10,MEDICAL,mobile-primary-sim-cust-017,E-PAY,11,1,0,0,0,0,0,NORMAL_BASELINE
SIM-CUST-011-NORMAL-0082,SIM-CUST-011,Han Minjun,62070,2026-02-17T11:57:55,KR,Seoul,37.553668,126.961522,grocery-seoul-10,GROCERY,mobile-primary-sim-cust-011,E-PAY,11,1,0,0,0,0,0,NORMAL_BASELINE
SIM-CUST-014-NORMAL-0082,SIM-CUST-014,Shin Haein,104503,2026-02-17T12:06:46,KR,Daegu,35.874958,128.613004,utility-daegu-10,UTILITY,mobile-primary-sim-cust-014,E-PAY,12,1,0,0,0,0,0,NORMAL_BASELINE
SIM-CUST-020-NORMAL-0082,SIM-CUST-020,Moon Nari,45898,2026-02-17T12:24:28,KR,Daejeon,36.35141,127.392363,cafe-daejeon-10,CAFE,mobile-primary-sim-cust-020,E-PAY,12,1,0,0,0,0,0,NORMAL_BASELINE
SIM-CUST-018-NORMAL-0082,SIM-CUST-018,Song Sumin,51775,2026-02-17T14:18:54,KR,Incheon,37.470797,126.721719,cafe-incheon-10,CAFE,mobile-primary-sim-cust-018,ACCOUNT,14,1,0,0,0,0,0,NORMAL_BASELINE
SIM-CUST-012-NORMAL-0082,SIM-CUST-012,Oh Seoyeon,39942,2026-02-17T15:00:12,KR,Busan,35.181411,129.062106,cafe-busan-10,CAFE,mobile-primary-sim-cust-012,ACCOUNT,15,1,0,0,0,0,0,NORMAL_BASELINE
SIM-CUST-008-NORMAL-0082,SIM-CUST-008,Yoon Sumin,58189,2026-02-17T15:48:04,KR,Incheon,37.449579,126.688963,grocery-incheon-10,GROCERY,mobile-primary-sim-cust-008,CARD,15,1,0,0,0,0,0,NORMAL_BASELINE
SIM-CUST-016-NORMAL-0082,SIM-CUST-016,Hwang Yuna,61925,2026-02-17T19:12:20,KR,Seoul,37.572927,126.976555,shopping-seoul-10,SHOPPING,mobile-primary-sim-cust-016,CARD,19,1,0,0,0,0,0,NORMAL_BASELINE
SIM-CUST-019-NORMAL-0082,SIM-CUST-019,Hong Jiwon,125393,2026-02-17T19:21:11,KR,Daegu,35.893849,128.605815,grocery-daegu-10,GROCERY,mobile-primary-sim-cust-019,CARD,19,1,0,0,0,0,0,NORMAL_BASELINE
SIM-CUST-005-NORMAL-0082,SIM-CUST-005,Jung Doyun,81197,2026-02-17T19:39:13,KR,Daejeon,36.362053,127.378131,utility-daejeon-10,UTILITY,mobile-primary-sim-cust-005,CARD,19,1,0,0,0,0,0,NORMAL_BASELINE
SIM-CUST-007-NORMAL-0082,SIM-CUST-007,Cho Hyunwoo,70751,2026-02-17T19:45:47,KR,Busan,35.165092,129.061053,shopping-busan-10,SHOPPING,mobile-primary-sim-cust-007,E-PAY,19,1,0,0,0,0,0,NORMAL_BASELINE
SIM-CUST-015-NORMAL-0082,SIM-CUST-015,Kwon Doyun,91001,2026-02-17T20:09:03,KR,Daejeon,36.342548,127.375482,grocery-daejeon-10,GROCERY,mobile-primary-sim-cust-015,ACCOUNT,20,1,0,0,0,0,0,NORMAL_BASELINE
SIM-CUST-010-NORMAL-0082,SIM-CUST-010,Lim Nari,50562,2026-02-17T20:54:38,KR,Daejeon,36.367425,127.371858,online-daejeon-10,ONLINE,mobile-primary-sim-cust-010,CARD,20,1,0,0,0,0,0,NORMAL_BASELINE
SIM-CUST-003-NORMAL-0082,SIM-CUST-003,Park Jiho,64388,2026-02-17T22:33:39,KR,Incheon,37.466397,126.72584,transport-incheon-10,TRANSPORT,mobile-primary-sim-cust-003,E-PAY,22,1,0,0,0,0,0,NORMAL_BASELINE
SIM-CUST-002-NORMAL-0083,SIM-CUST-002,Lee Seoyeon,43154,2026-02-18T08:37:56,KR,Busan,35.17341,129.073282,cafe-busan-11,CAFE,mobile-primary-sim-cust-002,CARD,8,2,0,0,0,0,0,NORMAL_BASELINE
SIM-CUST-004-NORMAL-0083,SIM-CUST-004,Choi Haein,37627,2026-02-18T08:43:30,KR,Daegu,35.881475,128.584592,transport-daegu-11,TRANSPORT,mobile-primary-sim-cust-004,CARD,8,2,0,0,0,0,0,NORMAL_BASELINE
SIM-CUST-012-NORMAL-0083,SIM-CUST-012,Oh Seoyeon,40103,2026-02-18T09:07:46,KR,Busan,35.183494,129.085275,cafe-busan-11,CAFE,mobile-primary-sim-cust-012,ACCOUNT,9,2,0,0,0,0,0,NORMAL_BASELINE
SIM-CUST-019-NORMAL-0083,SIM-CUST-019,Hong Jiwon,127153,2026-02-18T09:28:45,KR,Daegu,35.886875,128.596699,utility-daegu-11,UTILITY,mobile-primary-sim-cust-019,CARD,9,2,0,0,0,0,0,NORMAL_BASELINE
SIM-CUST-018-NORMAL-0083,SIM-CUST-018,Song Sumin,60934,2026-02-18T10:25:28,KR,Incheon,37.45005,126.699782,online-incheon-11,ONLINE,mobile-primary-sim-cust-018,ACCOUNT,10,2,0,0,0,0,0,NORMAL_BASELINE
SIM-CUST-007-NORMAL-0083,SIM-CUST-007,Cho Hyunwoo,77722,2026-02-18T10:52:21,KR,Busan,35.186049,129.099959,shopping-busan-11,SHOPPING,mobile-primary-sim-cust-007,E-PAY,10,2,0,0,0,0,0,NORMAL_BASELINE
SIM-CUST-013-NORMAL-0083,SIM-CUST-013,Seo Jiho,98652,2026-02-18T11:10:03,KR,Incheon,37.455625,126.698414,transport-incheon-11,TRANSPORT,mobile-primary-sim-cust-013,CARD,11,2,0,0,0,0,0,NORMAL_BASELINE
SIM-CUST-017-NORMAL-0083,SIM-CUST-017,Ahn Hyunwoo,62577,2026-02-18T11:22:11,KR,Busan,35.164232,129.091478,grocery-busan-11,GROCERY,mobile-primary-sim-cust-017,E-PAY,11,2,0,0,0,0,0,NORMAL_BASELINE
SIM-CUST-001-NORMAL-0083,SIM-CUST-001,Kim Minjun,52478,2026-02-18T12:34:39,KR,Seoul,37.551092,126.986246,dining-seoul-11,DINING,mobile-primary-sim-cust-001,CARD,12,2,0,0,0,0,0,NORMAL_BASELINE
SIM-CUST-005-NORMAL-0083,SIM-CUST-005,Jung Doyun,85640,2026-02-18T13:46:47,KR,Daejeon,36.373515,127.373092,dining-daejeon-11,DINING,mobile-primary-sim-cust-005,CARD,13,2,0,0,0,0,0,NORMAL_BASELINE
SIM-CUST-006-NORMAL-0083,SIM-CUST-006,Kang Yuna,117605,2026-02-18T14:49:04,KR,Seoul,37.55497,127.000926,transfer-seoul-11,TRANSFER,mobile-primary-sim-cust-006,ACCOUNT,14,2,0,0,0,0,0,NORMAL_BASELINE
SIM-CUST-009-NORMAL-0083,SIM-CUST-009,Jang Jiwon,136473,2026-02-18T15:58:55,KR,Daegu,35.871627,128.595447,online-daegu-11,ONLINE,mobile-primary-sim-cust-009,ACCOUNT,15,2,0,0,0,0,0,NORMAL_BASELINE
SIM-CUST-008-NORMAL-0083,SIM-CUST-008,Yoon Sumin,58620,2026-02-18T16:55:38,KR,Incheon,37.469979,126.68712,dining-incheon-11,DINING,mobile-primary-sim-cust-008,CARD,16,2,0,0,0,0,0,NORMAL_BASELINE
SIM-CUST-014-NORMAL-0083,SIM-CUST-014,Shin Haein,95605,2026-02-18T18:13:20,KR,Daegu,35.8923,128.612213,utility-daegu-11,UTILITY,mobile-primary-sim-cust-014,E-PAY,18,2,0,0,0,0,0,NORMAL_BASELINE
SIM-CUST-016-NORMAL-0083,SIM-CUST-016,Hwang Yuna,63594,2026-02-18T18:19:54,KR,Seoul,37.578646,126.975718,shopping-seoul-11,SHOPPING,mobile-primary-sim-cust-016,CARD,18,2,0,0,0,0,0,NORMAL_BASELINE
SIM-CUST-020-NORMAL-0083,SIM-CUST-020,Moon Nari,46234,2026-02-18T18:31:02,KR,Daejeon,36.374447,127.400901,dining-daejeon-11,DINING,mobile-primary-sim-cust-020,E-PAY,18,2,0,0,0,0,0,NORMAL_BASELINE
SIM-CUST-010-NORMAL-0083,SIM-CUST-010,Lim Nari,45078,2026-02-18T19:01:12,KR,Daejeon,36.328122,127.376179,utility-daejeon-11,UTILITY,mobile-primary-sim-cust-010,CARD,19,2,0,0,0,0,0,NORMAL_BASELINE
SIM-CUST-015-NORMAL-0083,SIM-CUST-015,Kwon Doyun,99316,2026-02-18T20:16:37,KR,Daejeon,36.350349,127.386112,transport-daejeon-11,TRANSPORT,mobile-primary-sim-cust-015,ACCOUNT,20,2,0,0,0,0,0,NORMAL_BASELINE
SIM-CUST-011-NORMAL-0083,SIM-CUST-011,Han Minjun,56948,2026-02-18T21:04:29,KR,Seoul,37.591168,126.954461,dining-seoul-11,DINING,mobile-primary-sim-cust-011,E-PAY,21,2,0,0,0,0,0,NORMAL_BASELINE
SIM-CUST-003-NORMAL-0083,SIM-CUST-003,Park Jiho,72949,2026-02-18T21:40:13,KR,Incheon,37.469393,126.714217,online-incheon-11,ONLINE,mobile-primary-sim-cust-003,E-PAY,21,2,0,0,0,0,0,NORMAL_BASELINE
SIM-CUST-016-NORMAL-0084,SIM-CUST-016,Hwang Yuna,75684,2026-02-19T07:26:28,KR,Seoul,37.5775,126.996762,online-seoul-12,ONLINE,mobile-primary-sim-cust-016,CARD,7,3,0,0,0,0,0,NORMAL_BASELINE
SIM-CUST-014-NORMAL-0084,SIM-CUST-014,Shin Haein,97379,2026-02-19T08:20:54,KR,Daegu,35.859553,128.619625,grocery-daegu-12,GROCERY,mobile-primary-sim-cust-014,E-PAY,8,3,0,0,0,0,0,NORMAL_BASELINE
SIM-CUST-013-NORMAL-0084,SIM-CUST-013,Seo Jiho,102105,2026-02-19T09:17:37,KR,Incheon,37.447987,126.706092,online-incheon-12,ONLINE,mobile-primary-sim-cust-013,CARD,9,3,0,0,0,0,0,NORMAL_BASELINE
SIM-CUST-019-NORMAL-0084,SIM-CUST-019,Hong Jiwon,149002,2026-02-19T09:35:19,KR,Daegu,35.87446,128.616105,grocery-daegu-12,GROCERY,mobile-primary-sim-cust-019,CARD,9,3,0,0,0,0,0,NORMAL_BASELINE
SIM-CUST-002-NORMAL-0084,SIM-CUST-002,Lee Seoyeon,46154,2026-02-19T09:44:30,KR,Busan,35.193442,129.07898,grocery-busan-12,GROCERY,mobile-primary-sim-cust-002,CARD,9,3,0,0,0,0,0,NORMAL_BASELINE
SIM-CUST-004-NORMAL-0084,SIM-CUST-004,Choi Haein,39171,2026-02-19T09:50:04,KR,Daegu,35.882438,128.584748,grocery-daegu-12,GROCERY,mobile-primary-sim-cust-004,CARD,9,3,0,0,0,0,0,NORMAL_BASELINE
SIM-CUST-012-NORMAL-0084,SIM-CUST-012,Oh Seoyeon,39221,2026-02-19T10:14:20,KR,Busan,35.154743,129.100295,dining-busan-12,DINING,mobile-primary-sim-cust-012,ACCOUNT,10,3,0,0,0,0,0,NORMAL_BASELINE
SIM-CUST-008-NORMAL-0084,SIM-CUST-008,Yoon Sumin,53789,2026-02-19T11:02:12,KR,Incheon,37.455225,126.727157,medical-incheon-12,MEDICAL,mobile-primary-sim-cust-008,CARD,11,3,0,0,0,0,0,NORMAL_BASELINE
SIM-CUST-015-NORMAL-0084,SIM-CUST-015,Kwon Doyun,88460,2026-02-19T11:23:11,KR,Daejeon,36.327013,127.402115,dining-daejeon-12,DINING,mobile-primary-sim-cust-015,ACCOUNT,11,3,0,0,0,0,0,NORMAL_BASELINE
SIM-CUST-020-NORMAL-0084,SIM-CUST-020,Moon Nari,47865,2026-02-19T12:38:36,KR,Daejeon,36.33129,127.366623,transport-daejeon-12,TRANSPORT,mobile-primary-sim-cust-020,E-PAY,12,3,0,0,0,0,0,NORMAL_BASELINE
SIM-CUST-001-NORMAL-0084,SIM-CUST-001,Kim Minjun,58076,2026-02-19T12:41:13,KR,Seoul,37.572276,126.968047,dining-seoul-12,DINING,mobile-primary-sim-cust-001,CARD,12,3,0,0,0,0,0,NORMAL_BASELINE
SIM-CUST-009-NORMAL-0084,SIM-CUST-009,Jang Jiwon,144443,2026-02-19T13:05:29,KR,Daegu,35.891011,128.578456,dining-daegu-12,DINING,mobile-primary-sim-cust-009,ACCOUNT,13,3,0,0,0,0,0,NORMAL_BASELINE
SIM-CUST-010-NORMAL-0084,SIM-CUST-010,Lim Nari,51059,2026-02-19T13:08:46,KR,Daejeon,36.356378,127.397705,utility-daejeon-12,UTILITY,mobile-primary-sim-cust-010,CARD,13,3,0,0,0,0,0,NORMAL_BASELINE
SIM-CUST-011-NORMAL-0084,SIM-CUST-011,Han Minjun,68298,2026-02-19T13:11:03,KR,Seoul,37.552519,126.965881,utility-seoul-12,UTILITY,mobile-primary-sim-cust-011,E-PAY,13,3,0,0,0,0,0,NORMAL_BASELINE
SIM-CUST-018-NORMAL-0084,SIM-CUST-018,Song Sumin,57590,2026-02-19T14:32:02,KR,Incheon,37.44837,126.692936,utility-incheon-12,UTILITY,mobile-primary-sim-cust-018,ACCOUNT,14,3,0,0,0,0,0,NORMAL_BASELINE
SIM-CUST-006-NORMAL-0084,SIM-CUST-006,Kang Yuna,127484,2026-02-19T14:56:38,KR,Seoul,37.552027,126.988036,grocery-seoul-12,GROCERY,mobile-primary-sim-cust-006,ACCOUNT,14,3,0,0,0,0,0,NORMAL_BASELINE
SIM-CUST-005-NORMAL-0084,SIM-CUST-005,Jung Doyun,89315,2026-02-19T19:53:21,KR,Daejeon,36.346487,127.403806,dining-daejeon-12,DINING,mobile-primary-sim-cust-005,CARD,19,3,0,0,0,0,0,NORMAL_BASELINE
SIM-CUST-007-NORMAL-0084,SIM-CUST-007,Cho Hyunwoo,77353,2026-02-19T20:59:55,KR,Busan,35.194009,129.08594,dining-busan-12,DINING,mobile-primary-sim-cust-007,E-PAY,20,3,0,0,0,0,0,NORMAL_BASELINE
SIM-CUST-017-NORMAL-0084,SIM-CUST-017,Ahn Hyunwoo,63774,2026-02-19T21:29:45,KR,Busan,35.163903,129.065003,transport-busan-12,TRANSPORT,mobile-primary-sim-cust-017,E-PAY,21,3,0,0,0,0,0,NORMAL_BASELINE
SIM-CUST-003-NORMAL-0084,SIM-CUST-003,Park Jiho,62546,2026-02-19T21:47:47,KR,Incheon,37.453637,126.715388,online-incheon-12,ONLINE,mobile-primary-sim-cust-003,E-PAY,21,3,0,0,0,0,0,NORMAL_BASELINE
SIM-CUST-016-NORMAL-0085,SIM-CUST-016,Hwang Yuna,97616,2026-02-20T07:33:02,KR,Seoul,37.547142,126.976326,grocery-seoul-01,GROCERY,mobile-primary-sim-cust-016,CARD,7,4,0,0,0,0,0,NORMAL_BASELINE
SIM-CUST-002-NORMAL-0085,SIM-CUST-002,Lee Seoyeon,50461,2026-02-20T08:51:04,KR,Busan,35.192322,129.053088,online-busan-01,ONLINE,mobile-primary-sim-cust-002,CARD,8,4,0,0,0,0,0,NORMAL_BASELINE
SIM-CUST-004-NORMAL-0085,SIM-CUST-004,Choi Haein,50012,2026-02-20T08:57:38,KR,Daegu,35.883047,128.582303,dining-daegu-01,DINING,mobile-primary-sim-cust-004,CARD,8,4,0,0,0,0,0,NORMAL_BASELINE
SIM-CUST-009-NORMAL-0085,SIM-CUST-009,Jang Jiwon,198109,2026-02-20T09:12:03,KR,Daegu,35.892916,128.620295,transfer-daegu-01,TRANSFER,mobile-primary-sim-cust-009,ACCOUNT,9,4,0,0,0,0,0,NORMAL_BASELINE
SIM-CUST-012-NORMAL-0085,SIM-CUST-012,Oh Seoyeon,52036,2026-02-20T09:21:54,KR,Busan,35.16128,129.056108,grocery-busan-01,GROCERY,mobile-primary-sim-cust-012,ACCOUNT,9,4,0,0,0,0,0,NORMAL_BASELINE
SIM-CUST-018-NORMAL-0085,SIM-CUST-018,Song Sumin,80779,2026-02-20T09:39:36,KR,Incheon,37.471956,126.729393,transfer-incheon-01,TRANSFER,mobile-primary-sim-cust-018,ACCOUNT,9,4,0,0,0,0,0,NORMAL_BASELINE
SIM-CUST-019-NORMAL-0085,SIM-CUST-019,Hong Jiwon,169081,2026-02-20T09:42:53,KR,Daegu,35.892308,128.611435,grocery-daegu-01,GROCERY,mobile-primary-sim-cust-019,CARD,9,4,0,0,0,0,0,NORMAL_BASELINE
SIM-CUST-015-NORMAL-0085,SIM-CUST-015,Kwon Doyun,119179,2026-02-20T10:30:45,KR,Daejeon,36.342665,127.369878,cafe-daejeon-01,CAFE,mobile-primary-sim-cust-015,ACCOUNT,10,4,0,0,0,0,0,NORMAL_BASELINE
SIM-CUST-003-NORMAL-0085,SIM-CUST-003,Park Jiho,78912,2026-02-20T10:54:21,KR,Incheon,37.472739,126.725344,utility-incheon-01,UTILITY,mobile-primary-sim-cust-003,E-PAY,10,4,0,0,0,0,0,NORMAL_BASELINE
SIM-CUST-005-NORMAL-0085,SIM-CUST-005,Jung Doyun,117563,2026-02-20T12:00:55,KR,Daejeon,36.328332,127.406623,dining-daejeon-01,DINING,mobile-primary-sim-cust-005,CARD,12,4,0,0,0,0,0,NORMAL_BASELINE
SIM-CUST-014-NORMAL-0085,SIM-CUST-014,Shin Haein,112690,2026-02-20T12:27:28,KR,Daegu,35.864086,128.580353,dining-daegu-01,DINING,mobile-primary-sim-cust-014,E-PAY,12,4,0,0,0,0,0,NORMAL_BASELINE
SIM-CUST-006-NORMAL-0085,SIM-CUST-006,Kang Yuna,155891,2026-02-20T14:03:12,KR,Seoul,37.564036,126.98157,grocery-seoul-01,GROCERY,mobile-primary-sim-cust-006,ACCOUNT,14,4,0,0,0,0,0,NORMAL_BASELINE
SIM-CUST-008-NORMAL-0085,SIM-CUST-008,Yoon Sumin,77601,2026-02-20T16:09:46,KR,Incheon,37.468959,126.718244,online-incheon-01,ONLINE,mobile-primary-sim-cust-008,CARD,16,4,0,0,0,0,0,NORMAL_BASELINE
SIM-CUST-001-NORMAL-0085,SIM-CUST-001,Kim Minjun,63339,2026-02-20T18:48:47,KR,Seoul,37.552009,126.992288,online-seoul-01,ONLINE,mobile-primary-sim-cust-001,CARD,18,4,0,0,0,0,0,NORMAL_BASELINE
SIM-CUST-010-NORMAL-0085,SIM-CUST-010,Lim Nari,54166,2026-02-20T19:15:20,KR,Daejeon,36.328434,127.361167,cafe-daejeon-01,CAFE,mobile-primary-sim-cust-010,CARD,19,4,0,0,0,0,0,NORMAL_BASELINE
SIM-CUST-011-NORMAL-0085,SIM-CUST-011,Han Minjun,83680,2026-02-20T19:18:37,KR,Seoul,37.574774,126.999137,utility-seoul-01,UTILITY,mobile-primary-sim-cust-011,E-PAY,19,4,0,0,0,0,0,NORMAL_BASELINE
SIM-CUST-013-NORMAL-0085,SIM-CUST-013,Seo Jiho,146773,2026-02-20T19:24:11,KR,Incheon,37.461087,126.685838,online-incheon-01,ONLINE,mobile-primary-sim-cust-013,CARD,19,4,0,0,0,0,0,NORMAL_BASELINE
SIM-CUST-020-NORMAL-0085,SIM-CUST-020,Moon Nari,54060,2026-02-20T19:45:10,KR,Daejeon,36.326897,127.399729,cafe-daejeon-01,CAFE,mobile-primary-sim-cust-020,E-PAY,19,4,0,0,0,0,0,NORMAL_BASELINE
SIM-CUST-007-NORMAL-0085,SIM-CUST-007,Cho Hyunwoo,90417,2026-02-20T20:06:29,KR,Busan,35.18087,129.100351,cafe-busan-01,CAFE,mobile-primary-sim-cust-007,E-PAY,20,4,0,0,0,0,0,NORMAL_BASELINE
SIM-CUST-017-NORMAL-0085,SIM-CUST-017,Ahn Hyunwoo,84512,2026-02-20T21:36:19,KR,Busan,35.176726,129.075979,cafe-busan-01,CAFE,mobile-primary-sim-cust-017,E-PAY,21,4,0,0,0,0,0,NORMAL_BASELINE
SIM-CUST-004-NORMAL-0086,SIM-CUST-004,Choi Haein,46725,2026-02-21T07:04:12,KR,Daegu,35.872593,128.589547,transport-daegu-02,TRANSPORT,mobile-primary-sim-cust-004,CARD,7,5,0,0,0,0,0,NORMAL_BASELINE
SIM-CUST-002-NORMAL-0086,SIM-CUST-002,Lee Seoyeon,58917,2026-02-21T08:58:38,KR,Busan,35.178883,129.072702,cafe-busan-02,CAFE,mobile-primary-sim-cust-002,CARD,8,5,0,0,0,0,0,NORMAL_BASELINE
SIM-CUST-009-NORMAL-0086,SIM-CUST-009,Jang Jiwon,214701,2026-02-21T09:19:37,KR,Daegu,35.868046,128.58942,transfer-daegu-02,TRANSFER,mobile-primary-sim-cust-009,ACCOUNT,9,5,0,0,0,0,0,NORMAL_BASELINE
SIM-CUST-014-NORMAL-0086,SIM-CUST-014,Shin Haein,122820,2026-02-21T09:34:02,KR,Daegu,35.871753,128.590205,dining-daegu-02,DINING,mobile-primary-sim-cust-014,E-PAY,9,5,0,0,0,0,0,NORMAL_BASELINE
SIM-CUST-018-NORMAL-0086,SIM-CUST-018,Song Sumin,80756,2026-02-21T09:46:10,KR,Incheon,37.444041,126.704953,transfer-incheon-02,TRANSFER,mobile-primary-sim-cust-018,ACCOUNT,9,5,0,0,0,0,0,NORMAL_BASELINE
SIM-CUST-019-NORMAL-0086,SIM-CUST-019,Hong Jiwon,167285,2026-02-21T09:49:27,KR,Daegu,35.857321,128.611808,cafe-daegu-02,CAFE,mobile-primary-sim-cust-019,CARD,9,5,0,0,0,0,0,NORMAL_BASELINE
SIM-CUST-020-NORMAL-0086,SIM-CUST-020,Moon Nari,60268,2026-02-21T09:52:44,KR,Daejeon,36.352625,127.366831,grocery-daejeon-02,GROCERY,mobile-primary-sim-cust-020,E-PAY,9,5,0,0,0,0,0,NORMAL_BASELINE
SIM-CUST-003-NORMAL-0086,SIM-CUST-003,Park Jiho,82357,2026-02-21T11:01:55,KR,Incheon,37.447706,126.706217,cafe-incheon-02,CAFE,mobile-primary-sim-cust-003,E-PAY,11,5,0,0,0,0,0,NORMAL_BASELINE
SIM-CUST-008-NORMAL-0086,SIM-CUST-008,Yoon Sumin,72362,2026-02-21T11:16:20,KR,Incheon,37.465311,126.694057,grocery-incheon-02,GROCERY,mobile-primary-sim-cust-008,CARD,11,5,0,0,0,0,0,NORMAL_BASELINE
SIM-CUST-017-NORMAL-0086,SIM-CUST-017,Ahn Hyunwoo,74786,2026-02-21T11:43:53,KR,Busan,35.161795,129.0777,medical-busan-02,MEDICAL,mobile-primary-sim-cust-017,E-PAY,11,5,0,0,0,0,0,NORMAL_BASELINE
SIM-CUST-005-NORMAL-0086,SIM-CUST-005,Jung Doyun,127387,2026-02-21T12:07:29,KR,Daejeon,36.349534,127.387947,dining-daejeon-02,DINING,mobile-primary-sim-cust-005,CARD,12,5,0,0,0,0,0,NORMAL_BASELINE
SIM-CUST-012-NORMAL-0086,SIM-CUST-012,Oh Seoyeon,58563,2026-02-21T14:28:28,KR,Busan,35.193532,129.057567,grocery-busan-02,GROCERY,mobile-primary-sim-cust-012,ACCOUNT,14,5,0,0,0,0,0,NORMAL_BASELINE
SIM-CUST-006-NORMAL-0086,SIM-CUST-006,Kang Yuna,177181,2026-02-21T16:10:46,KR,Seoul,37.577541,126.993204,dining-seoul-02,DINING,mobile-primary-sim-cust-006,ACCOUNT,16,5,0,0,0,0,0,NORMAL_BASELINE
SIM-CUST-010-NORMAL-0086,SIM-CUST-010,Lim Nari,64856,2026-02-21T18:22:54,KR,Daejeon,36.364532,127.3626,utility-daejeon-02,UTILITY,mobile-primary-sim-cust-010,CARD,18,5,0,0,0,0,0,NORMAL_BASELINE
SIM-CUST-001-NORMAL-0086,SIM-CUST-001,Kim Minjun,68068,2026-02-21T18:55:21,KR,Seoul,37.563608,126.963685,cafe-seoul-02,CAFE,mobile-primary-sim-cust-001,CARD,18,5,0,0,0,0,0,NORMAL_BASELINE
SIM-CUST-007-NORMAL-0086,SIM-CUST-007,Cho Hyunwoo,100297,2026-02-21T19:13:03,KR,Busan,35.17942,129.087059,utility-busan-02,UTILITY,mobile-primary-sim-cust-007,E-PAY,19,5,0,0,0,0,0,NORMAL_BASELINE
SIM-CUST-013-NORMAL-0086,SIM-CUST-013,Seo Jiho,143145,2026-02-21T19:31:45,KR,Incheon,37.438695,126.700716,grocery-incheon-02,GROCERY,mobile-primary-sim-cust-013,CARD,19,5,0,0,0,0,0,NORMAL_BASELINE
SIM-CUST-016-NORMAL-0086,SIM-CUST-016,Hwang Yuna,96951,2026-02-21T19:40:36,KR,Seoul,37.584775,126.977365,shopping-seoul-02,SHOPPING,mobile-primary-sim-cust-016,CARD,19,5,0,0,0,0,0,NORMAL_BASELINE
SIM-CUST-011-NORMAL-0086,SIM-CUST-011,Han Minjun,75139,2026-02-21T21:25:11,KR,Seoul,37.576089,126.996597,dining-seoul-02,DINING,mobile-primary-sim-cust-011,E-PAY,21,5,0,0,0,0,0,NORMAL_BASELINE
SIM-CUST-015-NORMAL-0086,SIM-CUST-015,Kwon Doyun,115480,2026-02-21T21:37:19,KR,Daejeon,36.341167,127.393225,grocery-daejeon-02,GROCERY,mobile-primary-sim-cust-015,ACCOUNT,21,5,0,0,0,0,0,NORMAL_BASELINE
SIM-CUST-008-NORMAL-0087,SIM-CUST-008,Yoon Sumin,54068,2026-02-22T09:23:54,KR,Incheon,37.456373,126.721678,grocery-incheon-03,GROCERY,mobile-primary-sim-cust-008,CARD,9,6,0,0,0,0,0,NORMAL_BASELINE
SIM-CUST-016-NORMAL-0087,SIM-CUST-016,Hwang Yuna,59830,2026-02-22T09:47:10,KR,Seoul,37.59138,126.983166,shopping-seoul-03,SHOPPING,mobile-primary-sim-cust-016,CARD,9,6,0,0,0,0,0,NORMAL_BASELINE
SIM-CUST-003-NORMAL-0087,SIM-CUST-003,Park Jiho,67380,2026-02-22T10:08:29,KR,Incheon,37.455741,126.725144,dining-incheon-03,DINING,mobile-primary-sim-cust-003,E-PAY,10,6,0,0,0,0,0,NORMAL_BASELINE
SIM-CUST-009-NORMAL-0087,SIM-CUST-009,Jang Jiwon,133334,2026-02-22T10:26:11,KR,Daegu,35.889984,128.61814,transfer-daegu-03,TRANSFER,mobile-primary-sim-cust-009,ACCOUNT,10,6,0,0,0,0,0,NORMAL_BASELINE
SIM-CUST-013-NORMAL-0087,SIM-CUST-013,Seo Jiho,90643,2026-02-22T10:38:19,KR,Incheon,37.456192,126.692418,cafe-incheon-03,CAFE,mobile-primary-sim-cust-013,CARD,10,6,0,0,0,0,0,NORMAL_BASELINE
SIM-CUST-015-NORMAL-0087,SIM-CUST-015,Kwon Doyun,88468,2026-02-22T10:44:53,KR,Daejeon,36.356613,127.387745,transport-daejeon-03,TRANSPORT,mobile-primary-sim-cust-015,ACCOUNT,10,6,0,0,0,0,0,NORMAL_BASELINE
SIM-CUST-019-NORMAL-0087,SIM-CUST-019,Hong Jiwon,145035,2026-02-22T10:56:01,KR,Daegu,35.880522,128.588329,dining-daegu-03,DINING,mobile-primary-sim-cust-019,CARD,10,6,0,0,0,0,0,NORMAL_BASELINE
SIM-CUST-001-NORMAL-0087,SIM-CUST-001,Kim Minjun,54328,2026-02-22T12:02:55,KR,Seoul,37.578298,126.985943,online-seoul-03,ONLINE,web-trusted-sim-cust-001,CARD,12,6,0,0,0,0,0,NORMAL_BASELINE
SIM-CUST-002-NORMAL-0087,SIM-CUST-002,Lee Seoyeon,40657,2026-02-22T12:05:12,KR,Busan,35.171859,129.056144,cafe-busan-03,CAFE,mobile-primary-sim-cust-002,CARD,12,6,0,0,0,0,0,NORMAL_BASELINE
SIM-CUST-017-NORMAL-0087,SIM-CUST-017,Ahn Hyunwoo,60254,2026-02-22T12:50:27,KR,Busan,35.158389,129.059952,dining-busan-03,DINING,mobile-primary-sim-cust-017,E-PAY,12,6,0,0,0,0,0,NORMAL_BASELINE
SIM-CUST-012-NORMAL-0087,SIM-CUST-012,Oh Seoyeon,41867,2026-02-22T15:35:02,KR,Busan,35.203191,129.096248,dining-busan-03,DINING,mobile-primary-sim-cust-012,ACCOUNT,15,6,0,0,0,0,0,NORMAL_BASELINE
SIM-CUST-006-NORMAL-0087,SIM-CUST-006,Kang Yuna,114543,2026-02-22T16:17:20,KR,Seoul,37.548792,127.000957,grocery-seoul-03,GROCERY,mobile-primary-sim-cust-006,ACCOUNT,16,6,0,0,0,0,0,NORMAL_BASELINE
SIM-CUST-018-NORMAL-0087,SIM-CUST-018,Song Sumin,50919,2026-02-22T16:53:44,KR,Incheon,37.459673,126.69016,cafe-incheon-03,CAFE,mobile-primary-sim-cust-018,ACCOUNT,16,6,0,0,0,0,0,NORMAL_BASELINE
SIM-CUST-004-NORMAL-0087,SIM-CUST-004,Choi Haein,33909,2026-02-22T19:11:46,KR,Daegu,35.871939,128.579172,cafe-daegu-03,CAFE,mobile-primary-sim-cust-004,CARD,19,6,0,0,0,0,0,NORMAL_BASELINE
SIM-CUST-005-NORMAL-0087,SIM-CUST-005,Jung Doyun,80616,2026-02-22T19:14:03,KR,Daejeon,36.34333,127.360941,dining-daejeon-03,DINING,mobile-primary-sim-cust-005,CARD,19,6,0,0,0,0,0,NORMAL_BASELINE
SIM-CUST-010-NORMAL-0087,SIM-CUST-010,Lim Nari,45465,2026-02-22T19:29:28,KR,Daejeon,36.346992,127.364591,utility-daejeon-03,UTILITY,mobile-primary-sim-cust-010,CARD,19,6,0,0,0,0,0,NORMAL_BASELINE
SIM-CUST-014-NORMAL-0087,SIM-CUST-014,Shin Haein,95151,2026-02-22T19:41:36,KR,Daegu,35.850104,128.610797,dining-daegu-03,DINING,mobile-primary-sim-cust-014,E-PAY,19,6,0,0,0,0,0,NORMAL_BASELINE
SIM-CUST-020-NORMAL-0087,SIM-CUST-020,Moon Nari,43244,2026-02-22T19:59:18,KR,Daejeon,36.344522,127.378415,cafe-daejeon-03,CAFE,mobile-primary-sim-cust-020,E-PAY,19,6,0,0,0,0,0,NORMAL_BASELINE
SIM-CUST-007-NORMAL-0087,SIM-CUST-007,Cho Hyunwoo,64510,2026-02-22T20:20:37,KR,Busan,35.18507,129.086029,grocery-busan-03,GROCERY,mobile-primary-sim-cust-007,E-PAY,20,6,0,0,0,0,0,NORMAL_BASELINE
SIM-CUST-011-NORMAL-0087,SIM-CUST-011,Han Minjun,60801,2026-02-22T20:32:45,KR,Seoul,37.573699,126.971851,dining-seoul-03,DINING,mobile-primary-sim-cust-011,E-PAY,20,6,0,0,0,0,0,NORMAL_BASELINE
SIM-CUST-014-NORMAL-0088,SIM-CUST-014,Shin Haein,104520,2026-02-23T08:48:10,KR,Daegu,35.88611,128.592276,grocery-daegu-04,GROCERY,mobile-primary-sim-cust-014,E-PAY,8,0,0,0,0,0,0,NORMAL_BASELINE
SIM-CUST-018-NORMAL-0088,SIM-CUST-018,Song Sumin,57428,2026-02-23T09:00:18,KR,Incheon,37.455778,126.685604,transport-incheon-04,TRANSPORT,mobile-primary-sim-cust-018,ACCOUNT,9,0,0,0,0,0,0,NORMAL_BASELINE
SIM-CUST-006-NORMAL-0088,SIM-CUST-006,Kang Yuna,108151,2026-02-23T10:24:54,KR,Seoul,37.562576,126.959724,grocery-seoul-04,GROCERY,mobile-primary-sim-cust-006,ACCOUNT,10,0,0,0,0,0,0,NORMAL_BASELINE
SIM-CUST-012-NORMAL-0088,SIM-CUST-012,Oh Seoyeon,37501,2026-02-23T10:42:36,KR,Busan,35.19195,129.056462,dining-busan-04,DINING,mobile-primary-sim-cust-012,ACCOUNT,10,0,0,0,0,0,0,NORMAL_BASELINE
SIM-CUST-001-NORMAL-0088,SIM-CUST-001,Kim Minjun,52449,2026-02-23T11:09:29,KR,Seoul,37.558259,126.993921,grocery-seoul-04,GROCERY,mobile-primary-sim-cust-001,CARD,11,0,0,0,0,0,0,NORMAL_BASELINE
SIM-CUST-007-NORMAL-0088,SIM-CUST-007,Cho Hyunwoo,64268,2026-02-23T11:27:11,KR,Busan,35.185873,129.056496,shopping-busan-04,SHOPPING,mobile-primary-sim-cust-007,E-PAY,11,0,0,0,0,0,0,NORMAL_BASELINE
SIM-CUST-019-NORMAL-0088,SIM-CUST-019,Hong Jiwon,140615,2026-02-23T12:03:35,KR,Daegu,35.860066,128.616133,grocery-daegu-04,GROCERY,mobile-primary-sim-cust-019,CARD,12,0,0,0,0,0,0,NORMAL_BASELINE
SIM-CUST-010-NORMAL-0088,SIM-CUST-010,Lim Nari,43749,2026-02-23T12:36:02,KR,Daejeon,36.344473,127.364292,cafe-daejeon-04,CAFE,mobile-primary-sim-cust-010,CARD,12,0,0,0,0,0,0,NORMAL_BASELINE
SIM-CUST-020-NORMAL-0088,SIM-CUST-020,Moon Nari,46246,2026-02-23T13:06:52,KR,Daejeon,36.336232,127.38759,cafe-daejeon-04,CAFE,mobile-primary-sim-cust-020,E-PAY,13,0,0,0,0,0,0,NORMAL_BASELINE
SIM-CUST-017-NORMAL-0088,SIM-CUST-017,Ahn Hyunwoo,55838,2026-02-23T13:57:01,KR,Busan,35.174333,129.092402,dining-busan-04,DINING,mobile-primary-sim-cust-017,E-PAY,13,0,0,0,0,0,0,NORMAL_BASELINE
SIM-CUST-008-NORMAL-0088,SIM-CUST-008,Yoon Sumin,59106,2026-02-23T15:30:28,KR,Incheon,37.457943,126.694813,dining-incheon-04,DINING,mobile-primary-sim-cust-008,CARD,15,0,0,0,0,0,0,NORMAL_BASELINE
SIM-CUST-009-NORMAL-0088,SIM-CUST-009,Jang Jiwon,149101,2026-02-23T15:33:45,KR,Daegu,35.89154,128.589561,grocery-daegu-04,GROCERY,mobile-primary-sim-cust-009,ACCOUNT,15,0,0,0,0,0,0,NORMAL_BASELINE
SIM-CUST-002-NORMAL-0088,SIM-CUST-002,Lee Seoyeon,41923,2026-02-23T19:12:46,KR,Busan,35.187957,129.052871,dining-busan-04,DINING,mobile-primary-sim-cust-002,CARD,19,0,0,0,0,0,0,NORMAL_BASELINE
SIM-CUST-004-NORMAL-0088,SIM-CUST-004,Choi Haein,32370,2026-02-23T19:18:20,KR,Daegu,35.885066,128.621113,transport-daegu-04,TRANSPORT,mobile-primary-sim-cust-004,CARD,19,0,0,0,0,0,0,NORMAL_BASELINE
SIM-CUST-013-NORMAL-0088,SIM-CUST-013,Seo Jiho,101019,2026-02-23T19:45:53,KR,Incheon,37.441615,126.684664,dining-incheon-04,DINING,mobile-primary-sim-cust-013,CARD,19,0,0,0,0,0,0,NORMAL_BASELINE
SIM-CUST-016-NORMAL-0088,SIM-CUST-016,Hwang Yuna,64295,2026-02-23T19:54:44,KR,Seoul,37.583998,126.977727,online-seoul-04,ONLINE,mobile-primary-sim-cust-016,CARD,19,0,0,0,0,0,0,NORMAL_BASELINE
SIM-CUST-003-NORMAL-0088,SIM-CUST-003,Park Jiho,65777,2026-02-23T20:15:03,KR,Incheon,37.456962,126.70304,online-incheon-04,ONLINE,mobile-primary-sim-cust-003,E-PAY,20,0,0,0,0,0,0,NORMAL_BASELINE
SIM-CUST-015-NORMAL-0088,SIM-CUST-015,Kwon Doyun,79889,2026-02-23T20:51:27,KR,Daejeon,36.374068,127.387322,transport-daejeon-04,TRANSPORT,mobile-primary-sim-cust-015,ACCOUNT,20,0,0,0,0,0,0,NORMAL_BASELINE
SIM-CUST-005-NORMAL-0088,SIM-CUST-005,Jung Doyun,90669,2026-02-23T21:21:37,KR,Daejeon,36.369988,127.383654,online-daejeon-04,ONLINE,mobile-primary-sim-cust-005,CARD,21,0,0,0,0,0,0,NORMAL_BASELINE
SIM-CUST-011-NORMAL-0088,SIM-CUST-011,Han Minjun,64878,2026-02-23T21:39:19,KR,Seoul,37.574196,126.992254,dining-seoul-04,DINING,mobile-primary-sim-cust-011,E-PAY,21,0,0,0,0,0,0,NORMAL_BASELINE
SIM-CUST-004-NORMAL-0089,SIM-CUST-004,Choi Haein,36642,2026-02-24T07:25:54,KR,Daegu,35.848602,128.619546,transport-daegu-05,TRANSPORT,mobile-primary-sim-cust-004,CARD,7,1,0,0,0,0,0,NORMAL_BASELINE
SIM-CUST-003-NORMAL-0089,SIM-CUST-003,Park Jiho,71878,2026-02-24T10:22:37,KR,Incheon,37.446708,126.681289,cafe-incheon-05,CAFE,mobile-primary-sim-cust-003,E-PAY,10,1,0,0,0,0,0,NORMAL_BASELINE
SIM-CUST-009-NORMAL-0089,SIM-CUST-009,Jang Jiwon,155059,2026-02-24T10:40:19,KR,Daegu,35.854649,128.613243,grocery-daegu-05,GROCERY,mobile-primary-sim-cust-009,ACCOUNT,10,1,0,0,0,0,0,NORMAL_BASELINE
SIM-CUST-012-NORMAL-0089,SIM-CUST-012,Oh Seoyeon,37004,2026-02-24T10:49:10,KR,Busan,35.202846,129.069184,grocery-busan-05,GROCERY,mobile-primary-sim-cust-012,ACCOUNT,10,1,0,0,0,0,0,NORMAL_BASELINE
SIM-CUST-007-NORMAL-0089,SIM-CUST-007,Cho Hyunwoo,83989,2026-02-24T11:34:45,KR,Busan,35.175302,129.06729,online-busan-05,ONLINE,mobile-primary-sim-cust-007,E-PAY,11,1,0,0,0,0,0,NORMAL_BASELINE
SIM-CUST-013-NORMAL-0089,SIM-CUST-013,Seo Jiho,118332,2026-02-24T12:52:27,KR,Incheon,37.475157,126.71414,cafe-incheon-05,CAFE,mobile-primary-sim-cust-013,CARD,12,1,0,0,0,0,0,NORMAL_BASELINE
SIM-CUST-017-NORMAL-0089,SIM-CUST-017,Ahn Hyunwoo,62057,2026-02-24T13:04:35,KR,Busan,35.16887,129.071926,cafe-busan-05,CAFE,mobile-primary-sim-cust-017,E-PAY,13,1,0,0,0,0,0,NORMAL_BASELINE
SIM-CUST-020-NORMAL-0089,SIM-CUST-020,Moon Nari,47074,2026-02-24T13:13:26,KR,Daejeon,36.369514,127.397825,cafe-daejeon-05,CAFE,mobile-primary-sim-cust-020,E-PAY,13,1,0,0,0,0,0,NORMAL_BASELINE
SIM-CUST-002-NORMAL-0089,SIM-CUST-002,Lee Seoyeon,39101,2026-02-24T13:19:20,KR,Busan,35.164821,129.097866,transport-busan-05,TRANSPORT,web-trusted-sim-cust-002,CARD,13,1,0,0,0,0,0,NORMAL_BASELINE
SIM-CUST-018-NORMAL-0089,SIM-CUST-018,Song Sumin,52713,2026-02-24T15:07:52,KR,Incheon,37.440355,126.698267,grocery-incheon-05,GROCERY,mobile-primary-sim-cust-018,ACCOUNT,15,1,0,0,0,0,0,NORMAL_BASELINE
SIM-CUST-006-NORMAL-0089,SIM-CUST-006,Kang Yuna,121462,2026-02-24T16:31:28,KR,Seoul,37.565831,126.965549,cafe-seoul-05,CAFE,mobile-primary-sim-cust-006,ACCOUNT,16,1,0,0,0,0,0,NORMAL_BASELINE
SIM-CUST-008-NORMAL-0089,SIM-CUST-008,Yoon Sumin,61315,2026-02-24T16:37:02,KR,Incheon,37.465961,126.729104,grocery-incheon-05,GROCERY,mobile-primary-sim-cust-008,CARD,16,1,0,0,0,0,0,NORMAL_BASELINE
SIM-CUST-016-NORMAL-0089,SIM-CUST-016,Hwang Yuna,73411,2026-02-24T18:01:18,KR,Seoul,37.584758,126.96701,grocery-seoul-05,GROCERY,mobile-primary-sim-cust-016,CARD,18,1,0,0,0,0,0,NORMAL_BASELINE
SIM-CUST-014-NORMAL-0089,SIM-CUST-014,Shin Haein,107279,2026-02-24T18:55:44,KR,Daegu,35.848182,128.608125,cafe-daegu-05,CAFE,mobile-primary-sim-cust-014,E-PAY,18,1,0,0,0,0,0,NORMAL_BASELINE
SIM-CUST-005-NORMAL-0089,SIM-CUST-005,Jung Doyun,87519,2026-02-24T19:28:11,KR,Daejeon,36.327699,127.372581,dining-daejeon-05,DINING,mobile-primary-sim-cust-005,CARD,19,1,0,0,0,0,0,NORMAL_BASELINE
SIM-CUST-010-NORMAL-0089,SIM-CUST-010,Lim Nari,48858,2026-02-24T19:43:36,KR,Daejeon,36.358386,127.36003,utility-daejeon-05,UTILITY,mobile-primary-sim-cust-010,CARD,19,1,0,0,0,0,0,NORMAL_BASELINE
SIM-CUST-011-NORMAL-0089,SIM-CUST-011,Han Minjun,59829,2026-02-24T19:46:53,KR,Seoul,37.547284,126.957384,online-seoul-05,ONLINE,mobile-primary-sim-cust-011,E-PAY,19,1,0,0,0,0,0,NORMAL_BASELINE
SIM-CUST-019-NORMAL-0089,SIM-CUST-019,Hong Jiwon,144999,2026-02-24T20:10:09,KR,Daegu,35.858296,128.597886,online-daegu-05,ONLINE,mobile-primary-sim-cust-019,CARD,20,1,0,0,0,0,0,NORMAL_BASELINE
SIM-CUST-001-NORMAL-0089,SIM-CUST-001,Kim Minjun,50462,2026-02-24T20:16:03,KR,Seoul,37.581828,126.960368,grocery-seoul-05,GROCERY,mobile-primary-sim-cust-001,CARD,20,1,0,0,0,0,0,NORMAL_BASELINE
SIM-CUST-015-NORMAL-0089,SIM-CUST-015,Kwon Doyun,90705,2026-02-24T20:58:01,KR,Daejeon,36.35228,127.378421,transport-daejeon-05,TRANSPORT,mobile-primary-sim-cust-015,ACCOUNT,20,1,0,0,0,0,0,NORMAL_BASELINE
SIM-CUST-014-NORMAL-0090,SIM-CUST-014,Shin Haein,104455,2026-02-25T08:02:18,KR,Daegu,35.890006,128.58741,utility-daegu-06,UTILITY,mobile-primary-sim-cust-014,E-PAY,8,2,0,0,0,0,0,NORMAL_BASELINE
SIM-CUST-004-NORMAL-0090,SIM-CUST-004,Choi Haein,36779,2026-02-25T08:32:28,KR,Daegu,35.892411,128.585348,transport-daegu-06,TRANSPORT,mobile-primary-sim-cust-004,CARD,8,2,0,0,0,0,0,NORMAL_BASELINE
SIM-CUST-016-NORMAL-0090,SIM-CUST-016,Hwang Yuna,76317,2026-02-25T09:08:52,KR,Seoul,37.557941,126.986349,utility-seoul-06,UTILITY,mobile-primary-sim-cust-016,CARD,9,2,0,0,0,0,0,NORMAL_BASELINE
SIM-CUST-018-NORMAL-0090,SIM-CUST-018,Song Sumin,54076,2026-02-25T09:14:26,KR,Incheon,37.436673,126.706961,transfer-incheon-06,TRANSFER,mobile-primary-sim-cust-018,ACCOUNT,9,2,0,0,0,0,0,NORMAL_BASELINE
SIM-CUST-001-NORMAL-0090,SIM-CUST-001,Kim Minjun,54560,2026-02-25T09:23:37,KR,Seoul,37.583987,126.956641,grocery-seoul-06,GROCERY,mobile-primary-sim-cust-001,CARD,9,2,0,0,0,0,0,NORMAL_BASELINE
SIM-CUST-002-NORMAL-0090,SIM-CUST-002,Lee Seoyeon,43134,2026-02-25T09:26:54,KR,Busan,35.160599,129.075469,dining-busan-06,DINING,mobile-primary-sim-cust-002,CARD,9,2,0,0,0,0,0,NORMAL_BASELINE
SIM-CUST-008-NORMAL-0090,SIM-CUST-008,Yoon Sumin,66745,2026-02-25T09:44:36,KR,Incheon,37.435665,126.699734,medical-incheon-06,MEDICAL,mobile-primary-sim-cust-008,CARD,9,2,0,0,0,0,0,NORMAL_BASELINE
SIM-CUST-012-NORMAL-0090,SIM-CUST-012,Oh Seoyeon,38932,2026-02-25T09:56:44,KR,Busan,35.196472,129.094124,cafe-busan-06,CAFE,mobile-primary-sim-cust-012,ACCOUNT,9,2,0,0,0,0,0,NORMAL_BASELINE
SIM-CUST-015-NORMAL-0090,SIM-CUST-015,Kwon Doyun,90662,2026-02-25T10:05:35,KR,Daejeon,36.375007,127.388037,transport-daejeon-06,TRANSPORT,mobile-primary-sim-cust-015,ACCOUNT,10,2,0,0,0,0,0,NORMAL_BASELINE
SIM-CUST-011-NORMAL-0090,SIM-CUST-011,Han Minjun,67933,2026-02-25T11:53:27,KR,Seoul,37.550908,127.0001,cafe-seoul-06,CAFE,mobile-primary-sim-cust-011,E-PAY,11,2,0,0,0,0,0,NORMAL_BASELINE
SIM-CUST-003-NORMAL-0090,SIM-CUST-003,Park Jiho,75919,2026-02-25T12:29:11,KR,Incheon,37.460216,126.682464,online-incheon-06,ONLINE,mobile-primary-sim-cust-003,E-PAY,12,2,0,0,0,0,0,NORMAL_BASELINE
SIM-CUST-013-NORMAL-0090,SIM-CUST-013,Seo Jiho,120625,2026-02-25T12:59:01,KR,Incheon,37.440048,126.725716,transport-incheon-06,TRANSPORT,mobile-primary-sim-cust-013,CARD,12,2,0,0,0,0,0,NORMAL_BASELINE
SIM-CUST-017-NORMAL-0090,SIM-CUST-017,Ahn Hyunwoo,64843,2026-02-25T13:11:09,KR,Busan,35.187342,129.099007,dining-busan-06,DINING,mobile-primary-sim-cust-017,E-PAY,13,2,0,0,0,0,0,NORMAL_BASELINE
SIM-CUST-005-NORMAL-0090,SIM-CUST-005,Jung Doyun,100926,2026-02-25T13:35:45,KR,Daejeon,36.351641,127.396681,dining-daejeon-06,DINING,mobile-primary-sim-cust-005,CARD,13,2,0,0,0,0,0,NORMAL_BASELINE
SIM-CUST-009-NORMAL-0090,SIM-CUST-009,Jang Jiwon,150166,2026-02-25T13:47:53,KR,Daegu,35.889052,128.609271,dining-daegu-06,DINING,mobile-primary-sim-cust-009,ACCOUNT,13,2,0,0,0,0,0,NORMAL_BASELINE
SIM-CUST-006-NORMAL-0090,SIM-CUST-006,Kang Yuna,119478,2026-02-25T16:38:02,KR,Seoul,37.549667,126.963773,transfer-seoul-06,TRANSFER,mobile-primary-sim-cust-006,ACCOUNT,16,2,0,0,0,0,0,NORMAL_BASELINE
SIM-CUST-019-NORMAL-0090,SIM-CUST-019,Hong Jiwon,140003,2026-02-25T18:17:43,KR,Daegu,35.872789,128.593613,cafe-daegu-06,CAFE,mobile-primary-sim-cust-019,CARD,18,2,0,0,0,0,0,NORMAL_BASELINE
SIM-CUST-020-NORMAL-0090,SIM-CUST-020,Moon Nari,43641,2026-02-25T18:20:00,KR,Daejeon,36.371591,127.365509,cafe-daejeon-06,CAFE,mobile-primary-sim-cust-020,E-PAY,18,2,0,0,0,0,0,NORMAL_BASELINE
SIM-CUST-010-NORMAL-0090,SIM-CUST-010,Lim Nari,48765,2026-02-25T19:50:10,KR,Daejeon,36.356411,127.364564,grocery-daejeon-06,GROCERY,mobile-primary-sim-cust-010,CARD,19,2,0,0,0,0,0,NORMAL_BASELINE
SIM-CUST-007-NORMAL-0090,SIM-CUST-007,Cho Hyunwoo,72814,2026-02-25T21:41:19,KR,Busan,35.186631,129.085101,online-busan-06,ONLINE,mobile-primary-sim-cust-007,E-PAY,21,2,0,0,0,0,0,NORMAL_BASELINE
SIM-CUST-004-NORMAL-0091,SIM-CUST-004,Choi Haein,43319,2026-02-26T07:39:02,KR,Daegu,35.883433,128.597368,cafe-daegu-07,CAFE,mobile-primary-sim-cust-004,CARD,7,3,0,0,0,0,0,NORMAL_BASELINE
SIM-CUST-012-NORMAL-0091,SIM-CUST-012,Oh Seoyeon,41162,2026-02-26T09:03:18,KR,Busan,35.166852,129.051224,dining-busan-07,DINING,mobile-primary-sim-cust-012,ACCOUNT,9,3,0,0,0,0,0,NORMAL_BASELINE
SIM-CUST-014-NORMAL-0091,SIM-CUST-014,Shin Haein,97637,2026-02-26T09:09:52,KR,Daegu,35.887093,128.613078,utility-daegu-07,UTILITY,mobile-primary-sim-cust-014,E-PAY,9,3,0,0,0,0,0,NORMAL_BASELINE
SIM-CUST-016-NORMAL-0091,SIM-CUST-016,Hwang Yuna,69226,2026-02-26T09:15:26,KR,Seoul,37.546557,126.9933,transport-seoul-07,TRANSPORT,mobile-primary-sim-cust-016,CARD,9,3,0,0,0,0,0,NORMAL_BASELINE
SIM-CUST-020-NORMAL-0091,SIM-CUST-020,Moon Nari,46025,2026-02-26T09:27:34,KR,Daejeon,36.332848,127.388881,dining-daejeon-07,DINING,mobile-primary-sim-cust-020,E-PAY,9,3,0,0,0,0,0,NORMAL_BASELINE
SIM-CUST-018-NORMAL-0091,SIM-CUST-018,Song Sumin,68762,2026-02-26T10:21:00,KR,Incheon,37.465636,126.690445,dining-incheon-07,DINING,mobile-primary-sim-cust-018,ACCOUNT,10,3,0,0,0,0,0,NORMAL_BASELINE
SIM-CUST-008-NORMAL-0091,SIM-CUST-008,Yoon Sumin,70430,2026-02-26T10:51:10,KR,Incheon,37.436768,126.693997,medical-incheon-07,MEDICAL,mobile-primary-sim-cust-008,CARD,10,3,0,0,0,0,0,NORMAL_BASELINE
SIM-CUST-013-NORMAL-0091,SIM-CUST-013,Seo Jiho,112180,2026-02-26T11:06:35,KR,Incheon,37.452165,126.729897,online-incheon-07,ONLINE,mobile-primary-sim-cust-013,CARD,11,3,0,0,0,0,0,NORMAL_BASELINE
SIM-CUST-015-NORMAL-0091,SIM-CUST-015,Kwon Doyun,107213,2026-02-26T11:12:09,KR,Daejeon,36.374619,127.408445,online-daejeon-07,ONLINE,mobile-primary-sim-cust-015,ACCOUNT,11,3,0,0,0,0,0,NORMAL_BASELINE
SIM-CUST-019-NORMAL-0091,SIM-CUST-019,Hong Jiwon,153536,2026-02-26T12:24:17,KR,Daegu,35.875317,128.589868,transport-daegu-07,TRANSPORT,mobile-primary-sim-cust-019,CARD,12,3,0,0,0,0,0,NORMAL_BASELINE
SIM-CUST-001-NORMAL-0091,SIM-CUST-001,Kim Minjun,58033,2026-02-26T12:30:11,KR,Seoul,37.577417,126.972199,online-seoul-07,ONLINE,mobile-primary-sim-cust-001,CARD,12,3,0,0,0,0,0,NORMAL_BASELINE
SIM-CUST-003-NORMAL-0091,SIM-CUST-003,Park Jiho,75284,2026-02-26T12:36:45,KR,Incheon,37.434313,126.724911,dining-incheon-07,DINING,web-trusted-sim-cust-003,E-PAY,12,3,0,0,0,0,0,NORMAL_BASELINE
SIM-CUST-010-NORMAL-0091,SIM-CUST-010,Lim Nari,49452,2026-02-26T12:57:44,KR,Daejeon,36.335024,127.364634,grocery-daejeon-07,GROCERY,mobile-primary-sim-cust-010,CARD,12,3,0,0,0,0,0,NORMAL_BASELINE
SIM-CUST-017-NORMAL-0091,SIM-CUST-017,Ahn Hyunwoo,61555,2026-02-26T13:18:43,KR,Busan,35.157681,129.075296,medical-busan-07,MEDICAL,mobile-primary-sim-cust-017,E-PAY,13,3,0,0,0,0,0,NORMAL_BASELINE
SIM-CUST-002-NORMAL-0091,SIM-CUST-002,Lee Seoyeon,45821,2026-02-26T13:33:28,KR,Busan,35.189784,129.075613,cafe-busan-07,CAFE,mobile-primary-sim-cust-002,CARD,13,3,0,0,0,0,0,NORMAL_BASELINE
SIM-CUST-009-NORMAL-0091,SIM-CUST-009,Jang Jiwon,155906,2026-02-26T13:54:27,KR,Daegu,35.857893,128.578193,transfer-daegu-07,TRANSFER,mobile-primary-sim-cust-009,ACCOUNT,13,3,0,0,0,0,0,NORMAL_BASELINE
SIM-CUST-006-NORMAL-0091,SIM-CUST-006,Kang Yuna,141251,2026-02-26T14:45:36,KR,Seoul,37.563993,126.969733,grocery-seoul-07,GROCERY,mobile-primary-sim-cust-006,ACCOUNT,14,3,0,0,0,0,0,NORMAL_BASELINE
SIM-CUST-007-NORMAL-0091,SIM-CUST-007,Cho Hyunwoo,77471,2026-02-26T19:48:53,KR,Busan,35.179934,129.066796,online-busan-07,ONLINE,mobile-primary-sim-cust-007,E-PAY,19,3,0,0,0,0,0,NORMAL_BASELINE
SIM-CUST-011-NORMAL-0091,SIM-CUST-011,Han Minjun,74823,2026-02-26T20:00:01,KR,Seoul,37.589203,126.981846,grocery-seoul-07,GROCERY,mobile-primary-sim-cust-011,E-PAY,20,3,0,0,0,0,0,NORMAL_BASELINE
SIM-CUST-005-NORMAL-0091,SIM-CUST-005,Jung Doyun,107342,2026-02-26T21:42:19,KR,Daejeon,36.358892,127.376415,cafe-daejeon-07,CAFE,mobile-primary-sim-cust-005,CARD,21,3,0,0,0,0,0,NORMAL_BASELINE
SIM-CUST-016-NORMAL-0092,SIM-CUST-016,Hwang Yuna,62614,2026-02-27T08:22:00,KR,Seoul,37.563188,126.966288,cafe-seoul-08,CAFE,mobile-primary-sim-cust-016,CARD,8,4,0,0,0,0,0,NORMAL_BASELINE
SIM-CUST-004-NORMAL-0092,SIM-CUST-004,Choi Haein,37832,2026-02-27T09:46:36,KR,Daegu,35.862397,128.6177,transport-daegu-08,TRANSPORT,mobile-primary-sim-cust-004,CARD,9,4,0,0,0,0,0,NORMAL_BASELINE
SIM-CUST-009-NORMAL-0092,SIM-CUST-009,Jang Jiwon,147223,2026-02-27T10:01:01,KR,Daegu,35.852201,128.621159,transfer-daegu-08,TRANSFER,mobile-primary-sim-cust-009,ACCOUNT,10,4,0,0,0,0,0,NORMAL_BASELINE
SIM-CUST-007-NORMAL-0092,SIM-CUST-007,Cho Hyunwoo,68056,2026-02-27T10:55:27,KR,Busan,35.174402,129.079046,shopping-busan-08,SHOPPING,mobile-primary-sim-cust-007,E-PAY,10,4,0,0,0,0,0,NORMAL_BASELINE
SIM-CUST-008-NORMAL-0092,SIM-CUST-008,Yoon Sumin,60418,2026-02-27T10:58:44,KR,Incheon,37.457334,126.711564,grocery-incheon-08,GROCERY,mobile-primary-sim-cust-008,CARD,10,4,0,0,0,0,0,NORMAL_BASELINE
SIM-CUST-011-NORMAL-0092,SIM-CUST-011,Han Minjun,61583,2026-02-27T11:07:35,KR,Seoul,37.550993,126.972407,cafe-seoul-08,CAFE,mobile-primary-sim-cust-011,E-PAY,11,4,0,0,0,0,0,NORMAL_BASELINE
SIM-CUST-013-NORMAL-0092,SIM-CUST-013,Seo Jiho,102390,2026-02-27T11:13:09,KR,Incheon,37.466392,126.721909,online-incheon-08,ONLINE,mobile-primary-sim-cust-013,CARD,11,4,0,0,0,0,0,NORMAL_BASELINE
SIM-CUST-014-NORMAL-0092,SIM-CUST-014,Shin Haein,95796,2026-02-27T12:16:26,KR,Daegu,35.850836,128.602215,utility-daegu-08,UTILITY,mobile-primary-sim-cust-014,E-PAY,12,4,0,0,0,0,0,NORMAL_BASELINE
SIM-CUST-020-NORMAL-0092,SIM-CUST-020,Moon Nari,38952,2026-02-27T12:34:08,KR,Daejeon,36.37035,127.402232,online-daejeon-08,ONLINE,mobile-primary-sim-cust-020,E-PAY,12,4,0,0,0,0,0,NORMAL_BASELINE
SIM-CUST-001-NORMAL-0092,SIM-CUST-001,Kim Minjun,51604,2026-02-27T12:37:45,KR,Seoul,37.541777,126.990548,grocery-seoul-08,GROCERY,mobile-primary-sim-cust-001,CARD,12,4,0,0,0,0,0,NORMAL_BASELINE
SIM-CUST-006-NORMAL-0092,SIM-CUST-006,Kang Yuna,121273,2026-02-27T14:52:10,KR,Seoul,37.582001,126.970207,grocery-seoul-08,GROCERY,mobile-primary-sim-cust-006,ACCOUNT,14,4,0,0,0,0,0,NORMAL_BASELINE
SIM-CUST-012-NORMAL-0092,SIM-CUST-012,Oh Seoyeon,36314,2026-02-27T15:10:52,KR,Busan,35.191778,129.088005,dining-busan-08,DINING,mobile-primary-sim-cust-012,ACCOUNT,15,4,0,0,0,0,0,NORMAL_BASELINE
SIM-CUST-018-NORMAL-0092,SIM-CUST-018,Song Sumin,49574,2026-02-27T16:28:34,KR,Incheon,37.480142,126.716179,transfer-incheon-08,TRANSFER,mobile-primary-sim-cust-018,ACCOUNT,16,4,0,0,0,0,0,NORMAL_BASELINE
SIM-CUST-019-NORMAL-0092,SIM-CUST-019,Hong Jiwon,124795,2026-02-27T18:31:51,KR,Daegu,35.867411,128.608817,online-daegu-08,ONLINE,mobile-primary-sim-cust-019,CARD,18,4,0,0,0,0,0,NORMAL_BASELINE
SIM-CUST-002-NORMAL-0092,SIM-CUST-002,Lee Seoyeon,37017,2026-02-27T19:40:02,KR,Busan,35.197688,129.052715,online-busan-08,ONLINE,mobile-primary-sim-cust-002,CARD,19,4,0,0,0,0,0,NORMAL_BASELINE
SIM-CUST-010-NORMAL-0092,SIM-CUST-010,Lim Nari,45973,2026-02-27T20:04:18,KR,Daejeon,36.367439,127.404718,dining-daejeon-08,DINING,mobile-primary-sim-cust-010,CARD,20,4,0,0,0,0,0,NORMAL_BASELINE
SIM-CUST-003-NORMAL-0092,SIM-CUST-003,Park Jiho,63696,2026-02-27T20:43:19,KR,Incheon,37.469749,126.718491,online-incheon-08,ONLINE,mobile-primary-sim-cust-003,E-PAY,20,4,0,0,0,0,0,NORMAL_BASELINE
SIM-CUST-005-NORMAL-0092,SIM-CUST-005,Jung Doyun,86580,2026-02-27T20:49:53,KR,Daejeon,36.347042,127.395833,dining-daejeon-08,DINING,mobile-primary-sim-cust-005,CARD,20,4,0,0,0,0,0,NORMAL_BASELINE
SIM-CUST-015-NORMAL-0092,SIM-CUST-015,Kwon Doyun,93272,2026-02-27T21:19:43,KR,Daejeon,36.346309,127.389462,grocery-daejeon-08,GROCERY,mobile-primary-sim-cust-015,ACCOUNT,21,4,0,0,0,0,0,NORMAL_BASELINE
SIM-CUST-017-NORMAL-0092,SIM-CUST-017,Ahn Hyunwoo,61904,2026-02-27T21:25:17,KR,Busan,35.176105,129.084302,medical-busan-08,MEDICAL,mobile-primary-sim-cust-017,E-PAY,21,4,0,0,0,0,0,NORMAL_BASELINE
SIM-CUST-002-NORMAL-0093,SIM-CUST-002,Lee Seoyeon,38597,2026-02-28T08:47:36,KR,Busan,35.170253,129.072064,grocery-busan-09,GROCERY,mobile-primary-sim-cust-002,CARD,8,5,0,0,0,0,0,NORMAL_BASELINE
SIM-CUST-013-NORMAL-0093,SIM-CUST-013,Seo Jiho,103535,2026-02-28T09:20:43,KR,Incheon,37.479708,126.719817,grocery-incheon-09,GROCERY,mobile-primary-sim-cust-013,CARD,9,5,0,0,0,0,0,NORMAL_BASELINE
SIM-CUST-020-NORMAL-0093,SIM-CUST-020,Moon Nari,40068,2026-02-28T09:41:42,KR,Daejeon,36.325726,127.40211,grocery-daejeon-09,GROCERY,mobile-primary-sim-cust-020,E-PAY,9,5,0,0,0,0,0,NORMAL_BASELINE
SIM-CUST-007-NORMAL-0093,SIM-CUST-007,Cho Hyunwoo,68438,2026-02-28T10:02:01,KR,Busan,35.196291,129.096714,online-busan-09,ONLINE,mobile-primary-sim-cust-007,E-PAY,10,5,0,0,0,0,0,NORMAL_BASELINE
SIM-CUST-008-NORMAL-0093,SIM-CUST-008,Yoon Sumin,60283,2026-02-28T11:05:18,KR,Incheon,37.477886,126.703895,grocery-incheon-09,GROCERY,mobile-primary-sim-cust-008,CARD,11,5,0,0,0,0,0,NORMAL_BASELINE
SIM-CUST-015-NORMAL-0093,SIM-CUST-015,Kwon Doyun,94497,2026-02-28T12:26:17,KR,Daejeon,36.358612,127.393842,dining-daejeon-09,DINING,mobile-primary-sim-cust-015,ACCOUNT,12,5,0,0,0,0,0,NORMAL_BASELINE
SIM-CUST-019-NORMAL-0093,SIM-CUST-019,Hong Jiwon,129589,2026-02-28T12:38:25,KR,Daegu,35.875937,128.613739,grocery-daegu-09,GROCERY,mobile-primary-sim-cust-019,CARD,12,5,0,0,0,0,0,NORMAL_BASELINE
SIM-CUST-009-NORMAL-0093,SIM-CUST-009,Jang Jiwon,149256,2026-02-28T13:08:35,KR,Daegu,35.881851,128.60066,transfer-daegu-09,TRANSFER,mobile-primary-sim-cust-009,ACCOUNT,13,5,0,0,0,0,0,NORMAL_BASELINE
SIM-CUST-010-NORMAL-0093,SIM-CUST-010,Lim Nari,44154,2026-02-28T13:11:52,KR,Daejeon,36.34645,127.395731,cafe-daejeon-09,CAFE,mobile-primary-sim-cust-010,CARD,13,5,0,0,0,0,0,NORMAL_BASELINE
SIM-CUST-012-NORMAL-0093,SIM-CUST-012,Oh Seoyeon,43000,2026-02-28T14:17:26,KR,Busan,35.176799,129.082842,grocery-busan-09,GROCERY,mobile-primary-sim-cust-012,ACCOUNT,14,5,0,0,0,0,0,NORMAL_BASELINE
SIM-CUST-018-NORMAL-0093,SIM-CUST-018,Song Sumin,53203,2026-02-28T14:35:08,KR,Incheon,37.462216,126.708731,grocery-incheon-09,GROCERY,mobile-primary-sim-cust-018,ACCOUNT,14,5,0,0,0,0,0,NORMAL_BASELINE
SIM-CUST-006-NORMAL-0093,SIM-CUST-006,Kang Yuna,135342,2026-02-28T15:59:44,KR,Seoul,37.589656,126.962948,transfer-seoul-09,TRANSFER,mobile-primary-sim-cust-006,ACCOUNT,15,5,0,0,0,0,0,NORMAL_BASELINE
SIM-CUST-016-NORMAL-0093,SIM-CUST-016,Hwang Yuna,75300,2026-02-28T18:29:34,KR,Seoul,37.560291,126.978948,cafe-seoul-09,CAFE,mobile-primary-sim-cust-016,CARD,18,5,0,0,0,0,0,NORMAL_BASELINE
SIM-CUST-011-NORMAL-0093,SIM-CUST-011,Han Minjun,60791,2026-02-28T19:14:09,KR,Seoul,37.575465,126.992828,cafe-seoul-09,CAFE,mobile-primary-sim-cust-011,E-PAY,19,5,0,0,0,0,0,NORMAL_BASELINE
SIM-CUST-014-NORMAL-0093,SIM-CUST-014,Shin Haein,85369,2026-02-28T19:23:00,KR,Daegu,35.849763,128.604287,dining-daegu-09,DINING,mobile-primary-sim-cust-014,E-PAY,19,5,0,0,0,0,0,NORMAL_BASELINE
SIM-CUST-004-NORMAL-0093,SIM-CUST-004,Choi Haein,35894,2026-02-28T19:53:10,KR,Daegu,35.891497,128.585367,grocery-daegu-09,GROCERY,web-trusted-sim-cust-004,CARD,19,5,0,0,0,0,0,NORMAL_BASELINE
SIM-CUST-005-NORMAL-0093,SIM-CUST-005,Jung Doyun,91338,2026-02-28T19:56:27,KR,Daejeon,36.344644,127.401452,dining-daejeon-09,DINING,mobile-primary-sim-cust-005,CARD,19,5,0,0,0,0,0,NORMAL_BASELINE
SIM-CUST-001-NORMAL-0093,SIM-CUST-001,Kim Minjun,55218,2026-02-28T20:44:19,KR,Seoul,37.552442,126.993205,online-seoul-09,ONLINE,mobile-primary-sim-cust-001,CARD,20,5,0,0,0,0,0,NORMAL_BASELINE
SIM-CUST-017-NORMAL-0093,SIM-CUST-017,Ahn Hyunwoo,67617,2026-02-28T21:32:51,KR,Busan,35.188325,129.06652,grocery-busan-09,GROCERY,mobile-primary-sim-cust-017,E-PAY,21,5,0,0,0,0,0,NORMAL_BASELINE
SIM-CUST-003-NORMAL-0093,SIM-CUST-003,Park Jiho,66498,2026-02-28T22:50:53,KR,Incheon,37.480943,126.699324,cafe-incheon-09,CAFE,mobile-primary-sim-cust-003,E-PAY,22,5,0,0,0,0,0,NORMAL_BASELINE
SIM-CUST-012-NORMAL-0094,SIM-CUST-012,Oh Seoyeon,39015,2026-03-01T09:24:00,KR,Busan,35.198658,129.052206,dining-busan-10,DINING,mobile-primary-sim-cust-012,ACCOUNT,9,6,0,0,0,0,0,NORMAL_BASELINE
SIM-CUST-014-NORMAL-0094,SIM-CUST-014,Shin Haein,89537,2026-03-01T09:30:34,KR,Daegu,35.880799,128.607069,dining-daegu-10,DINING,mobile-primary-sim-cust-014,E-PAY,9,6,0,0,0,0,0,NORMAL_BASELINE
SIM-CUST-013-NORMAL-0094,SIM-CUST-013,Seo Jiho,96142,2026-03-01T11:27:17,KR,Incheon,37.477662,126.687557,online-incheon-10,ONLINE,mobile-primary-sim-cust-013,CARD,11,6,0,0,0,0,0,NORMAL_BASELINE
SIM-CUST-009-NORMAL-0094,SIM-CUST-009,Jang Jiwon,168789,2026-03-01T13:15:09,KR,Daegu,35.853803,128.59388,transfer-daegu-10,TRANSFER,mobile-primary-sim-cust-009,ACCOUNT,13,6,0,0,0,0,0,NORMAL_BASELINE
SIM-CUST-017-NORMAL-0094,SIM-CUST-017,Ahn Hyunwoo,64729,2026-03-01T13:39:25,KR,Busan,35.202565,129.07906,dining-busan-10,DINING,mobile-primary-sim-cust-017,E-PAY,13,6,0,0,0,0,0,NORMAL_BASELINE
SIM-CUST-020-NORMAL-0094,SIM-CUST-020,Moon Nari,48790,2026-03-01T13:48:16,KR,Daejeon,36.344864,127.409422,cafe-daejeon-10,CAFE,mobile-primary-sim-cust-020,E-PAY,13,6,0,0,0,0,0,NORMAL_BASELINE
SIM-CUST-002-NORMAL-0094,SIM-CUST-002,Lee Seoyeon,43661,2026-03-01T13:54:10,KR,Busan,35.160359,129.051643,dining-busan-10,DINING,mobile-primary-sim-cust-002,CARD,13,6,0,0,0,0,0,NORMAL_BASELINE
SIM-CUST-018-NORMAL-0094,SIM-CUST-018,Song Sumin,56985,2026-03-01T14:42:42,KR,Incheon,37.443118,126.681348,utility-incheon-10,UTILITY,mobile-primary-sim-cust-018,ACCOUNT,14,6,0,0,0,0,0,NORMAL_BASELINE
SIM-CUST-008-NORMAL-0094,SIM-CUST-008,Yoon Sumin,62099,2026-03-01T15:12:52,KR,Incheon,37.445876,126.683347,grocery-incheon-10,GROCERY,mobile-primary-sim-cust-008,CARD,15,6,0,0,0,0,0,NORMAL_BASELINE
SIM-CUST-006-NORMAL-0094,SIM-CUST-006,Kang Yuna,130598,2026-03-01T16:06:18,KR,Seoul,37.590469,126.96723,cafe-seoul-10,CAFE,mobile-primary-sim-cust-006,ACCOUNT,16,6,0,0,0,0,0,NORMAL_BASELINE
SIM-CUST-016-NORMAL-0094,SIM-CUST-016,Hwang Yuna,65791,2026-03-01T18:36:08,KR,Seoul,37.58341,126.985134,shopping-seoul-10,SHOPPING,mobile-primary-sim-cust-016,CARD,18,6,0,0,0,0,0,NORMAL_BASELINE
SIM-CUST-004-NORMAL-0094,SIM-CUST-004,Choi Haein,41258,2026-03-01T19:00:44,KR,Daegu,35.849846,128.599655,transport-daegu-10,TRANSPORT,mobile-primary-sim-cust-004,CARD,19,6,0,0,0,0,0,NORMAL_BASELINE
SIM-CUST-010-NORMAL-0094,SIM-CUST-010,Lim Nari,44516,2026-03-01T19:18:26,KR,Daejeon,36.327604,127.365884,utility-daejeon-10,UTILITY,mobile-primary-sim-cust-010,CARD,19,6,0,0,0,0,0,NORMAL_BASELINE
SIM-CUST-019-NORMAL-0094,SIM-CUST-019,Hong Jiwon,137068,2026-03-01T19:45:59,KR,Daegu,35.878441,128.582399,grocery-daegu-10,GROCERY,mobile-primary-sim-cust-019,CARD,19,6,0,0,0,0,0,NORMAL_BASELINE
SIM-CUST-001-NORMAL-0094,SIM-CUST-001,Kim Minjun,48144,2026-03-01T19:51:53,KR,Seoul,37.55396,126.995417,grocery-seoul-10,GROCERY,mobile-primary-sim-cust-001,CARD,19,6,0,0,0,0,0,NORMAL_BASELINE
SIM-CUST-005-NORMAL-0094,SIM-CUST-005,Jung Doyun,93538,2026-03-01T20:03:01,KR,Daejeon,36.325982,127.406219,utility-daejeon-10,UTILITY,mobile-primary-sim-cust-005,CARD,20,6,0,0,0,0,0,NORMAL_BASELINE
SIM-CUST-007-NORMAL-0094,SIM-CUST-007,Cho Hyunwoo,81980,2026-03-01T20:09:35,KR,Busan,35.186883,129.074675,utility-busan-10,UTILITY,mobile-primary-sim-cust-007,E-PAY,20,6,0,0,0,0,0,NORMAL_BASELINE
SIM-CUST-011-NORMAL-0094,SIM-CUST-011,Han Minjun,66625,2026-03-01T20:21:43,KR,Seoul,37.546829,126.953459,cafe-seoul-10,CAFE,mobile-primary-sim-cust-011,E-PAY,20,6,0,0,0,0,0,NORMAL_BASELINE
SIM-CUST-003-NORMAL-0094,SIM-CUST-003,Park Jiho,73436,2026-03-01T20:57:27,KR,Incheon,37.46439,126.707165,grocery-incheon-10,GROCERY,mobile-primary-sim-cust-003,E-PAY,20,6,0,0,0,0,0,NORMAL_BASELINE
SIM-CUST-015-NORMAL-0094,SIM-CUST-015,Kwon Doyun,91174,2026-03-01T22:33:51,KR,Daejeon,36.352181,127.379109,dining-daejeon-10,DINING,mobile-primary-sim-cust-015,ACCOUNT,22,6,0,0,0,0,0,NORMAL_BASELINE
SIM-CUST-016-NORMAL-0095,SIM-CUST-016,Hwang Yuna,68353,2026-03-02T07:43:42,KR,Seoul,37.579702,126.971035,cafe-seoul-11,CAFE,mobile-primary-sim-cust-016,CARD,7,0,0,0,0,0,0,NORMAL_BASELINE
SIM-CUST-020-NORMAL-0095,SIM-CUST-020,Moon Nari,49000,2026-03-02T08:55:50,KR,Daejeon,36.350595,127.363253,online-daejeon-11,ONLINE,mobile-primary-sim-cust-020,E-PAY,8,0,0,0,0,0,0,NORMAL_BASELINE
SIM-CUST-004-NORMAL-0095,SIM-CUST-004,Choi Haein,36910,2026-03-02T09:07:18,KR,Daegu,35.850719,128.599237,dining-daegu-11,DINING,mobile-primary-sim-cust-004,CARD,9,0,0,0,0,0,0,NORMAL_BASELINE
SIM-CUST-009-NORMAL-0095,SIM-CUST-009,Jang Jiwon,153827,2026-03-02T09:22:43,KR,Daegu,35.854815,128.601837,online-daegu-11,ONLINE,mobile-primary-sim-cust-009,ACCOUNT,9,0,0,0,0,0,0,NORMAL_BASELINE
SIM-CUST-008-NORMAL-0095,SIM-CUST-008,Yoon Sumin,62525,2026-03-02T10:19:26,KR,Incheon,37.448094,126.709135,online-incheon-11,ONLINE,mobile-primary-sim-cust-008,CARD,10,0,0,0,0,0,0,NORMAL_BASELINE
SIM-CUST-012-NORMAL-0095,SIM-CUST-012,Oh Seoyeon,38932,2026-03-02T10:31:34,KR,Busan,35.196234,129.084595,grocery-busan-11,GROCERY,mobile-primary-sim-cust-012,ACCOUNT,10,0,0,0,0,0,0,NORMAL_BASELINE
SIM-CUST-002-NORMAL-0095,SIM-CUST-002,Lee Seoyeon,51001,2026-03-02T12:01:44,KR,Busan,35.177605,129.085081,cafe-busan-11,CAFE,mobile-primary-sim-cust-002,CARD,12,0,0,0,0,0,0,NORMAL_BASELINE
SIM-CUST-001-NORMAL-0095,SIM-CUST-001,Kim Minjun,55335,2026-03-02T12:58:27,KR,Seoul,37.568057,126.980946,grocery-seoul-11,GROCERY,mobile-primary-sim-cust-001,CARD,12,0,0,0,0,0,0,NORMAL_BASELINE
SIM-CUST-006-NORMAL-0095,SIM-CUST-006,Kang Yuna,133738,2026-03-02T14:13:52,KR,Seoul,37.578326,126.997482,dining-seoul-11,DINING,mobile-primary-sim-cust-006,ACCOUNT,14,0,0,0,0,0,0,NORMAL_BASELINE
SIM-CUST-018-NORMAL-0095,SIM-CUST-018,Song Sumin,57133,2026-03-02T16:49:16,KR,Incheon,37.471586,126.721456,transfer-incheon-11,TRANSFER,mobile-primary-sim-cust-018,ACCOUNT,16,0,0,0,0,0,0,NORMAL_BASELINE
SIM-CUST-011-NORMAL-0095,SIM-CUST-011,Han Minjun,72632,2026-03-02T19:28:17,KR,Seoul,37.556341,126.963945,cafe-seoul-11,CAFE,mobile-primary-sim-cust-011,E-PAY,19,0,0,0,0,0,0,NORMAL_BASELINE
SIM-CUST-013-NORMAL-0095,SIM-CUST-013,Seo Jiho,125043,2026-03-02T19:34:51,KR,Incheon,37.46249,126.713416,online-incheon-11,ONLINE,mobile-primary-sim-cust-013,CARD,19,0,0,0,0,0,0,NORMAL_BASELINE
SIM-CUST-014-NORMAL-0095,SIM-CUST-014,Shin Haein,107460,2026-03-02T19:37:08,KR,Daegu,35.870612,128.609247,cafe-daegu-11,CAFE,mobile-primary-sim-cust-014,E-PAY,19,0,0,0,0,0,0,NORMAL_BASELINE
SIM-CUST-019-NORMAL-0095,SIM-CUST-019,Hong Jiwon,161068,2026-03-02T19:52:33,KR,Daegu,35.857943,128.5889,grocery-daegu-11,GROCERY,mobile-primary-sim-cust-019,CARD,19,0,0,0,0,0,0,NORMAL_BASELINE
SIM-CUST-005-NORMAL-0095,SIM-CUST-005,Jung Doyun,102247,2026-03-02T20:10:35,KR,Daejeon,36.368871,127.363243,online-daejeon-11,ONLINE,web-trusted-sim-cust-005,CARD,20,0,0,0,0,0,0,NORMAL_BASELINE
SIM-CUST-007-NORMAL-0095,SIM-CUST-007,Cho Hyunwoo,80097,2026-03-02T20:16:09,KR,Busan,35.171355,129.089799,utility-busan-11,UTILITY,mobile-primary-sim-cust-007,E-PAY,20,0,0,0,0,0,0,NORMAL_BASELINE
SIM-CUST-010-NORMAL-0095,SIM-CUST-010,Lim Nari,55889,2026-03-02T20:25:00,KR,Daejeon,36.363119,127.375059,grocery-daejeon-11,GROCERY,mobile-primary-sim-cust-010,CARD,20,0,0,0,0,0,0,NORMAL_BASELINE
SIM-CUST-015-NORMAL-0095,SIM-CUST-015,Kwon Doyun,97883,2026-03-02T20:40:25,KR,Daejeon,36.366707,127.381973,grocery-daejeon-11,GROCERY,mobile-primary-sim-cust-015,ACCOUNT,20,0,0,0,0,0,0,NORMAL_BASELINE
SIM-CUST-017-NORMAL-0095,SIM-CUST-017,Ahn Hyunwoo,64699,2026-03-02T21:46:59,KR,Busan,35.19171,129.074622,online-busan-11,ONLINE,mobile-primary-sim-cust-017,E-PAY,21,0,0,0,0,0,0,NORMAL_BASELINE
SIM-CUST-003-NORMAL-0095,SIM-CUST-003,Park Jiho,66420,2026-03-02T22:04:01,KR,Incheon,37.480942,126.699853,online-incheon-11,ONLINE,mobile-primary-sim-cust-003,E-PAY,22,0,0,0,0,0,0,NORMAL_BASELINE
SIM-CUST-004-NORMAL-0096,SIM-CUST-004,Choi Haein,40519,2026-03-03T09:14:52,KR,Daegu,35.861595,128.607536,transport-daegu-12,TRANSPORT,mobile-primary-sim-cust-004,CARD,9,1,0,0,0,0,0,NORMAL_BASELINE
SIM-CUST-014-NORMAL-0096,SIM-CUST-014,Shin Haein,116184,2026-03-03T09:44:42,KR,Daegu,35.890152,128.609799,online-daegu-12,ONLINE,mobile-primary-sim-cust-014,E-PAY,9,1,0,0,0,0,0,NORMAL_BASELINE
SIM-CUST-019-NORMAL-0096,SIM-CUST-019,Hong Jiwon,165438,2026-03-03T09:59:07,KR,Daegu,35.853048,128.587307,dining-daegu-12,DINING,mobile-primary-sim-cust-019,CARD,9,1,0,0,0,0,0,NORMAL_BASELINE
SIM-CUST-009-NORMAL-0096,SIM-CUST-009,Jang Jiwon,178474,2026-03-03T10:29:17,KR,Daegu,35.85702,128.6263,cafe-daegu-12,CAFE,mobile-primary-sim-cust-009,ACCOUNT,10,1,0,0,0,0,0,NORMAL_BASELINE
SIM-CUST-018-NORMAL-0096,SIM-CUST-018,Song Sumin,56030,2026-03-03T10:56:50,KR,Incheon,37.43932,126.708762,cafe-incheon-12,CAFE,mobile-primary-sim-cust-018,ACCOUNT,10,1,0,0,0,0,0,NORMAL_BASELINE
SIM-CUST-001-NORMAL-0096,SIM-CUST-001,Kim Minjun,62972,2026-03-03T11:05:01,KR,Seoul,37.572133,126.988964,utility-seoul-12,UTILITY,mobile-primary-sim-cust-001,CARD,11,1,0,0,0,0,0,NORMAL_BASELINE
SIM-CUST-003-NORMAL-0096,SIM-CUST-003,Park Jiho,70484,2026-03-03T11:11:35,KR,Incheon,37.431474,126.681337,dining-incheon-12,DINING,mobile-primary-sim-cust-003,E-PAY,11,1,0,0,0,0,0,NORMAL_BASELINE
SIM-CUST-008-NORMAL-0096,SIM-CUST-008,Yoon Sumin,66825,2026-03-03T11:26:00,KR,Incheon,37.457808,126.707623,grocery-incheon-12,GROCERY,mobile-primary-sim-cust-008,CARD,11,1,0,0,0,0,0,NORMAL_BASELINE
SIM-CUST-013-NORMAL-0096,SIM-CUST-013,Seo Jiho,104505,2026-03-03T11:41:25,KR,Incheon,37.446036,126.702893,grocery-incheon-12,GROCERY,mobile-primary-sim-cust-013,CARD,11,1,0,0,0,0,0,NORMAL_BASELINE
SIM-CUST-015-NORMAL-0096,SIM-CUST-015,Kwon Doyun,90095,2026-03-03T11:47:59,KR,Daejeon,36.366893,127.397647,grocery-daejeon-12,GROCERY,mobile-primary-sim-cust-015,ACCOUNT,11,1,0,0,0,0,0,NORMAL_BASELINE
SIM-CUST-002-NORMAL-0096,SIM-CUST-002,Lee Seoyeon,51547,2026-03-03T12:08:18,KR,Busan,35.166766,129.080044,cafe-busan-12,CAFE,mobile-primary-sim-cust-002,CARD,12,1,0,0,0,0,0,NORMAL_BASELINE
SIM-CUST-006-NORMAL-0096,SIM-CUST-006,Kang Yuna,137428,2026-03-03T15:20:26,KR,Seoul,37.58933,126.996413,cafe-seoul-12,CAFE,mobile-primary-sim-cust-006,ACCOUNT,15,1,0,0,0,0,0,NORMAL_BASELINE
SIM-CUST-012-NORMAL-0096,SIM-CUST-012,Oh Seoyeon,48989,2026-03-03T15:38:08,KR,Busan,35.200558,129.075694,cafe-busan-12,CAFE,mobile-primary-sim-cust-012,ACCOUNT,15,1,0,0,0,0,0,NORMAL_BASELINE
SIM-CUST-020-NORMAL-0096,SIM-CUST-020,Moon Nari,48937,2026-03-03T19:02:24,KR,Daejeon,36.366578,127.400666,cafe-daejeon-12,CAFE,mobile-primary-sim-cust-020,E-PAY,19,1,0,0,0,0,0,NORMAL_BASELINE
SIM-CUST-005-NORMAL-0096,SIM-CUST-005,Jung Doyun,93699,2026-03-03T19:17:09,KR,Daejeon,36.339308,127.384846,dining-daejeon-12,DINING,mobile-primary-sim-cust-005,CARD,19,1,0,0,0,0,0,NORMAL_BASELINE
SIM-CUST-016-NORMAL-0096,SIM-CUST-016,Hwang Yuna,75681,2026-03-03T19:50:16,KR,Seoul,37.578715,126.970365,grocery-seoul-12,GROCERY,mobile-primary-sim-cust-016,CARD,19,1,0,0,0,0,0,NORMAL_BASELINE
SIM-CUST-017-NORMAL-0096,SIM-CUST-017,Ahn Hyunwoo,67468,2026-03-03T19:53:33,KR,Busan,35.181896,129.087848,medical-busan-12,MEDICAL,mobile-primary-sim-cust-017,E-PAY,19,1,0,0,0,0,0,NORMAL_BASELINE
SIM-CUST-007-NORMAL-0096,SIM-CUST-007,Cho Hyunwoo,73485,2026-03-03T20:23:43,KR,Busan,35.180654,129.078847,utility-busan-12,UTILITY,mobile-primary-sim-cust-007,E-PAY,20,1,0,0,0,0,0,NORMAL_BASELINE
SIM-CUST-010-NORMAL-0096,SIM-CUST-010,Lim Nari,47794,2026-03-03T20:32:34,KR,Daejeon,36.340834,127.376645,dining-daejeon-12,DINING,mobile-primary-sim-cust-010,CARD,20,1,0,0,0,0,0,NORMAL_BASELINE
SIM-CUST-011-NORMAL-0096,SIM-CUST-011,Han Minjun,71527,2026-03-03T21:35:51,KR,Seoul,37.548794,126.986268,grocery-seoul-12,GROCERY,mobile-primary-sim-cust-011,E-PAY,21,1,0,0,0,0,0,NORMAL_BASELINE
SIM-CUST-020-NORMAL-0097,SIM-CUST-020,Moon Nari,44106,2026-03-04T08:09:58,KR,Daejeon,36.351791,127.390103,cafe-daejeon-01,CAFE,mobile-primary-sim-cust-020,E-PAY,8,2,0,0,0,0,0,NORMAL_BASELINE
SIM-CUST-009-NORMAL-0097,SIM-CUST-009,Jang Jiwon,180006,2026-03-04T08:36:51,KR,Daegu,35.867221,128.580242,grocery-daegu-01,GROCERY,mobile-primary-sim-cust-009,ACCOUNT,8,2,0,0,0,0,0,NORMAL_BASELINE
SIM-CUST-019-NORMAL-0097,SIM-CUST-019,Hong Jiwon,169185,2026-03-04T09:06:41,KR,Daegu,35.882262,128.617899,cafe-daegu-01,CAFE,mobile-primary-sim-cust-019,CARD,9,2,0,0,0,0,0,NORMAL_BASELINE
SIM-CUST-012-NORMAL-0097,SIM-CUST-012,Oh Seoyeon,43052,2026-03-04T10:45:42,KR,Busan,35.203256,129.076675,grocery-busan-01,GROCERY,mobile-primary-sim-cust-012,ACCOUNT,10,2,0,0,0,0,0,NORMAL_BASELINE
SIM-CUST-013-NORMAL-0097,SIM-CUST-013,Seo Jiho,122568,2026-03-04T10:48:59,KR,Incheon,37.43396,126.695491,online-incheon-01,ONLINE,mobile-primary-sim-cust-013,CARD,10,2,0,0,0,0,0,NORMAL_BASELINE
SIM-CUST-017-NORMAL-0097,SIM-CUST-017,Ahn Hyunwoo,62183,2026-03-04T12:00:07,KR,Busan,35.172245,129.073847,cafe-busan-01,CAFE,mobile-primary-sim-cust-017,E-PAY,12,2,0,0,0,0,0,NORMAL_BASELINE
SIM-CUST-003-NORMAL-0097,SIM-CUST-003,Park Jiho,81681,2026-03-04T12:18:09,KR,Incheon,37.452506,126.699164,grocery-incheon-01,GROCERY,mobile-primary-sim-cust-003,E-PAY,12,2,0,0,0,0,0,NORMAL_BASELINE
SIM-CUST-014-NORMAL-0097,SIM-CUST-014,Shin Haein,107993,2026-03-04T13:51:16,KR,Daegu,35.864256,128.600448,online-daegu-01,ONLINE,mobile-primary-sim-cust-014,E-PAY,13,2,0,0,0,0,0,NORMAL_BASELINE
SIM-CUST-006-NORMAL-0097,SIM-CUST-006,Kang Yuna,146561,2026-03-04T14:27:00,KR,Seoul,37.561739,126.998354,grocery-seoul-01,GROCERY,web-trusted-sim-cust-006,ACCOUNT,14,2,0,0,0,0,0,NORMAL_BASELINE
SIM-CUST-008-NORMAL-0097,SIM-CUST-008,Yoon Sumin,60516,2026-03-04T15:33:34,KR,Incheon,37.470767,126.688787,medical-incheon-01,MEDICAL,mobile-primary-sim-cust-008,CARD,15,2,0,0,0,0,0,NORMAL_BASELINE
SIM-CUST-018-NORMAL-0097,SIM-CUST-018,Song Sumin,61583,2026-03-04T16:03:24,KR,Incheon,37.455613,126.684984,transport-incheon-01,TRANSPORT,mobile-primary-sim-cust-018,ACCOUNT,16,2,0,0,0,0,0,NORMAL_BASELINE
SIM-CUST-001-NORMAL-0097,SIM-CUST-001,Kim Minjun,65086,2026-03-04T18:12:35,KR,Seoul,37.563796,126.960958,grocery-seoul-01,GROCERY,mobile-primary-sim-cust-001,CARD,18,2,0,0,0,0,0,NORMAL_BASELINE
SIM-CUST-002-NORMAL-0097,SIM-CUST-002,Lee Seoyeon,53401,2026-03-04T18:15:52,KR,Busan,35.19189,129.061679,cafe-busan-01,CAFE,mobile-primary-sim-cust-002,CARD,18,2,0,0,0,0,0,NORMAL_BASELINE
SIM-CUST-004-NORMAL-0097,SIM-CUST-004,Choi Haein,45689,2026-03-04T18:21:26,KR,Daegu,35.896289,128.615194,grocery-daegu-01,GROCERY,mobile-primary-sim-cust-004,CARD,18,2,0,0,0,0,0,NORMAL_BASELINE
SIM-CUST-010-NORMAL-0097,SIM-CUST-010,Lim Nari,53911,2026-03-04T18:39:08,KR,Daejeon,36.358284,127.36673,transport-daejeon-01,TRANSPORT,mobile-primary-sim-cust-010,CARD,18,2,0,0,0,0,0,NORMAL_BASELINE
SIM-CUST-016-NORMAL-0097,SIM-CUST-016,Hwang Yuna,81341,2026-03-04T18:57:50,KR,Seoul,37.567638,127.00001,online-seoul-01,ONLINE,mobile-primary-sim-cust-016,CARD,18,2,0,0,0,0,0,NORMAL_BASELINE
SIM-CUST-007-NORMAL-0097,SIM-CUST-007,Cho Hyunwoo,74958,2026-03-04T19:30:17,KR,Busan,35.18347,129.067186,cafe-busan-01,CAFE,mobile-primary-sim-cust-007,E-PAY,19,2,0,0,0,0,0,NORMAL_BASELINE
SIM-CUST-005-NORMAL-0097,SIM-CUST-005,Jung Doyun,98235,2026-03-04T20:24:43,KR,Daejeon,36.33715,127.382455,cafe-daejeon-01,CAFE,mobile-primary-sim-cust-005,CARD,20,2,0,0,0,0,0,NORMAL_BASELINE
SIM-CUST-011-NORMAL-0097,SIM-CUST-011,Han Minjun,68919,2026-03-04T21:42:25,KR,Seoul,37.566619,126.98743,cafe-seoul-01,CAFE,mobile-primary-sim-cust-011,E-PAY,21,2,0,0,0,0,0,NORMAL_BASELINE
SIM-CUST-015-NORMAL-0097,SIM-CUST-015,Kwon Doyun,115163,2026-03-04T22:54:33,KR,Daejeon,36.344568,127.392155,transport-daejeon-01,TRANSPORT,mobile-primary-sim-cust-015,ACCOUNT,22,2,0,0,0,0,0,NORMAL_BASELINE
SIM-CUST-014-NORMAL-0098,SIM-CUST-014,Shin Haein,126156,2026-03-05T08:58:50,KR,Daegu,35.891241,128.614597,utility-daegu-02,UTILITY,mobile-primary-sim-cust-014,E-PAY,8,3,0,0,0,0,0,NORMAL_BASELINE
SIM-CUST-019-NORMAL-0098,SIM-CUST-019,Hong Jiwon,161455,2026-03-05T09:13:15,KR,Daegu,35.868754,128.583749,grocery-daegu-02,GROCERY,mobile-primary-sim-cust-019,CARD,9,3,0,0,0,0,0,NORMAL_BASELINE
SIM-CUST-002-NORMAL-0098,SIM-CUST-002,Lee Seoyeon,52013,2026-03-05T09:22:26,KR,Busan,35.18113,129.060295,cafe-busan-02,CAFE,mobile-primary-sim-cust-002,CARD,9,3,0,0,0,0,0,NORMAL_BASELINE
SIM-CUST-006-NORMAL-0098,SIM-CUST-006,Kang Yuna,137229,2026-03-05T09:34:34,KR,Seoul,37.557344,126.967568,transfer-seoul-02,TRANSFER,mobile-primary-sim-cust-006,ACCOUNT,9,3,0,0,0,0,0,NORMAL_BASELINE
SIM-CUST-012-NORMAL-0098,SIM-CUST-012,Oh Seoyeon,46959,2026-03-05T10:52:16,KR,Busan,35.1574,129.070215,dining-busan-02,DINING,mobile-primary-sim-cust-012,ACCOUNT,10,3,0,0,0,0,0,NORMAL_BASELINE
SIM-CUST-003-NORMAL-0098,SIM-CUST-003,Park Jiho,76866,2026-03-05T11:25:43,KR,Incheon,37.445082,126.727071,online-incheon-02,ONLINE,mobile-primary-sim-cust-003,E-PAY,11,3,0,0,0,0,0,NORMAL_BASELINE
SIM-CUST-008-NORMAL-0098,SIM-CUST-008,Yoon Sumin,65974,2026-03-05T11:40:08,KR,Incheon,37.445707,126.722476,medical-incheon-02,MEDICAL,mobile-primary-sim-cust-008,CARD,11,3,0,0,0,0,0,NORMAL_BASELINE
SIM-CUST-020-NORMAL-0098,SIM-CUST-020,Moon Nari,51973,2026-03-05T12:16:32,KR,Daejeon,36.329058,127.396387,cafe-daejeon-02,CAFE,mobile-primary-sim-cust-020,E-PAY,12,3,0,0,0,0,0,NORMAL_BASELINE
SIM-CUST-013-NORMAL-0098,SIM-CUST-013,Seo Jiho,132829,2026-03-05T12:55:33,KR,Incheon,37.433795,126.687086,grocery-incheon-02,GROCERY,mobile-primary-sim-cust-013,CARD,12,3,0,0,0,0,0,NORMAL_BASELINE
SIM-CUST-009-NORMAL-0098,SIM-CUST-009,Jang Jiwon,198359,2026-03-05T13:43:25,KR,Daegu,35.847698,128.610466,dining-daegu-02,DINING,mobile-primary-sim-cust-009,ACCOUNT,13,3,0,0,0,0,0,NORMAL_BASELINE
SIM-CUST-010-NORMAL-0098,SIM-CUST-010,Lim Nari,59470,2026-03-05T13:46:42,KR,Daejeon,36.368335,127.380603,grocery-daejeon-02,GROCERY,mobile-primary-sim-cust-010,CARD,13,3,0,0,0,0,0,NORMAL_BASELINE
SIM-CUST-011-NORMAL-0098,SIM-CUST-011,Han Minjun,77479,2026-03-05T13:49:59,KR,Seoul,37.565414,126.994434,transport-seoul-02,TRANSPORT,mobile-primary-sim-cust-011,E-PAY,13,3,0,0,0,0,0,NORMAL_BASELINE
SIM-CUST-018-NORMAL-0098,SIM-CUST-018,Song Sumin,66215,2026-03-05T15:10:58,KR,Incheon,37.439582,126.688877,transfer-incheon-02,TRANSFER,mobile-primary-sim-cust-018,ACCOUNT,15,3,0,0,0,0,0,NORMAL_BASELINE
SIM-CUST-016-NORMAL-0098,SIM-CUST-016,Hwang Yuna,72935,2026-03-05T18:04:24,KR,Seoul,37.569846,126.954207,cafe-seoul-02,CAFE,mobile-primary-sim-cust-016,CARD,18,3,0,0,0,0,0,NORMAL_BASELINE
SIM-CUST-017-NORMAL-0098,SIM-CUST-017,Ahn Hyunwoo,76530,2026-03-05T19:07:41,KR,Busan,35.201861,129.070762,medical-busan-02,MEDICAL,mobile-primary-sim-cust-017,E-PAY,19,3,0,0,0,0,0,NORMAL_BASELINE
SIM-CUST-004-NORMAL-0098,SIM-CUST-004,Choi Haein,39690,2026-03-05T19:28:00,KR,Daegu,35.846719,128.596902,dining-daegu-02,DINING,mobile-primary-sim-cust-004,CARD,19,3,0,0,0,0,0,NORMAL_BASELINE
SIM-CUST-007-NORMAL-0098,SIM-CUST-007,Cho Hyunwoo,79628,2026-03-05T19:37:51,KR,Busan,35.196637,129.067558,shopping-busan-02,SHOPPING,mobile-primary-sim-cust-007,E-PAY,19,3,0,0,0,0,0,NORMAL_BASELINE
SIM-CUST-015-NORMAL-0098,SIM-CUST-015,Kwon Doyun,111364,2026-03-05T20:01:07,KR,Daejeon,36.356344,127.366429,grocery-daejeon-02,GROCERY,mobile-primary-sim-cust-015,ACCOUNT,20,3,0,0,0,0,0,NORMAL_BASELINE
SIM-CUST-001-NORMAL-0098,SIM-CUST-001,Kim Minjun,57532,2026-03-05T20:19:09,KR,Seoul,37.553862,126.984883,grocery-seoul-02,GROCERY,mobile-primary-sim-cust-001,CARD,20,3,0,0,0,0,0,NORMAL_BASELINE
SIM-CUST-005-NORMAL-0098,SIM-CUST-005,Jung Doyun,111869,2026-03-05T20:31:17,KR,Daejeon,36.347753,127.365435,grocery-daejeon-02,GROCERY,mobile-primary-sim-cust-005,CARD,20,3,0,0,0,0,0,NORMAL_BASELINE
SIM-CUST-020-NORMAL-0099,SIM-CUST-020,Moon Nari,46189,2026-03-06T08:23:06,KR,Daejeon,36.368545,127.38559,grocery-daejeon-03,GROCERY,mobile-primary-sim-cust-020,E-PAY,8,4,0,0,0,0,0,NORMAL_BASELINE
SIM-CUST-004-NORMAL-0099,SIM-CUST-004,Choi Haein,37493,2026-03-06T08:35:34,KR,Daegu,35.881073,128.57688,cafe-daegu-03,CAFE,mobile-primary-sim-cust-004,CARD,8,4,0,0,0,0,0,NORMAL_BASELINE
SIM-CUST-016-NORMAL-0099,SIM-CUST-016,Hwang Yuna,77635,2026-03-06T09:11:58,KR,Seoul,37.581595,126.989453,shopping-seoul-03,SHOPPING,mobile-primary-sim-cust-016,CARD,9,4,0,0,0,0,0,NORMAL_BASELINE
SIM-CUST-018-NORMAL-0099,SIM-CUST-018,Song Sumin,50799,2026-03-06T10:17:32,KR,Incheon,37.464858,126.70196,transfer-incheon-03,TRANSFER,mobile-primary-sim-cust-018,ACCOUNT,10,4,0,0,0,0,0,NORMAL_BASELINE
SIM-CUST-008-NORMAL-0099,SIM-CUST-008,Yoon Sumin,57926,2026-03-06T10:47:42,KR,Incheon,37.439618,126.726407,grocery-incheon-03,GROCERY,mobile-primary-sim-cust-008,CARD,10,4,0,0,0,0,0,NORMAL_BASELINE
SIM-CUST-013-NORMAL-0099,SIM-CUST-013,Seo Jiho,106014,2026-03-06T11:02:07,KR,Incheon,37.479226,126.708237,dining-incheon-03,DINING,mobile-primary-sim-cust-013,CARD,11,4,0,0,0,0,0,NORMAL_BASELINE
SIM-CUST-002-NORMAL-0099,SIM-CUST-002,Lee Seoyeon,48074,2026-03-06T12:29:00,KR,Busan,35.186872,129.057984,grocery-busan-03,GROCERY,mobile-primary-sim-cust-002,CARD,12,4,0,0,0,0,0,NORMAL_BASELINE
SIM-CUST-014-NORMAL-0099,SIM-CUST-014,Shin Haein,93869,2026-03-06T13:05:24,KR,Daegu,35.879521,128.582191,transport-daegu-03,TRANSPORT,mobile-primary-sim-cust-014,E-PAY,13,4,0,0,0,0,0,NORMAL_BASELINE
SIM-CUST-010-NORMAL-0099,SIM-CUST-010,Lim Nari,49000,2026-03-06T13:53:16,KR,Daejeon,36.335463,127.36292,transport-daejeon-03,TRANSPORT,mobile-primary-sim-cust-010,CARD,13,4,0,0,0,0,0,NORMAL_BASELINE
SIM-CUST-006-NORMAL-0099,SIM-CUST-006,Kang Yuna,123045,2026-03-06T14:41:08,KR,Seoul,37.585885,126.992049,cafe-seoul-03,CAFE,mobile-primary-sim-cust-006,ACCOUNT,14,4,0,0,0,0,0,NORMAL_BASELINE
SIM-CUST-009-NORMAL-0099,SIM-CUST-009,Jang Jiwon,151770,2026-03-06T15:50:59,KR,Daegu,35.892857,128.581703,transfer-daegu-03,TRANSFER,mobile-primary-sim-cust-009,ACCOUNT,15,4,0,0,0,0,0,NORMAL_BASELINE
SIM-CUST-012-NORMAL-0099,SIM-CUST-012,Oh Seoyeon,37260,2026-03-06T16:59:50,KR,Busan,35.189221,129.074471,cafe-busan-03,CAFE,mobile-primary-sim-cust-012,ACCOUNT,16,4,0,0,0,0,0,NORMAL_BASELINE
SIM-CUST-017-NORMAL-0099,SIM-CUST-017,Ahn Hyunwoo,56376,2026-03-06T19:14:15,KR,Busan,35.192128,129.07158,grocery-busan-03,GROCERY,mobile-primary-sim-cust-017,E-PAY,19,4,0,0,0,0,0,NORMAL_BASELINE
SIM-CUST-019-NORMAL-0099,SIM-CUST-019,Hong Jiwon,156836,2026-03-06T19:20:49,KR,Daegu,35.862656,128.596956,dining-daegu-03,DINING,mobile-primary-sim-cust-019,CARD,19,4,0,0,0,0,0,NORMAL_BASELINE
SIM-CUST-005-NORMAL-0099,SIM-CUST-005,Jung Doyun,78731,2026-03-06T19:38:51,KR,Daejeon,36.345572,127.361292,dining-daejeon-03,DINING,mobile-primary-sim-cust-005,CARD,19,4,0,0,0,0,0,NORMAL_BASELINE
SIM-CUST-011-NORMAL-0099,SIM-CUST-011,Han Minjun,70557,2026-03-06T19:56:33,KR,Seoul,37.544441,126.993511,cafe-seoul-03,CAFE,mobile-primary-sim-cust-011,E-PAY,19,4,0,0,0,0,0,NORMAL_BASELINE
SIM-CUST-001-NORMAL-0099,SIM-CUST-001,Kim Minjun,52287,2026-03-06T20:26:43,KR,Seoul,37.553462,126.974994,dining-seoul-03,DINING,mobile-primary-sim-cust-001,CARD,20,4,0,0,0,0,0,NORMAL_BASELINE
SIM-CUST-007-NORMAL-0099,SIM-CUST-007,Cho Hyunwoo,80696,2026-03-06T20:44:25,KR,Busan,35.183149,129.070078,cafe-busan-03,CAFE,web-trusted-sim-cust-007,E-PAY,20,4,0,0,0,0,0,NORMAL_BASELINE
SIM-CUST-015-NORMAL-0099,SIM-CUST-015,Kwon Doyun,83681,2026-03-06T21:08:41,KR,Daejeon,36.353929,127.379939,grocery-daejeon-03,GROCERY,mobile-primary-sim-cust-015,ACCOUNT,21,4,0,0,0,0,0,NORMAL_BASELINE
SIM-CUST-003-NORMAL-0099,SIM-CUST-003,Park Jiho,61071,2026-03-06T22:32:17,KR,Incheon,37.46431,126.710946,dining-incheon-03,DINING,mobile-primary-sim-cust-003,E-PAY,22,4,0,0,0,0,0,NORMAL_BASELINE
SIM-CUST-002-NORMAL-0100,SIM-CUST-002,Lee Seoyeon,41275,2026-03-07T08:36:34,KR,Busan,35.18472,129.088611,cafe-busan-04,CAFE,mobile-primary-sim-cust-002,CARD,8,5,0,0,0,0,0,NORMAL_BASELINE
SIM-CUST-013-NORMAL-0100,SIM-CUST-013,Seo Jiho,99394,2026-03-07T09:09:41,KR,Incheon,37.467953,126.701803,dining-incheon-04,DINING,mobile-primary-sim-cust-013,CARD,9,5,0,0,0,0,0,NORMAL_BASELINE
SIM-CUST-016-NORMAL-0100,SIM-CUST-016,Hwang Yuna,75461,2026-03-07T09:18:32,KR,Seoul,37.559119,127.001279,grocery-seoul-04,GROCERY,mobile-primary-sim-cust-016,CARD,9,5,0,0,0,0,0,NORMAL_BASELINE
SIM-CUST-004-NORMAL-0100,SIM-CUST-004,Choi Haein,38583,2026-03-07T09:42:08,KR,Daegu,35.88885,128.612761,transport-daegu-04,TRANSPORT,mobile-primary-sim-cust-004,CARD,9,5,0,0,0,0,0,NORMAL_BASELINE
SIM-CUST-015-NORMAL-0100,SIM-CUST-015,Kwon Doyun,89488,2026-03-07T10:15:15,KR,Daejeon,36.353865,127.383096,transport-daejeon-04,TRANSPORT,mobile-primary-sim-cust-015,ACCOUNT,10,5,0,0,0,0,0,NORMAL_BASELINE
SIM-CUST-003-NORMAL-0100,SIM-CUST-003,Park Jiho,63123,2026-03-07T10:39:51,KR,Incheon,37.460997,126.702522,online-incheon-04,ONLINE,mobile-primary-sim-cust-003,E-PAY,10,5,0,0,0,0,0,NORMAL_BASELINE
SIM-CUST-009-NORMAL-0100,SIM-CUST-009,Jang Jiwon,144403,2026-03-07T10:57:33,KR,Daegu,35.887935,128.609377,transfer-daegu-04,TRANSFER,mobile-primary-sim-cust-009,ACCOUNT,10,5,0,0,0,0,0,NORMAL_BASELINE
SIM-CUST-017-NORMAL-0100,SIM-CUST-017,Ahn Hyunwoo,67320,2026-03-07T11:21:49,KR,Busan,35.173673,129.094113,online-busan-04,ONLINE,mobile-primary-sim-cust-017,E-PAY,11,5,0,0,0,0,0,NORMAL_BASELINE
SIM-CUST-011-NORMAL-0100,SIM-CUST-011,Han Minjun,60678,2026-03-07T12:03:07,KR,Seoul,37.578133,126.993521,online-seoul-04,ONLINE,mobile-primary-sim-cust-011,E-PAY,12,5,0,0,0,0,0,NORMAL_BASELINE
SIM-CUST-010-NORMAL-0100,SIM-CUST-010,Lim Nari,50801,2026-03-07T13:00:50,KR,Daejeon,36.374496,127.389488,cafe-daejeon-04,CAFE,mobile-primary-sim-cust-010,CARD,13,5,0,0,0,0,0,NORMAL_BASELINE
SIM-CUST-014-NORMAL-0100,SIM-CUST-014,Shin Haein,104039,2026-03-07T13:12:58,KR,Daegu,35.863779,128.596304,utility-daegu-04,UTILITY,mobile-primary-sim-cust-014,E-PAY,13,5,0,0,0,0,0,NORMAL_BASELINE
SIM-CUST-006-NORMAL-0100,SIM-CUST-006,Kang Yuna,129825,2026-03-07T14:48:42,KR,Seoul,37.564014,126.961366,dining-seoul-04,DINING,mobile-primary-sim-cust-006,ACCOUNT,14,5,0,0,0,0,0,NORMAL_BASELINE
SIM-CUST-012-NORMAL-0100,SIM-CUST-012,Oh Seoyeon,39032,2026-03-07T15:06:24,KR,Busan,35.194767,129.082932,online-busan-04,ONLINE,mobile-primary-sim-cust-012,ACCOUNT,15,5,0,0,0,0,0,NORMAL_BASELINE
SIM-CUST-018-NORMAL-0100,SIM-CUST-018,Song Sumin,58164,2026-03-07T16:24:06,KR,Incheon,37.442909,126.722564,online-incheon-04,ONLINE,mobile-primary-sim-cust-018,ACCOUNT,16,5,0,0,0,0,0,NORMAL_BASELINE
SIM-CUST-008-NORMAL-0100,SIM-CUST-008,Yoon Sumin,66618,2026-03-07T16:54:16,KR,Incheon,37.473267,126.714843,medical-incheon-04,MEDICAL,mobile-primary-sim-cust-008,CARD,16,5,0,0,0,0,0,NORMAL_BASELINE
SIM-CUST-020-NORMAL-0100,SIM-CUST-020,Moon Nari,45927,2026-03-07T18:30:40,KR,Daejeon,36.356749,127.362015,utility-daejeon-04,UTILITY,mobile-primary-sim-cust-020,E-PAY,18,5,0,0,0,0,0,NORMAL_BASELINE
SIM-CUST-019-NORMAL-0100,SIM-CUST-019,Hong Jiwon,139970,2026-03-07T19:27:23,KR,Daegu,35.879556,128.619288,grocery-daegu-04,GROCERY,mobile-primary-sim-cust-019,CARD,19,5,0,0,0,0,0,NORMAL_BASELINE
SIM-CUST-001-NORMAL-0100,SIM-CUST-001,Kim Minjun,50856,2026-03-07T19:33:17,KR,Seoul,37.557485,126.980008,grocery-seoul-04,GROCERY,mobile-primary-sim-cust-001,CARD,19,5,0,0,0,0,0,NORMAL_BASELINE
SIM-CUST-005-NORMAL-0100,SIM-CUST-005,Jung Doyun,82194,2026-03-07T20:45:25,KR,Daejeon,36.35561,127.390453,dining-daejeon-04,DINING,mobile-primary-sim-cust-005,CARD,20,5,0,0,0,0,0,NORMAL_BASELINE
SIM-CUST-007-NORMAL-0100,SIM-CUST-007,Cho Hyunwoo,81561,2026-03-07T21:51:59,KR,Busan,35.170014,129.093491,shopping-busan-04,SHOPPING,mobile-primary-sim-cust-007,E-PAY,21,5,0,0,0,0,0,NORMAL_BASELINE
SIM-CUST-004-NORMAL-0101,SIM-CUST-004,Choi Haein,42289,2026-03-08T07:49:42,KR,Daegu,35.867391,128.624459,transport-daegu-05,TRANSPORT,mobile-primary-sim-cust-004,CARD,7,6,0,0,0,0,0,NORMAL_BASELINE
SIM-CUST-013-NORMAL-0101,SIM-CUST-013,Seo Jiho,98561,2026-03-08T09:16:15,KR,Incheon,37.477947,126.692636,online-incheon-05,ONLINE,mobile-primary-sim-cust-013,CARD,9,6,0,0,0,0,0,NORMAL_BASELINE
SIM-CUST-014-NORMAL-0101,SIM-CUST-014,Shin Haein,101923,2026-03-08T09:19:32,KR,Daegu,35.886636,128.600859,dining-daegu-05,DINING,mobile-primary-sim-cust-014,E-PAY,9,6,0,0,0,0,0,NORMAL_BASELINE
SIM-CUST-016-NORMAL-0101,SIM-CUST-016,Hwang Yuna,65979,2026-03-08T09:25:06,KR,Seoul,37.56441,127.002549,grocery-seoul-05,GROCERY,mobile-primary-sim-cust-016,CARD,9,6,0,0,0,0,0,NORMAL_BASELINE
SIM-CUST-006-NORMAL-0101,SIM-CUST-006,Kang Yuna,123616,2026-03-08T09:55:16,KR,Seoul,37.554082,126.990194,transfer-seoul-05,TRANSFER,mobile-primary-sim-cust-006,ACCOUNT,9,6,0,0,0,0,0,NORMAL_BASELINE
SIM-CUST-008-NORMAL-0101,SIM-CUST-008,Yoon Sumin,55663,2026-03-08T10:01:50,KR,Incheon,37.480989,126.708926,medical-incheon-05,MEDICAL,web-trusted-sim-cust-008,CARD,10,6,0,0,0,0,0,NORMAL_BASELINE
SIM-CUST-012-NORMAL-0101,SIM-CUST-012,Oh Seoyeon,39221,2026-03-08T10:13:58,KR,Busan,35.172735,129.08954,dining-busan-05,DINING,mobile-primary-sim-cust-012,ACCOUNT,10,6,0,0,0,0,0,NORMAL_BASELINE
SIM-CUST-015-NORMAL-0101,SIM-CUST-015,Kwon Doyun,86143,2026-03-08T10:22:49,KR,Daejeon,36.355467,127.398994,utility-daejeon-05,UTILITY,mobile-primary-sim-cust-015,ACCOUNT,10,6,0,0,0,0,0,NORMAL_BASELINE
SIM-CUST-019-NORMAL-0101,SIM-CUST-019,Hong Jiwon,145624,2026-03-08T10:34:57,KR,Daegu,35.889898,128.619306,grocery-daegu-05,GROCERY,mobile-primary-sim-cust-019,CARD,10,6,0,0,0,0,0,NORMAL_BASELINE
SIM-CUST-001-NORMAL-0101,SIM-CUST-001,Kim Minjun,53339,2026-03-08T10:40:51,KR,Seoul,37.54914,126.963698,grocery-seoul-05,GROCERY,mobile-primary-sim-cust-001,CARD,10,6,0,0,0,0,0,NORMAL_BASELINE
SIM-CUST-007-NORMAL-0101,SIM-CUST-007,Cho Hyunwoo,70466,2026-03-08T10:58:33,KR,Busan,35.198452,129.069179,shopping-busan-05,SHOPPING,mobile-primary-sim-cust-007,E-PAY,10,6,0,0,0,0,0,NORMAL_BASELINE
SIM-CUST-017-NORMAL-0101,SIM-CUST-017,Ahn Hyunwoo,56984,2026-03-08T12:28:23,KR,Busan,35.194169,129.083689,grocery-busan-05,GROCERY,mobile-primary-sim-cust-017,E-PAY,12,6,0,0,0,0,0,NORMAL_BASELINE
SIM-CUST-020-NORMAL-0101,SIM-CUST-020,Moon Nari,43006,2026-03-08T12:37:14,KR,Daejeon,36.326241,127.384263,cafe-daejeon-05,CAFE,mobile-primary-sim-cust-020,E-PAY,12,6,0,0,0,0,0,NORMAL_BASELINE
SIM-CUST-009-NORMAL-0101,SIM-CUST-009,Jang Jiwon,154618,2026-03-08T13:04:07,KR,Daegu,35.8793,128.592871,cafe-daegu-05,CAFE,mobile-primary-sim-cust-009,ACCOUNT,13,6,0,0,0,0,0,NORMAL_BASELINE
SIM-CUST-005-NORMAL-0101,SIM-CUST-005,Jung Doyun,94183,2026-03-08T13:52:59,KR,Daejeon,36.35813,127.38231,utility-daejeon-05,UTILITY,mobile-primary-sim-cust-005,CARD,13,6,0,0,0,0,0,NORMAL_BASELINE
SIM-CUST-018-NORMAL-0101,SIM-CUST-018,Song Sumin,59310,2026-03-08T15:31:40,KR,Incheon,37.468258,126.699424,dining-incheon-05,DINING,mobile-primary-sim-cust-018,ACCOUNT,15,6,0,0,0,0,0,NORMAL_BASELINE
SIM-CUST-010-NORMAL-0101,SIM-CUST-010,Lim Nari,50346,2026-03-08T18:07:24,KR,Daejeon,36.342183,127.374482,online-daejeon-05,ONLINE,mobile-primary-sim-cust-010,CARD,18,6,0,0,0,0,0,NORMAL_BASELINE
SIM-CUST-002-NORMAL-0101,SIM-CUST-002,Lee Seoyeon,50172,2026-03-08T19:43:08,KR,Busan,35.185997,129.073798,cafe-busan-05,CAFE,mobile-primary-sim-cust-002,CARD,19,6,0,0,0,0,0,NORMAL_BASELINE
SIM-CUST-011-NORMAL-0101,SIM-CUST-011,Han Minjun,73068,2026-03-08T21:10:41,KR,Seoul,37.580302,126.995839,dining-seoul-05,DINING,mobile-primary-sim-cust-011,E-PAY,21,6,0,0,0,0,0,NORMAL_BASELINE
SIM-CUST-003-NORMAL-0101,SIM-CUST-003,Park Jiho,64109,2026-03-08T22:46:25,KR,Incheon,37.468327,126.700313,dining-incheon-05,DINING,mobile-primary-sim-cust-003,E-PAY,22,6,0,0,0,0,0,NORMAL_BASELINE
SIM-CUST-009-NORMAL-0102,SIM-CUST-009,Jang Jiwon,183970,2026-03-09T08:11:41,KR,Daegu,35.862646,128.612977,cafe-daegu-06,CAFE,mobile-primary-sim-cust-009,ACCOUNT,8,0,0,0,0,0,0,NORMAL_BASELINE
SIM-CUST-004-NORMAL-0102,SIM-CUST-004,Choi Haein,34931,2026-03-09T08:56:16,KR,Daegu,35.892464,128.621264,dining-daegu-06,DINING,mobile-primary-sim-cust-004,CARD,8,0,0,0,0,0,0,NORMAL_BASELINE
SIM-CUST-006-NORMAL-0102,SIM-CUST-006,Kang Yuna,130883,2026-03-09T09:02:50,KR,Seoul,37.546278,126.99984,transfer-seoul-06,TRANSFER,mobile-primary-sim-cust-006,ACCOUNT,9,0,0,0,0,0,0,NORMAL_BASELINE
SIM-CUST-016-NORMAL-0102,SIM-CUST-016,Hwang Yuna,69116,2026-03-09T09:32:40,KR,Seoul,37.569424,126.996174,dining-seoul-06,DINING,mobile-primary-sim-cust-016,CARD,9,0,0,0,0,0,0,NORMAL_BASELINE
SIM-CUST-003-NORMAL-0102,SIM-CUST-003,Park Jiho,77336,2026-03-09T11:53:59,KR,Incheon,37.470103,126.687207,cafe-incheon-06,CAFE,mobile-primary-sim-cust-003,E-PAY,11,0,0,0,0,0,0,NORMAL_BASELINE
SIM-CUST-017-NORMAL-0102,SIM-CUST-017,Ahn Hyunwoo,72326,2026-03-09T12:35:57,KR,Busan,35.16545,129.051419,medical-busan-06,MEDICAL,mobile-primary-sim-cust-017,E-PAY,12,0,0,0,0,0,0,NORMAL_BASELINE
SIM-CUST-001-NORMAL-0102,SIM-CUST-001,Kim Minjun,56359,2026-03-09T12:47:25,KR,Seoul,37.562289,126.963342,grocery-seoul-06,GROCERY,mobile-primary-sim-cust-001,CARD,12,0,0,0,0,0,0,NORMAL_BASELINE
SIM-CUST-014-NORMAL-0102,SIM-CUST-014,Shin Haein,92551,2026-03-09T13:26:06,KR,Daegu,35.859796,128.587155,dining-daegu-06,DINING,mobile-primary-sim-cust-014,E-PAY,13,0,0,0,0,0,0,NORMAL_BASELINE
SIM-CUST-020-NORMAL-0102,SIM-CUST-020,Moon Nari,44955,2026-03-09T13:44:48,KR,Daejeon,36.328309,127.406647,cafe-daejeon-06,CAFE,mobile-primary-sim-cust-020,E-PAY,13,0,0,0,0,0,0,NORMAL_BASELINE
SIM-CUST-005-NORMAL-0102,SIM-CUST-005,Jung Doyun,84526,2026-03-09T13:59:33,KR,Daejeon,36.336546,127.382223,grocery-daejeon-06,GROCERY,mobile-primary-sim-cust-005,CARD,13,0,0,0,0,0,0,NORMAL_BASELINE
SIM-CUST-012-NORMAL-0102,SIM-CUST-012,Oh Seoyeon,41741,2026-03-09T14:20:32,KR,Busan,35.181678,129.053866,dining-busan-06,DINING,mobile-primary-sim-cust-012,ACCOUNT,14,0,0,0,0,0,0,NORMAL_BASELINE
SIM-CUST-008-NORMAL-0102,SIM-CUST-008,Yoon Sumin,57617,2026-03-09T15:08:24,KR,Incheon,37.459424,126.681934,medical-incheon-06,MEDICAL,mobile-primary-sim-cust-008,CARD,15,0,0,0,0,0,0,NORMAL_BASELINE
SIM-CUST-018-NORMAL-0102,SIM-CUST-018,Song Sumin,54300,2026-03-09T16:38:14,KR,Incheon,37.469553,126.690456,dining-incheon-06,DINING,mobile-primary-sim-cust-018,ACCOUNT,16,0,0,0,0,0,0,NORMAL_BASELINE
SIM-CUST-010-NORMAL-0102,SIM-CUST-010,Lim Nari,49892,2026-03-09T18:14:58,KR,Daejeon,36.36486,127.36161,utility-daejeon-06,UTILITY,mobile-primary-sim-cust-010,CARD,18,0,0,0,0,0,0,NORMAL_BASELINE
SIM-CUST-002-NORMAL-0102,SIM-CUST-002,Lee Seoyeon,45587,2026-03-09T18:50:42,KR,Busan,35.200808,129.078825,dining-busan-06,DINING,mobile-primary-sim-cust-002,CARD,18,0,0,0,0,0,0,NORMAL_BASELINE
SIM-CUST-007-NORMAL-0102,SIM-CUST-007,Cho Hyunwoo,75713,2026-03-09T19:05:07,KR,Busan,35.160212,129.089847,shopping-busan-06,SHOPPING,mobile-primary-sim-cust-007,E-PAY,19,0,0,0,0,0,0,NORMAL_BASELINE
SIM-CUST-013-NORMAL-0102,SIM-CUST-013,Seo Jiho,110618,2026-03-09T19:23:49,KR,Incheon,37.479645,126.685107,cafe-incheon-06,CAFE,mobile-primary-sim-cust-013,CARD,19,0,0,0,0,0,0,NORMAL_BASELINE
SIM-CUST-019-NORMAL-0102,SIM-CUST-019,Hong Jiwon,153047,2026-03-09T19:41:31,KR,Daegu,35.860095,128.578847,grocery-daegu-06,GROCERY,mobile-primary-sim-cust-019,CARD,19,0,0,0,0,0,0,NORMAL_BASELINE
SIM-CUST-015-NORMAL-0102,SIM-CUST-015,Kwon Doyun,107164,2026-03-09T20:29:23,KR,Daejeon,36.367915,127.367569,cafe-daejeon-06,CAFE,mobile-primary-sim-cust-015,ACCOUNT,20,0,0,0,0,0,0,NORMAL_BASELINE
SIM-CUST-011-NORMAL-0102,SIM-CUST-011,Han Minjun,75308,2026-03-09T21:17:15,KR,Seoul,37.574463,126.995426,grocery-seoul-06,GROCERY,mobile-primary-sim-cust-011,E-PAY,21,0,0,0,0,0,0,NORMAL_BASELINE
SIM-CUST-016-NORMAL-0103,SIM-CUST-016,Hwang Yuna,80738,2026-03-10T09:39:14,KR,Seoul,37.580548,126.961603,dining-seoul-07,DINING,mobile-primary-sim-cust-016,CARD,9,1,0,0,0,0,0,NORMAL_BASELINE
SIM-CUST-019-NORMAL-0103,SIM-CUST-019,Hong Jiwon,143154,2026-03-10T09:48:05,KR,Daegu,35.88547,128.618085,grocery-daegu-07,GROCERY,mobile-primary-sim-cust-019,CARD,9,1,0,0,0,0,0,NORMAL_BASELINE
SIM-CUST-020-NORMAL-0103,SIM-CUST-020,Moon Nari,49702,2026-03-10T09:51:22,KR,Daejeon,36.345982,127.366001,dining-daejeon-07,DINING,mobile-primary-sim-cust-020,E-PAY,9,1,0,0,0,0,0,NORMAL_BASELINE
SIM-CUST-007-NORMAL-0103,SIM-CUST-007,Cho Hyunwoo,79485,2026-03-10T11:12:41,KR,Busan,35.155847,129.074733,utility-busan-07,UTILITY,mobile-primary-sim-cust-007,E-PAY,11,1,0,0,0,0,0,NORMAL_BASELINE
SIM-CUST-008-NORMAL-0103,SIM-CUST-008,Yoon Sumin,57904,2026-03-10T11:15:58,KR,Incheon,37.453721,126.728973,transport-incheon-07,TRANSPORT,mobile-primary-sim-cust-008,CARD,11,1,0,0,0,0,0,NORMAL_BASELINE
SIM-CUST-011-NORMAL-0103,SIM-CUST-011,Han Minjun,65953,2026-03-10T11:24:49,KR,Seoul,37.575395,127.002516,cafe-seoul-07,CAFE,mobile-primary-sim-cust-011,E-PAY,11,1,0,0,0,0,0,NORMAL_BASELINE
SIM-CUST-013-NORMAL-0103,SIM-CUST-013,Seo Jiho,116904,2026-03-10T11:30:23,KR,Incheon,37.439965,126.701991,utility-incheon-07,UTILITY,mobile-primary-sim-cust-013,CARD,11,1,0,0,0,0,0,NORMAL_BASELINE
SIM-CUST-003-NORMAL-0103,SIM-CUST-003,Park Jiho,81271,2026-03-10T12:00:33,KR,Incheon,37.460106,126.709074,online-incheon-07,ONLINE,mobile-primary-sim-cust-003,E-PAY,12,1,0,0,0,0,0,NORMAL_BASELINE
SIM-CUST-015-NORMAL-0103,SIM-CUST-015,Kwon Doyun,94001,2026-03-10T12:36:57,KR,Daejeon,36.349008,127.39514,dining-daejeon-07,DINING,mobile-primary-sim-cust-015,ACCOUNT,12,1,0,0,0,0,0,NORMAL_BASELINE
SIM-CUST-001-NORMAL-0103,SIM-CUST-001,Kim Minjun,60196,2026-03-10T12:54:59,KR,Seoul,37.588803,126.953977,grocery-seoul-07,GROCERY,mobile-primary-sim-cust-001,CARD,12,1,0,0,0,0,0,NORMAL_BASELINE
SIM-CUST-010-NORMAL-0103,SIM-CUST-010,Lim Nari,52831,2026-03-10T13:21:32,KR,Daejeon,36.360061,127.382827,utility-daejeon-07,UTILITY,mobile-primary-sim-cust-010,CARD,13,1,0,0,0,0,0,NORMAL_BASELINE
SIM-CUST-014-NORMAL-0103,SIM-CUST-014,Shin Haein,112339,2026-03-10T13:33:40,KR,Daegu,35.85948,128.592281,utility-daegu-07,UTILITY,mobile-primary-sim-cust-014,E-PAY,13,1,0,0,0,0,0,NORMAL_BASELINE
SIM-CUST-006-NORMAL-0103,SIM-CUST-006,Kang Yuna,120901,2026-03-10T15:09:24,KR,Seoul,37.561351,126.99125,cafe-seoul-07,CAFE,mobile-primary-sim-cust-006,ACCOUNT,15,1,0,0,0,0,0,NORMAL_BASELINE
SIM-CUST-009-NORMAL-0103,SIM-CUST-009,Jang Jiwon,180512,2026-03-10T15:18:15,KR,Daegu,35.852866,128.619564,utility-daegu-07,UTILITY,web-trusted-sim-cust-009,ACCOUNT,15,1,0,0,0,0,0,NORMAL_BASELINE
SIM-CUST-018-NORMAL-0103,SIM-CUST-018,Song Sumin,67522,2026-03-10T15:45:48,KR,Incheon,37.448414,126.681236,grocery-incheon-07,GROCERY,mobile-primary-sim-cust-018,ACCOUNT,15,1,0,0,0,0,0,NORMAL_BASELINE
SIM-CUST-012-NORMAL-0103,SIM-CUST-012,Oh Seoyeon,48931,2026-03-10T16:27:06,KR,Busan,35.163987,129.060686,dining-busan-07,DINING,mobile-primary-sim-cust-012,ACCOUNT,16,1,0,0,0,0,0,NORMAL_BASELINE
SIM-CUST-004-NORMAL-0103,SIM-CUST-004,Choi Haein,42834,2026-03-10T19:03:50,KR,Daegu,35.869323,128.613795,grocery-daegu-07,GROCERY,mobile-primary-sim-cust-004,CARD,19,1,0,0,0,0,0,NORMAL_BASELINE
SIM-CUST-017-NORMAL-0103,SIM-CUST-017,Ahn Hyunwoo,63858,2026-03-10T19:42:31,KR,Busan,35.155684,129.070212,medical-busan-07,MEDICAL,mobile-primary-sim-cust-017,E-PAY,19,1,0,0,0,0,0,NORMAL_BASELINE
SIM-CUST-002-NORMAL-0103,SIM-CUST-002,Lee Seoyeon,44859,2026-03-10T19:57:16,KR,Busan,35.203149,129.066407,transport-busan-07,TRANSPORT,mobile-primary-sim-cust-002,CARD,19,1,0,0,0,0,0,NORMAL_BASELINE
SIM-CUST-005-NORMAL-0103,SIM-CUST-005,Jung Doyun,98042,2026-03-10T20:06:07,KR,Daejeon,36.361233,127.377665,dining-daejeon-07,DINING,mobile-primary-sim-cust-005,CARD,20,1,0,0,0,0,0,NORMAL_BASELINE
SIM-CUST-006-NORMAL-0104,SIM-CUST-006,Kang Yuna,141513,2026-03-11T09:16:58,KR,Seoul,37.545716,126.999579,transfer-seoul-08,TRANSFER,mobile-primary-sim-cust-006,ACCOUNT,9,2,0,0,0,0,0,NORMAL_BASELINE
SIM-CUST-012-NORMAL-0104,SIM-CUST-012,Oh Seoyeon,40752,2026-03-11T09:34:40,KR,Busan,35.183106,129.052844,dining-busan-08,DINING,mobile-primary-sim-cust-012,ACCOUNT,9,2,0,0,0,0,0,NORMAL_BASELINE
SIM-CUST-020-NORMAL-0104,SIM-CUST-020,Moon Nari,47982,2026-03-11T09:58:56,KR,Daejeon,36.330003,127.403122,cafe-daejeon-08,CAFE,mobile-primary-sim-cust-020,E-PAY,9,2,0,0,0,0,0,NORMAL_BASELINE
SIM-CUST-013-NORMAL-0104,SIM-CUST-013,Seo Jiho,105838,2026-03-11T11:37:57,KR,Incheon,37.469683,126.692701,online-incheon-08,ONLINE,mobile-primary-sim-cust-013,CARD,11,2,0,0,0,0,0,NORMAL_BASELINE
SIM-CUST-015-NORMAL-0104,SIM-CUST-015,Kwon Doyun,96401,2026-03-11T11:43:31,KR,Daejeon,36.370122,127.36985,transport-daejeon-08,TRANSPORT,mobile-primary-sim-cust-015,ACCOUNT,11,2,0,0,0,0,0,NORMAL_BASELINE
SIM-CUST-002-NORMAL-0104,SIM-CUST-002,Lee Seoyeon,46720,2026-03-11T13:04:50,KR,Busan,35.169741,129.064334,cafe-busan-08,CAFE,mobile-primary-sim-cust-002,CARD,13,2,0,0,0,0,0,NORMAL_BASELINE
SIM-CUST-010-NORMAL-0104,SIM-CUST-010,Lim Nari,54628,2026-03-11T13:28:06,KR,Daejeon,36.373029,127.376076,utility-daejeon-08,UTILITY,mobile-primary-sim-cust-010,CARD,13,2,0,0,0,0,0,NORMAL_BASELINE
SIM-CUST-014-NORMAL-0104,SIM-CUST-014,Shin Haein,104964,2026-03-11T13:40:14,KR,Daegu,35.859435,128.579132,online-daegu-08,ONLINE,mobile-primary-sim-cust-014,E-PAY,13,2,0,0,0,0,0,NORMAL_BASELINE
SIM-CUST-017-NORMAL-0104,SIM-CUST-017,Ahn Hyunwoo,72785,2026-03-11T13:49:05,KR,Busan,35.168483,129.060097,online-busan-08,ONLINE,mobile-primary-sim-cust-017,E-PAY,13,2,0,0,0,0,0,NORMAL_BASELINE
SIM-CUST-009-NORMAL-0104,SIM-CUST-009,Jang Jiwon,182709,2026-03-11T15:25:49,KR,Daegu,35.88359,128.603758,transfer-daegu-08,TRANSFER,mobile-primary-sim-cust-009,ACCOUNT,15,2,0,0,0,0,0,NORMAL_BASELINE
SIM-CUST-008-NORMAL-0104,SIM-CUST-008,Yoon Sumin,70207,2026-03-11T16:22:32,KR,Incheon,37.451528,126.705171,medical-incheon-08,MEDICAL,mobile-primary-sim-cust-008,CARD,16,2,0,0,0,0,0,NORMAL_BASELINE
SIM-CUST-018-NORMAL-0104,SIM-CUST-018,Song Sumin,67782,2026-03-11T16:52:22,KR,Incheon,37.461628,126.698848,cafe-incheon-08,CAFE,mobile-primary-sim-cust-018,ACCOUNT,16,2,0,0,0,0,0,NORMAL_BASELINE
SIM-CUST-016-NORMAL-0104,SIM-CUST-016,Hwang Yuna,74089,2026-03-11T18:46:48,KR,Seoul,37.57232,126.989993,online-seoul-08,ONLINE,mobile-primary-sim-cust-016,CARD,18,2,0,0,0,0,0,NORMAL_BASELINE
SIM-CUST-004-NORMAL-0104,SIM-CUST-004,Choi Haein,36234,2026-03-11T19:10:24,KR,Daegu,35.887398,128.580142,transport-daegu-08,TRANSPORT,mobile-primary-sim-cust-004,CARD,19,2,0,0,0,0,0,NORMAL_BASELINE
SIM-CUST-005-NORMAL-0104,SIM-CUST-005,Jung Doyun,102846,2026-03-11T19:13:41,KR,Daejeon,36.336487,127.376568,dining-daejeon-08,DINING,mobile-primary-sim-cust-005,CARD,19,2,0,0,0,0,0,NORMAL_BASELINE
SIM-CUST-011-NORMAL-0104,SIM-CUST-011,Han Minjun,69849,2026-03-11T19:31:23,KR,Seoul,37.555652,126.987819,grocery-seoul-08,GROCERY,mobile-primary-sim-cust-011,E-PAY,19,2,0,0,0,0,0,NORMAL_BASELINE
SIM-CUST-019-NORMAL-0104,SIM-CUST-019,Hong Jiwon,149696,2026-03-11T19:55:39,KR,Daegu,35.86707,128.620465,grocery-daegu-08,GROCERY,mobile-primary-sim-cust-019,CARD,19,2,0,0,0,0,0,NORMAL_BASELINE
SIM-CUST-001-NORMAL-0104,SIM-CUST-001,Kim Minjun,56967,2026-03-11T20:01:33,KR,Seoul,37.588637,126.967931,cafe-seoul-08,CAFE,mobile-primary-sim-cust-001,CARD,20,2,0,0,0,0,0,NORMAL_BASELINE
SIM-CUST-007-NORMAL-0104,SIM-CUST-007,Cho Hyunwoo,78444,2026-03-11T21:19:15,KR,Busan,35.178774,129.094294,shopping-busan-08,SHOPPING,mobile-primary-sim-cust-007,E-PAY,21,2,0,0,0,0,0,NORMAL_BASELINE
SIM-CUST-003-NORMAL-0104,SIM-CUST-003,Park Jiho,70265,2026-03-11T22:07:07,KR,Incheon,37.475113,126.729485,online-incheon-08,ONLINE,mobile-primary-sim-cust-003,E-PAY,22,2,0,0,0,0,0,NORMAL_BASELINE
SIM-CUST-002-NORMAL-0105,SIM-CUST-002,Lee Seoyeon,43043,2026-03-12T08:11:24,KR,Busan,35.177687,129.05248,grocery-busan-09,GROCERY,mobile-primary-sim-cust-002,CARD,8,3,0,0,0,0,0,NORMAL_BASELINE
SIM-CUST-016-NORMAL-0105,SIM-CUST-016,Hwang Yuna,74314,2026-03-12T08:53:22,KR,Seoul,37.587209,126.957522,shopping-seoul-09,SHOPPING,mobile-primary-sim-cust-016,CARD,8,3,0,0,0,0,0,NORMAL_BASELINE
SIM-CUST-018-NORMAL-0105,SIM-CUST-018,Song Sumin,66378,2026-03-12T09:59:56,KR,Incheon,37.450183,126.719603,cafe-incheon-09,CAFE,mobile-primary-sim-cust-018,ACCOUNT,9,3,0,0,0,0,0,NORMAL_BASELINE
SIM-CUST-019-NORMAL-0105,SIM-CUST-019,Hong Jiwon,146994,2026-03-12T10:02:13,KR,Daegu,35.884853,128.600062,grocery-daegu-09,GROCERY,mobile-primary-sim-cust-019,CARD,10,3,0,0,0,0,0,NORMAL_BASELINE
SIM-CUST-008-NORMAL-0105,SIM-CUST-008,Yoon Sumin,71018,2026-03-12T10:29:06,KR,Incheon,37.439103,126.728708,utility-incheon-09,UTILITY,mobile-primary-sim-cust-008,CARD,10,3,0,0,0,0,0,NORMAL_BASELINE
SIM-CUST-001-NORMAL-0105,SIM-CUST-001,Kim Minjun,64020,2026-03-12T12:08:07,KR,Seoul,37.562451,126.990376,online-seoul-09,ONLINE,mobile-primary-sim-cust-001,CARD,12,3,0,0,0,0,0,NORMAL_BASELINE
SIM-CUST-011-NORMAL-0105,SIM-CUST-011,Han Minjun,70877,2026-03-12T12:38:57,KR,Seoul,37.546366,126.969171,dining-seoul-09,DINING,mobile-primary-sim-cust-011,E-PAY,12,3,0,0,0,0,0,NORMAL_BASELINE
SIM-CUST-013-NORMAL-0105,SIM-CUST-013,Seo Jiho,111340,2026-03-12T12:44:31,KR,Incheon,37.43558,126.708533,cafe-incheon-09,CAFE,mobile-primary-sim-cust-013,CARD,12,3,0,0,0,0,0,NORMAL_BASELINE
SIM-CUST-014-NORMAL-0105,SIM-CUST-014,Shin Haein,103842,2026-03-12T13:47:48,KR,Daegu,35.887326,128.591826,dining-daegu-09,DINING,mobile-primary-sim-cust-014,E-PAY,13,3,0,0,0,0,0,NORMAL_BASELINE
SIM-CUST-009-NORMAL-0105,SIM-CUST-009,Jang Jiwon,168328,2026-03-12T14:32:23,KR,Daegu,35.855301,128.624652,grocery-daegu-09,GROCERY,mobile-primary-sim-cust-009,ACCOUNT,14,3,0,0,0,0,0,NORMAL_BASELINE
SIM-CUST-006-NORMAL-0105,SIM-CUST-006,Kang Yuna,130792,2026-03-12T15:23:32,KR,Seoul,37.555709,126.984324,transfer-seoul-09,TRANSFER,mobile-primary-sim-cust-006,ACCOUNT,15,3,0,0,0,0,0,NORMAL_BASELINE
SIM-CUST-012-NORMAL-0105,SIM-CUST-012,Oh Seoyeon,43621,2026-03-12T15:41:14,KR,Busan,35.201775,129.051024,dining-busan-09,DINING,mobile-primary-sim-cust-012,ACCOUNT,15,3,0,0,0,0,0,NORMAL_BASELINE
SIM-CUST-020-NORMAL-0105,SIM-CUST-020,Moon Nari,47545,2026-03-12T19:05:30,KR,Daejeon,36.344624,127.361885,cafe-daejeon-09,CAFE,mobile-primary-sim-cust-020,E-PAY,19,3,0,0,0,0,0,NORMAL_BASELINE
SIM-CUST-004-NORMAL-0105,SIM-CUST-004,Choi Haein,41579,2026-03-12T19:17:58,KR,Daegu,35.852935,128.590984,transport-daegu-09,TRANSPORT,mobile-primary-sim-cust-004,CARD,19,3,0,0,0,0,0,NORMAL_BASELINE
SIM-CUST-007-NORMAL-0105,SIM-CUST-007,Cho Hyunwoo,75413,2026-03-12T19:26:49,KR,Busan,35.19819,129.091707,dining-busan-09,DINING,mobile-primary-sim-cust-007,E-PAY,19,3,0,0,0,0,0,NORMAL_BASELINE
SIM-CUST-010-NORMAL-0105,SIM-CUST-010,Lim Nari,48401,2026-03-12T19:35:40,KR,Daejeon,36.374894,127.377641,utility-daejeon-09,UTILITY,web-trusted-sim-cust-010,CARD,19,3,0,0,0,0,0,NORMAL_BASELINE
SIM-CUST-015-NORMAL-0105,SIM-CUST-015,Kwon Doyun,106769,2026-03-12T20:50:05,KR,Daejeon,36.347583,127.371594,grocery-daejeon-09,GROCERY,mobile-primary-sim-cust-015,ACCOUNT,20,3,0,0,0,0,0,NORMAL_BASELINE
SIM-CUST-017-NORMAL-0105,SIM-CUST-017,Ahn Hyunwoo,66788,2026-03-12T20:56:39,KR,Busan,35.201967,129.058591,dining-busan-09,DINING,mobile-primary-sim-cust-017,E-PAY,20,3,0,0,0,0,0,NORMAL_BASELINE
SIM-CUST-003-NORMAL-0105,SIM-CUST-003,Park Jiho,72096,2026-03-12T21:14:41,KR,Incheon,37.434348,126.727626,online-incheon-09,ONLINE,mobile-primary-sim-cust-003,E-PAY,21,3,0,0,0,0,0,NORMAL_BASELINE
SIM-CUST-005-NORMAL-0105,SIM-CUST-005,Jung Doyun,93105,2026-03-12T21:20:15,KR,Daejeon,36.351499,127.394605,transport-daejeon-09,TRANSPORT,mobile-primary-sim-cust-005,CARD,21,3,0,0,0,0,0,NORMAL_BASELINE
SIM-CUST-020-NORMAL-0106,SIM-CUST-020,Moon Nari,44699,2026-03-13T09:12:04,KR,Daejeon,36.32874,127.398387,cafe-daejeon-10,CAFE,mobile-primary-sim-cust-020,E-PAY,9,4,0,0,0,0,0,NORMAL_BASELINE
SIM-CUST-004-NORMAL-0106,SIM-CUST-004,Choi Haein,33110,2026-03-13T09:24:32,KR,Daegu,35.887995,128.592713,utility-daegu-10,UTILITY,mobile-primary-sim-cust-004,CARD,9,4,0,0,0,0,0,NORMAL_BASELINE
SIM-CUST-018-NORMAL-0106,SIM-CUST-018,Song Sumin,51923,2026-03-13T10:06:30,KR,Incheon,37.445007,126.715947,transfer-incheon-10,TRANSFER,mobile-primary-sim-cust-018,ACCOUNT,10,4,0,0,0,0,0,NORMAL_BASELINE
SIM-CUST-006-NORMAL-0106,SIM-CUST-006,Kang Yuna,108797,2026-03-13T10:30:06,KR,Seoul,37.543258,126.970842,grocery-seoul-10,GROCERY,mobile-primary-sim-cust-006,ACCOUNT,10,4,0,0,0,0,0,NORMAL_BASELINE
SIM-CUST-005-NORMAL-0106,SIM-CUST-005,Jung Doyun,82880,2026-03-13T11:27:49,KR,Daejeon,36.366492,127.396626,utility-daejeon-10,UTILITY,mobile-primary-sim-cust-005,CARD,11,4,0,0,0,0,0,NORMAL_BASELINE
SIM-CUST-015-NORMAL-0106,SIM-CUST-015,Kwon Doyun,86806,2026-03-13T11:57:39,KR,Daejeon,36.330958,127.3897,transport-daejeon-10,TRANSPORT,mobile-primary-sim-cust-015,ACCOUNT,11,4,0,0,0,0,0,NORMAL_BASELINE
SIM-CUST-002-NORMAL-0106,SIM-CUST-002,Lee Seoyeon,36530,2026-03-13T12:18:58,KR,Busan,35.197813,129.093365,online-busan-10,ONLINE,mobile-primary-sim-cust-002,CARD,12,4,0,0,0,0,0,NORMAL_BASELINE
SIM-CUST-010-NORMAL-0106,SIM-CUST-010,Lim Nari,44915,2026-03-13T12:42:14,KR,Daejeon,36.33252,127.38152,grocery-daejeon-10,GROCERY,mobile-primary-sim-cust-010,CARD,12,4,0,0,0,0,0,NORMAL_BASELINE
SIM-CUST-009-NORMAL-0106,SIM-CUST-009,Jang Jiwon,158367,2026-03-13T13:39:57,KR,Daegu,35.854547,128.615375,transfer-daegu-10,TRANSFER,mobile-primary-sim-cust-009,ACCOUNT,13,4,0,0,0,0,0,NORMAL_BASELINE
SIM-CUST-014-NORMAL-0106,SIM-CUST-014,Shin Haein,99608,2026-03-13T13:54:22,KR,Daegu,35.873201,128.615378,utility-daegu-10,UTILITY,mobile-primary-sim-cust-014,E-PAY,13,4,0,0,0,0,0,NORMAL_BASELINE
SIM-CUST-012-NORMAL-0106,SIM-CUST-012,Oh Seoyeon,42859,2026-03-13T14:48:48,KR,Busan,35.179611,129.066324,dining-busan-10,DINING,mobile-primary-sim-cust-012,ACCOUNT,14,4,0,0,0,0,0,NORMAL_BASELINE
SIM-CUST-008-NORMAL-0106,SIM-CUST-008,Yoon Sumin,52551,2026-03-13T16:36:40,KR,Incheon,37.466573,126.703896,transport-incheon-10,TRANSPORT,mobile-primary-sim-cust-008,CARD,16,4,0,0,0,0,0,NORMAL_BASELINE
SIM-CUST-016-NORMAL-0106,SIM-CUST-016,Hwang Yuna,66001,2026-03-13T18:00:56,KR,Seoul,37.55081,126.972135,shopping-seoul-10,SHOPPING,mobile-primary-sim-cust-016,CARD,18,4,0,0,0,0,0,NORMAL_BASELINE
SIM-CUST-001-NORMAL-0106,SIM-CUST-001,Kim Minjun,53654,2026-03-13T18:15:41,KR,Seoul,37.565911,126.966647,online-seoul-10,ONLINE,mobile-primary-sim-cust-001,CARD,18,4,0,0,0,0,0,NORMAL_BASELINE
SIM-CUST-013-NORMAL-0106,SIM-CUST-013,Seo Jiho,91687,2026-03-13T19:51:05,KR,Incheon,37.47042,126.721893,grocery-incheon-10,GROCERY,mobile-primary-sim-cust-013,CARD,19,4,0,0,0,0,0,NORMAL_BASELINE
SIM-CUST-019-NORMAL-0106,SIM-CUST-019,Hong Jiwon,137666,2026-03-13T20:09:47,KR,Daegu,35.863792,128.608613,grocery-daegu-10,GROCERY,mobile-primary-sim-cust-019,CARD,20,4,0,0,0,0,0,NORMAL_BASELINE
SIM-CUST-011-NORMAL-0106,SIM-CUST-011,Han Minjun,53204,2026-03-13T20:45:31,KR,Seoul,37.588229,126.968204,online-seoul-10,ONLINE,mobile-primary-sim-cust-011,E-PAY,20,4,0,0,0,0,0,NORMAL_BASELINE
SIM-CUST-017-NORMAL-0106,SIM-CUST-017,Ahn Hyunwoo,63802,2026-03-13T21:03:13,KR,Busan,35.157945,129.066764,medical-busan-10,MEDICAL,mobile-primary-sim-cust-017,E-PAY,21,4,0,0,0,0,0,NORMAL_BASELINE
SIM-CUST-007-NORMAL-0106,SIM-CUST-007,Cho Hyunwoo,63785,2026-03-13T21:33:23,KR,Busan,35.190829,129.073568,dining-busan-10,DINING,mobile-primary-sim-cust-007,E-PAY,21,4,0,0,0,0,0,NORMAL_BASELINE
SIM-CUST-003-NORMAL-0106,SIM-CUST-003,Park Jiho,66060,2026-03-13T22:21:15,KR,Incheon,37.45266,126.704981,utility-incheon-10,UTILITY,mobile-primary-sim-cust-003,E-PAY,22,4,0,0,0,0,0,NORMAL_BASELINE
SIM-CUST-014-NORMAL-0107,SIM-CUST-014,Shin Haein,95094,2026-03-14T08:01:56,KR,Daegu,35.862884,128.606648,utility-daegu-11,UTILITY,mobile-primary-sim-cust-014,E-PAY,8,5,0,0,0,0,0,NORMAL_BASELINE
SIM-CUST-020-NORMAL-0107,SIM-CUST-020,Moon Nari,41292,2026-03-14T08:19:38,KR,Daejeon,36.352077,127.362858,grocery-daejeon-11,GROCERY,mobile-primary-sim-cust-020,E-PAY,8,5,0,0,0,0,0,NORMAL_BASELINE
SIM-CUST-020-N-TRAVEL-FOREIGN,SIM-CUST-020,Moon Nari,60849,2026-03-14T08:41:10,US,New York,40.7128,-74.006,travel-new-york-01,HOTEL,mobile-primary-sim-cust-020,E-PAY,8,5,1,0,0,0,0,NORMAL_TRAVEL_FOREIGN
SIM-CUST-016-NORMAL-0107,SIM-CUST-016,Hwang Yuna,66614,2026-03-14T09:07:30,KR,Seoul,37.55835,126.974888,online-seoul-11,ONLINE,mobile-primary-sim-cust-016,CARD,9,5,0,0,0,0,0,NORMAL_BASELINE
SIM-CUST-013-NORMAL-0107,SIM-CUST-013,Seo Jiho,98894,2026-03-14T09:58:39,KR,Incheon,37.446963,126.726944,online-incheon-11,ONLINE,mobile-primary-sim-cust-013,CARD,9,5,0,0,0,0,0,NORMAL_BASELINE
SIM-CUST-018-NORMAL-0107,SIM-CUST-018,Song Sumin,59267,2026-03-14T10:13:04,KR,Incheon,37.479333,126.714525,grocery-incheon-11,GROCERY,mobile-primary-sim-cust-018,ACCOUNT,10,5,0,0,0,0,0,NORMAL_BASELINE
SIM-CUST-009-NORMAL-0107,SIM-CUST-009,Jang Jiwon,163835,2026-03-14T10:46:31,KR,Daegu,35.854107,128.591327,cafe-daegu-11,CAFE,mobile-primary-sim-cust-009,ACCOUNT,10,5,0,0,0,0,0,NORMAL_BASELINE
SIM-CUST-008-NORMAL-0107,SIM-CUST-008,Yoon Sumin,58696,2026-03-14T11:43:14,KR,Incheon,37.481003,126.713544,transport-incheon-11,TRANSPORT,mobile-primary-sim-cust-008,CARD,11,5,0,0,0,0,0,NORMAL_BASELINE
SIM-CUST-017-A-STEALTH-SMALL-TEST,SIM-CUST-017,Ahn Hyunwoo,7000,2026-03-14T12:03:21,KR,Busan,35.1796,129.0756,digital-test-01-sim-cust-017,DIGITAL,mobile-primary-sim-cust-017,E-PAY,12,5,0,0,0,0,0,STEALTH_PRECURSOR_SMALL_TEST
SIM-CUST-015-NORMAL-0107,SIM-CUST-015,Kwon Doyun,96302,2026-03-14T12:04:13,KR,Daejeon,36.337643,127.395602,online-daejeon-11,ONLINE,mobile-primary-sim-cust-015,ACCOUNT,12,5,0,0,0,0,0,NORMAL_BASELINE
SIM-CUST-017-A-STEALTH-LARGE-FOLLOWUP,SIM-CUST-017,Ahn Hyunwoo,176672,2026-03-14T12:07:21,KR,Busan,35.1796,129.0756,electronics-followup-01-sim-cust-017,ELECTRONICS,mobile-primary-sim-cust-017,E-PAY,12,5,0,0,0,0,1,SMALL_TEST_THEN_LARGE
SIM-CUST-019-NORMAL-0107,SIM-CUST-019,Hong Jiwon,148241,2026-03-14T12:16:21,KR,Daegu,35.888373,128.624575,grocery-daegu-11,GROCERY,mobile-primary-sim-cust-019,CARD,12,5,0,0,0,0,0,NORMAL_BASELINE
SIM-CUST-017-A-STEALTH-REPEAT-1,SIM-CUST-017,Ahn Hyunwoo,82350,2026-03-14T12:21:21,KR,Busan,35.1796,129.0756,same-amount-01-sim-cust-017,ONLINE,mobile-primary-sim-cust-017,E-PAY,12,5,0,0,0,0,0,STEALTH_PRECURSOR_REPEAT_FIRST
SIM-CUST-001-NORMAL-0107,SIM-CUST-001,Kim Minjun,47740,2026-03-14T12:22:15,KR,Seoul,37.575457,126.973216,grocery-seoul-11,GROCERY,mobile-primary-sim-cust-001,CARD,12,5,0,0,0,0,0,NORMAL_BASELINE
SIM-CUST-017-A-STEALTH-REPEAT-2,SIM-CUST-017,Ahn Hyunwoo,82350,2026-03-14T12:24:21,KR,Busan,35.1796,129.0756,same-amount-02-sim-cust-017,ONLINE,mobile-primary-sim-cust-017,E-PAY,12,5,0,0,0,0,1,SAME_AMOUNT_REPEATED
SIM-CUST-017-A-STEALTH-REPEAT-3,SIM-CUST-017,Ahn Hyunwoo,82350,2026-03-14T12:27:21,KR,Busan,35.1796,129.0756,same-amount-03-sim-cust-017,ONLINE,mobile-primary-sim-cust-017,E-PAY,12,5,0,0,0,0,1,SAME_AMOUNT_REPEATED
SIM-CUST-003-NORMAL-0107,SIM-CUST-003,Park Jiho,67551,2026-03-14T12:28:49,KR,Incheon,37.47059,126.696137,utility-incheon-11,UTILITY,mobile-primary-sim-cust-003,E-PAY,12,5,0,0,0,0,0,NORMAL_BASELINE
SIM-CUST-017-A-STEALTH-DISTRIBUTED-1,SIM-CUST-017,Ahn Hyunwoo,73200,2026-03-14T12:43:21,KR,Busan,35.1796,129.0756,distributed-cafe-01-sim-cust-017,CAFE,mobile-primary-sim-cust-017,E-PAY,12,5,0,0,0,0,1,RAPID_DISTRIBUTED_MERCHANTS
SIM-CUST-017-A-STEALTH-DISTRIBUTED-2,SIM-CUST-017,Ahn Hyunwoo,79300,2026-03-14T12:49:21,KR,Busan,35.1796,129.0756,distributed-grocery-01-sim-cust-017,GROCERY,mobile-primary-sim-cust-017,E-PAY,12,5,0,0,0,0,1,RAPID_DISTRIBUTED_MERCHANTS
SIM-CUST-017-A-STEALTH-DISTRIBUTED-3,SIM-CUST-017,Ahn Hyunwoo,85400,2026-03-14T12:55:21,KR,Busan,35.1796,129.0756,distributed-dining-01-sim-cust-017,DINING,mobile-primary-sim-cust-017,E-PAY,12,5,0,0,0,0,1,RAPID_DISTRIBUTED_MERCHANTS
SIM-CUST-017-A-STEALTH-NEW-CATEGORY,SIM-CUST-017,Ahn Hyunwoo,157504,2026-03-14T13:23:21,KR,Busan,35.1796,129.0756,new-category-jewelry-01-sim-cust-017,JEWELRY,mobile-primary-sim-cust-017,E-PAY,13,5,0,0,0,0,1,DOMESTIC_NEW_CATEGORY_HIGH_AMOUNT
SIM-CUST-006-NORMAL-0107,SIM-CUST-006,Kang Yuna,118441,2026-03-14T14:37:40,KR,Seoul,37.585045,126.999743,online-seoul-11,ONLINE,mobile-primary-sim-cust-006,ACCOUNT,14,5,0,0,0,0,0,NORMAL_BASELINE
SIM-CUST-012-NORMAL-0107,SIM-CUST-012,Oh Seoyeon,43516,2026-03-14T15:55:22,KR,Busan,35.189733,129.055469,dining-busan-11,DINING,mobile-primary-sim-cust-012,ACCOUNT,15,5,0,0,0,0,0,NORMAL_BASELINE
SIM-CUST-002-NORMAL-0107,SIM-CUST-002,Lee Seoyeon,39945,2026-03-14T18:25:32,KR,Busan,35.183616,129.098312,cafe-busan-11,CAFE,mobile-primary-sim-cust-002,CARD,18,5,0,0,0,0,0,NORMAL_BASELINE
SIM-CUST-004-NORMAL-0107,SIM-CUST-004,Choi Haein,30936,2026-03-14T18:31:06,KR,Daegu,35.856536,128.615397,transport-daegu-11,TRANSPORT,mobile-primary-sim-cust-004,CARD,18,5,0,0,0,0,0,NORMAL_BASELINE
SIM-CUST-017-NORMAL-0107,SIM-CUST-017,Ahn Hyunwoo,53335,2026-03-14T19:10:47,KR,Busan,35.180538,129.075312,cafe-busan-11,CAFE,mobile-primary-sim-cust-017,E-PAY,19,5,0,0,0,0,0,NORMAL_BASELINE
SIM-CUST-005-NORMAL-0107,SIM-CUST-005,Jung Doyun,86223,2026-03-14T19:34:23,KR,Daejeon,36.334777,127.406011,dining-daejeon-11,DINING,mobile-primary-sim-cust-005,CARD,19,5,0,0,0,0,0,NORMAL_BASELINE
SIM-CUST-010-NORMAL-0107,SIM-CUST-010,Lim Nari,43401,2026-03-14T20:49:48,KR,Daejeon,36.374165,127.369456,utility-daejeon-11,UTILITY,mobile-primary-sim-cust-010,CARD,20,5,0,0,0,0,0,NORMAL_BASELINE
SIM-CUST-007-NORMAL-0107,SIM-CUST-007,Cho Hyunwoo,67520,2026-03-14T21:40:57,KR,Busan,35.156801,129.093006,shopping-busan-11,SHOPPING,mobile-primary-sim-cust-007,E-PAY,21,5,0,0,0,0,0,NORMAL_BASELINE
SIM-CUST-011-NORMAL-0107,SIM-CUST-011,Han Minjun,55028,2026-03-14T21:52:05,KR,Seoul,37.576298,126.967554,cafe-seoul-11,CAFE,web-trusted-sim-cust-011,E-PAY,21,5,0,0,0,0,0,NORMAL_BASELINE
SIM-CUST-014-NORMAL-0108,SIM-CUST-014,Shin Haein,83160,2026-03-15T08:08:30,KR,Daegu,35.865359,128.615422,utility-daegu-12,UTILITY,mobile-primary-sim-cust-014,E-PAY,8,6,0,0,0,0,0,NORMAL_BASELINE
SIM-CUST-016-NORMAL-0108,SIM-CUST-016,Hwang Yuna,74942,2026-03-15T09:14:04,KR,Seoul,37.557638,126.958574,dining-seoul-12,DINING,mobile-primary-sim-cust-016,CARD,9,6,0,0,0,0,0,NORMAL_BASELINE
SIM-CUST-020-NORMAL-0108,SIM-CUST-020,Moon Nari,41095,2026-03-15T09:26:12,KR,Daejeon,36.329859,127.366133,cafe-daejeon-12,CAFE,mobile-primary-sim-cust-020,E-PAY,9,6,0,0,0,0,0,NORMAL_BASELINE
SIM-CUST-015-NORMAL-0108,SIM-CUST-015,Kwon Doyun,79108,2026-03-15T10:11:47,KR,Daejeon,36.359244,127.402853,transport-daejeon-12,TRANSPORT,mobile-primary-sim-cust-015,ACCOUNT,10,6,0,0,0,0,0,NORMAL_BASELINE
SIM-CUST-001-NORMAL-0108,SIM-CUST-001,Kim Minjun,55201,2026-03-15T10:29:49,KR,Seoul,37.590536,126.979706,online-seoul-12,ONLINE,mobile-primary-sim-cust-001,CARD,10,6,0,0,0,0,0,NORMAL_BASELINE
SIM-CUST-007-NORMAL-0108,SIM-CUST-007,Cho Hyunwoo,78045,2026-03-15T10:47:31,KR,Busan,35.159755,129.088909,shopping-busan-12,SHOPPING,mobile-primary-sim-cust-007,E-PAY,10,6,0,0,0,0,0,NORMAL_BASELINE
SIM-CUST-019-NORMAL-0108,SIM-CUST-019,Hong Jiwon,129080,2026-03-15T11:23:55,KR,Daegu,35.89164,128.577257,grocery-daegu-12,GROCERY,mobile-primary-sim-cust-019,CARD,11,6,0,0,0,0,0,NORMAL_BASELINE
SIM-CUST-017-NORMAL-0108,SIM-CUST-017,Ahn Hyunwoo,52183,2026-03-15T12:17:21,KR,Busan,35.17,129.05853,grocery-busan-12,GROCERY,mobile-primary-sim-cust-017,E-PAY,12,6,0,0,0,0,0,NORMAL_BASELINE
SIM-CUST-011-NORMAL-0108,SIM-CUST-011,Han Minjun,65229,2026-03-15T12:59:39,KR,Seoul,37.551283,126.985562,cafe-seoul-12,CAFE,mobile-primary-sim-cust-011,E-PAY,12,6,0,0,0,0,0,NORMAL_BASELINE
SIM-CUST-009-NORMAL-0108,SIM-CUST-009,Jang Jiwon,164618,2026-03-15T13:53:05,KR,Daegu,35.891587,128.606576,dining-daegu-12,DINING,mobile-primary-sim-cust-009,ACCOUNT,13,6,0,0,0,0,0,NORMAL_BASELINE
SIM-CUST-012-NORMAL-0108,SIM-CUST-012,Oh Seoyeon,39647,2026-03-15T15:02:56,KR,Busan,35.179709,129.089353,utility-busan-12,UTILITY,mobile-primary-sim-cust-012,ACCOUNT,15,6,0,0,0,0,0,NORMAL_BASELINE
SIM-CUST-018-NORMAL-0108,SIM-CUST-018,Song Sumin,57633,2026-03-15T16:20:38,KR,Incheon,37.453912,126.720205,transfer-incheon-12,TRANSFER,mobile-primary-sim-cust-018,ACCOUNT,16,6,0,0,0,0,0,NORMAL_BASELINE
SIM-CUST-006-NORMAL-0108,SIM-CUST-006,Kang Yuna,134116,2026-03-15T16:44:14,KR,Seoul,37.576381,126.961852,grocery-seoul-12,GROCERY,mobile-primary-sim-cust-006,ACCOUNT,16,6,0,0,0,0,0,NORMAL_BASELINE
SIM-CUST-008-NORMAL-0108,SIM-CUST-008,Yoon Sumin,61607,2026-03-15T16:50:48,KR,Incheon,37.448234,126.685816,dining-incheon-12,DINING,mobile-primary-sim-cust-008,CARD,16,6,0,0,0,0,0,NORMAL_BASELINE
SIM-CUST-010-NORMAL-0108,SIM-CUST-010,Lim Nari,49528,2026-03-15T18:56:22,KR,Daejeon,36.361342,127.376491,utility-daejeon-12,UTILITY,mobile-primary-sim-cust-010,CARD,18,6,0,0,0,0,0,NORMAL_BASELINE
SIM-CUST-013-NORMAL-0108,SIM-CUST-013,Seo Jiho,97969,2026-03-15T19:05:13,KR,Incheon,37.454628,126.728272,grocery-incheon-12,GROCERY,mobile-primary-sim-cust-013,CARD,19,6,0,0,0,0,0,NORMAL_BASELINE
SIM-CUST-002-NORMAL-0108,SIM-CUST-002,Lee Seoyeon,41055,2026-03-15T19:32:06,KR,Busan,35.195091,129.083192,utility-busan-12,UTILITY,mobile-primary-sim-cust-002,CARD,19,6,0,0,0,0,0,NORMAL_BASELINE
SIM-CUST-004-NORMAL-0108,SIM-CUST-004,Choi Haein,31555,2026-03-15T19:38:40,KR,Daegu,35.868878,128.592102,transport-daegu-12,TRANSPORT,mobile-primary-sim-cust-004,CARD,19,6,0,0,0,0,0,NORMAL_BASELINE
SIM-CUST-019-N-TRAVEL-FOREIGN,SIM-CUST-019,Hong Jiwon,275419,2026-03-15T19:41:19,JP,Tokyo,35.6762,139.6503,travel-tokyo-01,HOTEL,mobile-primary-sim-cust-019,CARD,19,6,1,0,0,0,0,NORMAL_TRAVEL_FOREIGN
SIM-CUST-005-NORMAL-0108,SIM-CUST-005,Jung Doyun,91517,2026-03-15T19:41:57,KR,Daejeon,36.334929,127.376397,dining-daejeon-12,DINING,mobile-primary-sim-cust-005,CARD,19,6,0,0,0,0,0,NORMAL_BASELINE
SIM-CUST-003-NORMAL-0108,SIM-CUST-003,Park Jiho,62607,2026-03-15T20:35:23,KR,Incheon,37.440494,126.707096,grocery-incheon-12,GROCERY,mobile-primary-sim-cust-003,E-PAY,20,6,0,0,0,0,0,NORMAL_BASELINE
SIM-CUST-004-NORMAL-0109,SIM-CUST-004,Choi Haein,39058,2026-03-16T07:45:14,KR,Daegu,35.856782,128.591815,cafe-daegu-01,CAFE,mobile-primary-sim-cust-004,CARD,7,0,0,0,0,0,0,NORMAL_BASELINE
SIM-CUST-012-NORMAL-0109,SIM-CUST-012,Oh Seoyeon,38987,2026-03-16T09:09:30,KR,Busan,35.183918,129.093201,cafe-busan-01,CAFE,web-trusted-sim-cust-012,ACCOUNT,9,0,0,0,0,0,0,NORMAL_BASELINE
SIM-CUST-009-NORMAL-0109,SIM-CUST-009,Jang Jiwon,163439,2026-03-16T10:00:39,KR,Daegu,35.872033,128.600881,cafe-daegu-01,CAFE,mobile-primary-sim-cust-009,ACCOUNT,10,0,0,0,0,0,0,NORMAL_BASELINE
SIM-CUST-019-NORMAL-0109,SIM-CUST-019,Hong Jiwon,136060,2026-03-16T10:30:29,KR,Daegu,35.895725,128.603987,cafe-daegu-01,CAFE,mobile-primary-sim-cust-019,CARD,10,0,0,0,0,0,0,NORMAL_BASELINE
SIM-CUST-018-N-TRAVEL-FOREIGN,SIM-CUST-018,Song Sumin,107795,2026-03-16T10:41:28,VN,Ho Chi Minh City,10.8231,106.6297,travel-ho-chi-minh-city-01,HOTEL,mobile-primary-sim-cust-018,ACCOUNT,10,0,1,0,0,0,0,NORMAL_TRAVEL_FOREIGN
SIM-CUST-003-NORMAL-0109,SIM-CUST-003,Park Jiho,63388,2026-03-16T11:42:57,KR,Incheon,37.466679,126.720489,online-incheon-01,ONLINE,mobile-primary-sim-cust-003,E-PAY,11,0,0,0,0,0,0,NORMAL_BASELINE
SIM-CUST-013-NORMAL-0109,SIM-CUST-013,Seo Jiho,104117,2026-03-16T12:12:47,KR,Incheon,37.479175,126.701246,online-incheon-01,ONLINE,mobile-primary-sim-cust-013,CARD,12,0,0,0,0,0,0,NORMAL_BASELINE
SIM-CUST-014-NORMAL-0109,SIM-CUST-014,Shin Haein,100826,2026-03-16T12:15:04,KR,Daegu,35.874045,128.609147,utility-daegu-01,UTILITY,mobile-primary-sim-cust-014,E-PAY,12,0,0,0,0,0,0,NORMAL_BASELINE
SIM-CUST-020-NORMAL-0109,SIM-CUST-020,Moon Nari,46316,2026-03-16T12:33:46,KR,Daejeon,36.335531,127.405291,grocery-daejeon-01,GROCERY,mobile-primary-sim-cust-020,E-PAY,12,0,0,0,0,0,0,NORMAL_BASELINE
SIM-CUST-001-NORMAL-0109,SIM-CUST-001,Kim Minjun,52808,2026-03-16T12:36:23,KR,Seoul,37.545697,126.974431,cafe-seoul-01,CAFE,mobile-primary-sim-cust-001,CARD,12,0,0,0,0,0,0,NORMAL_BASELINE
SIM-CUST-002-NORMAL-0109,SIM-CUST-002,Lee Seoyeon,42069,2026-03-16T12:39:40,KR,Busan,35.202486,129.073126,cafe-busan-01,CAFE,mobile-primary-sim-cust-002,CARD,12,0,0,0,0,0,0,NORMAL_BASELINE
SIM-CUST-011-NORMAL-0109,SIM-CUST-011,Han Minjun,62713,2026-03-16T13:06:13,KR,Seoul,37.575416,127.002424,dining-seoul-01,DINING,mobile-primary-sim-cust-011,E-PAY,13,0,0,0,0,0,0,NORMAL_BASELINE
SIM-CUST-018-NORMAL-0109,SIM-CUST-018,Song Sumin,53905,2026-03-16T15:27:12,KR,Incheon,37.432325,126.702015,cafe-incheon-01,CAFE,mobile-primary-sim-cust-018,ACCOUNT,15,0,0,0,0,0,0,NORMAL_BASELINE
SIM-CUST-008-NORMAL-0109,SIM-CUST-008,Yoon Sumin,51913,2026-03-16T15:57:22,KR,Incheon,37.458848,126.695604,utility-incheon-01,UTILITY,mobile-primary-sim-cust-008,CARD,15,0,0,0,0,0,0,NORMAL_BASELINE
SIM-CUST-006-NORMAL-0109,SIM-CUST-006,Kang Yuna,129414,2026-03-16T16:51:48,KR,Seoul,37.585365,126.974749,grocery-seoul-01,GROCERY,mobile-primary-sim-cust-006,ACCOUNT,16,0,0,0,0,0,0,NORMAL_BASELINE
SIM-CUST-016-NORMAL-0109,SIM-CUST-016,Hwang Yuna,68561,2026-03-16T19:21:38,KR,Seoul,37.573615,126.96781,shopping-seoul-01,SHOPPING,mobile-primary-sim-cust-016,CARD,19,0,0,0,0,0,0,NORMAL_BASELINE
SIM-CUST-005-NORMAL-0109,SIM-CUST-005,Jung Doyun,88765,2026-03-16T19:48:31,KR,Daejeon,36.359007,127.365661,dining-daejeon-01,DINING,mobile-primary-sim-cust-005,CARD,19,0,0,0,0,0,0,NORMAL_BASELINE
SIM-CUST-007-NORMAL-0109,SIM-CUST-007,Cho Hyunwoo,76776,2026-03-16T19:54:05,KR,Busan,35.186543,129.061092,shopping-busan-01,SHOPPING,mobile-primary-sim-cust-007,E-PAY,19,0,0,0,0,0,0,NORMAL_BASELINE
SIM-CUST-010-NORMAL-0109,SIM-CUST-010,Lim Nari,42679,2026-03-16T20:03:56,KR,Daejeon,36.334204,127.372589,utility-daejeon-01,UTILITY,mobile-primary-sim-cust-010,CARD,20,0,0,0,0,0,0,NORMAL_BASELINE
SIM-CUST-015-NORMAL-0109,SIM-CUST-015,Kwon Doyun,80883,2026-03-16T20:18:21,KR,Daejeon,36.346254,127.372501,online-daejeon-01,ONLINE,mobile-primary-sim-cust-015,ACCOUNT,20,0,0,0,0,0,0,NORMAL_BASELINE
SIM-CUST-017-NORMAL-0109,SIM-CUST-017,Ahn Hyunwoo,61323,2026-03-16T21:24:55,KR,Busan,35.185181,129.080556,medical-busan-01,MEDICAL,mobile-primary-sim-cust-017,E-PAY,21,0,0,0,0,0,0,NORMAL_BASELINE
SIM-CUST-015-A-STEALTH-SMALL-TEST,SIM-CUST-015,Kwon Doyun,7000,2026-03-16T22:03:47,KR,Daejeon,36.3504,127.3845,digital-test-01-sim-cust-015,DIGITAL,mobile-primary-sim-cust-015,ACCOUNT,22,0,0,0,0,0,0,STEALTH_PRECURSOR_SMALL_TEST
SIM-CUST-015-A-STEALTH-LARGE-FOLLOWUP,SIM-CUST-015,Kwon Doyun,286309,2026-03-16T22:07:47,KR,Daejeon,36.3504,127.3845,electronics-followup-01-sim-cust-015,ELECTRONICS,mobile-primary-sim-cust-015,ACCOUNT,22,0,0,0,0,0,1,SMALL_TEST_THEN_LARGE
SIM-CUST-015-A-STEALTH-REPEAT-1,SIM-CUST-015,Kwon Doyun,124200,2026-03-16T22:21:47,KR,Daejeon,36.3504,127.3845,same-amount-01-sim-cust-015,ONLINE,mobile-primary-sim-cust-015,ACCOUNT,22,0,0,0,0,0,0,STEALTH_PRECURSOR_REPEAT_FIRST
SIM-CUST-015-A-STEALTH-REPEAT-2,SIM-CUST-015,Kwon Doyun,124200,2026-03-16T22:24:47,KR,Daejeon,36.3504,127.3845,same-amount-02-sim-cust-015,ONLINE,mobile-primary-sim-cust-015,ACCOUNT,22,0,0,0,0,0,1,SAME_AMOUNT_REPEATED
SIM-CUST-015-A-STEALTH-REPEAT-3,SIM-CUST-015,Kwon Doyun,124200,2026-03-16T22:27:47,KR,Daejeon,36.3504,127.3845,same-amount-03-sim-cust-015,ONLINE,mobile-primary-sim-cust-015,ACCOUNT,22,0,0,0,0,0,1,SAME_AMOUNT_REPEATED
SIM-CUST-015-A-STEALTH-DISTRIBUTED-1,SIM-CUST-015,Kwon Doyun,110400,2026-03-16T22:43:47,KR,Daejeon,36.3504,127.3845,distributed-cafe-01-sim-cust-015,CAFE,mobile-primary-sim-cust-015,ACCOUNT,22,0,0,0,0,0,1,RAPID_DISTRIBUTED_MERCHANTS
SIM-CUST-015-A-STEALTH-DISTRIBUTED-2,SIM-CUST-015,Kwon Doyun,119600,2026-03-16T22:49:47,KR,Daejeon,36.3504,127.3845,distributed-grocery-01-sim-cust-015,GROCERY,mobile-primary-sim-cust-015,ACCOUNT,22,0,0,0,0,0,1,RAPID_DISTRIBUTED_MERCHANTS
SIM-CUST-015-A-STEALTH-DISTRIBUTED-3,SIM-CUST-015,Kwon Doyun,128800,2026-03-16T22:55:47,KR,Daejeon,36.3504,127.3845,distributed-dining-01-sim-cust-015,DINING,mobile-primary-sim-cust-015,ACCOUNT,22,0,0,0,0,0,1,RAPID_DISTRIBUTED_MERCHANTS
SIM-CUST-015-A-STEALTH-NEW-CATEGORY,SIM-CUST-015,Kwon Doyun,255377,2026-03-16T23:23:47,KR,Daejeon,36.3504,127.3845,new-category-jewelry-01-sim-cust-015,JEWELRY,mobile-primary-sim-cust-015,ACCOUNT,23,0,0,0,0,0,1,DOMESTIC_NEW_CATEGORY_HIGH_AMOUNT
SIM-CUST-014-A-STEALTH-SMALL-TEST,SIM-CUST-014,Shin Haein,7000,2026-03-17T08:03:30,KR,Daegu,35.8714,128.6014,digital-test-01-sim-cust-014,DIGITAL,mobile-primary-sim-cust-014,E-PAY,8,1,0,0,0,0,0,STEALTH_PRECURSOR_SMALL_TEST
SIM-CUST-014-A-STEALTH-LARGE-FOLLOWUP,SIM-CUST-014,Shin Haein,318686,2026-03-17T08:07:30,KR,Daegu,35.8714,128.6014,electronics-followup-01-sim-cust-014,ELECTRONICS,mobile-primary-sim-cust-014,E-PAY,8,1,0,0,0,0,1,SMALL_TEST_THEN_LARGE
SIM-CUST-014-A-STEALTH-REPEAT-1,SIM-CUST-014,Shin Haein,130950,2026-03-17T08:21:30,KR,Daegu,35.8714,128.6014,same-amount-01-sim-cust-014,ONLINE,mobile-primary-sim-cust-014,E-PAY,8,1,0,0,0,0,0,STEALTH_PRECURSOR_REPEAT_FIRST
SIM-CUST-014-A-STEALTH-REPEAT-2,SIM-CUST-014,Shin Haein,130950,2026-03-17T08:24:30,KR,Daegu,35.8714,128.6014,same-amount-02-sim-cust-014,ONLINE,mobile-primary-sim-cust-014,E-PAY,8,1,0,0,0,0,1,SAME_AMOUNT_REPEATED
SIM-CUST-014-A-STEALTH-REPEAT-3,SIM-CUST-014,Shin Haein,130950,2026-03-17T08:27:30,KR,Daegu,35.8714,128.6014,same-amount-03-sim-cust-014,ONLINE,mobile-primary-sim-cust-014,E-PAY,8,1,0,0,0,0,1,SAME_AMOUNT_REPEATED
SIM-CUST-014-A-STEALTH-DISTRIBUTED-1,SIM-CUST-014,Shin Haein,116400,2026-03-17T08:43:30,KR,Daegu,35.8714,128.6014,distributed-cafe-01-sim-cust-014,CAFE,mobile-primary-sim-cust-014,E-PAY,8,1,0,0,0,0,1,RAPID_DISTRIBUTED_MERCHANTS
SIM-CUST-014-A-STEALTH-DISTRIBUTED-2,SIM-CUST-014,Shin Haein,126100,2026-03-17T08:49:30,KR,Daegu,35.8714,128.6014,distributed-grocery-01-sim-cust-014,GROCERY,mobile-primary-sim-cust-014,E-PAY,8,1,0,0,0,0,1,RAPID_DISTRIBUTED_MERCHANTS
SIM-CUST-014-A-STEALTH-DISTRIBUTED-3,SIM-CUST-014,Shin Haein,135800,2026-03-17T08:55:30,KR,Daegu,35.8714,128.6014,distributed-dining-01-sim-cust-014,DINING,mobile-primary-sim-cust-014,E-PAY,8,1,0,0,0,0,1,RAPID_DISTRIBUTED_MERCHANTS
SIM-CUST-014-A-STEALTH-NEW-CATEGORY,SIM-CUST-014,Shin Haein,215351,2026-03-17T09:23:30,KR,Daegu,35.8714,128.6014,new-category-jewelry-01-sim-cust-014,JEWELRY,mobile-primary-sim-cust-014,E-PAY,9,1,0,0,0,0,1,DOMESTIC_NEW_CATEGORY_HIGH_AMOUNT
SIM-CUST-004-NORMAL-0110,SIM-CUST-004,Choi Haein,32242,2026-03-17T09:52:48,KR,Daegu,35.88678,128.591611,online-daegu-02,ONLINE,mobile-primary-sim-cust-004,CARD,9,1,0,0,0,0,0,NORMAL_BASELINE
SIM-CUST-003-NORMAL-0110,SIM-CUST-003,Park Jiho,74814,2026-03-17T10:49:31,KR,Incheon,37.459164,126.686905,cafe-incheon-02,CAFE,mobile-primary-sim-cust-003,E-PAY,10,1,0,0,0,0,0,NORMAL_BASELINE
SIM-CUST-007-NORMAL-0110,SIM-CUST-007,Cho Hyunwoo,69488,2026-03-17T11:01:39,KR,Busan,35.170557,129.072656,shopping-busan-02,SHOPPING,mobile-primary-sim-cust-007,E-PAY,11,1,0,0,0,0,0,NORMAL_BASELINE
SIM-CUST-017-N-TRAVEL-FOREIGN,SIM-CUST-017,Ahn Hyunwoo,86110,2026-03-17T11:41:37,US,New York,40.7128,-74.006,travel-new-york-01,HOTEL,mobile-primary-sim-cust-017,E-PAY,11,1,1,0,0,0,0,NORMAL_TRAVEL_FOREIGN
SIM-CUST-010-NORMAL-0110,SIM-CUST-010,Lim Nari,48527,2026-03-17T12:10:30,KR,Daejeon,36.344346,127.398871,utility-daejeon-02,UTILITY,mobile-primary-sim-cust-010,CARD,12,1,0,0,0,0,0,NORMAL_BASELINE
SIM-CUST-011-NORMAL-0110,SIM-CUST-011,Han Minjun,69532,2026-03-17T12:13:47,KR,Seoul,37.575472,126.961411,grocery-seoul-02,GROCERY,mobile-primary-sim-cust-011,E-PAY,12,1,0,0,0,0,0,NORMAL_BASELINE
SIM-CUST-020-N-LARGE-PAYDAY,SIM-CUST-020,Moon Nari,110903,2026-03-17T12:41:28,KR,Daejeon,36.3504,127.3845,cafe-daejeon-payday,CAFE,mobile-primary-sim-cust-020,E-PAY,12,1,0,0,0,0,0,NORMAL_PAYDAY_LARGE_PURCHASE
SIM-CUST-002-NORMAL-0110,SIM-CUST-002,Lee Seoyeon,38450,2026-03-17T12:46:14,KR,Busan,35.186906,129.052557,transport-busan-02,TRANSPORT,mobile-primary-sim-cust-002,CARD,12,1,0,0,0,0,0,NORMAL_BASELINE
SIM-CUST-009-NORMAL-0110,SIM-CUST-009,Jang Jiwon,155902,2026-03-17T13:07:13,KR,Daegu,35.867554,128.614225,grocery-daegu-02,GROCERY,mobile-primary-sim-cust-009,ACCOUNT,13,1,0,0,0,0,0,NORMAL_BASELINE
SIM-CUST-020-NORMAL-0110,SIM-CUST-020,Moon Nari,43066,2026-03-17T13:40:20,KR,Daejeon,36.329358,127.360032,cafe-daejeon-02,CAFE,mobile-primary-sim-cust-020,E-PAY,13,1,0,0,0,0,0,NORMAL_BASELINE
SIM-CUST-012-NORMAL-0110,SIM-CUST-012,Oh Seoyeon,42379,2026-03-17T14:16:04,KR,Busan,35.158538,129.081898,dining-busan-02,DINING,mobile-primary-sim-cust-012,ACCOUNT,14,1,0,0,0,0,0,NORMAL_BASELINE
SIM-CUST-008-NORMAL-0110,SIM-CUST-008,Yoon Sumin,53702,2026-03-17T15:04:56,KR,Incheon,37.44917,126.696518,cafe-incheon-02,CAFE,mobile-primary-sim-cust-008,CARD,15,1,0,0,0,0,0,NORMAL_BASELINE
SIM-CUST-018-NORMAL-0110,SIM-CUST-018,Song Sumin,51036,2026-03-17T15:34:46,KR,Incheon,37.444046,126.691628,utility-incheon-02,UTILITY,mobile-primary-sim-cust-018,ACCOUNT,15,1,0,0,0,0,0,NORMAL_BASELINE
SIM-CUST-006-NORMAL-0110,SIM-CUST-006,Kang Yuna,119434,2026-03-17T16:58:22,KR,Seoul,37.568483,126.993235,transfer-seoul-02,TRANSFER,mobile-primary-sim-cust-006,ACCOUNT,16,1,0,0,0,0,0,NORMAL_BASELINE
SIM-CUST-014-NORMAL-0110,SIM-CUST-014,Shin Haein,96940,2026-03-17T18:22:38,KR,Daegu,35.895661,128.618307,utility-daegu-02,UTILITY,mobile-primary-sim-cust-014,E-PAY,18,1,0,0,0,0,0,NORMAL_BASELINE
SIM-CUST-016-NORMAL-0110,SIM-CUST-016,Hwang Yuna,67712,2026-03-17T19:28:12,KR,Seoul,37.576282,126.962931,cafe-seoul-02,CAFE,mobile-primary-sim-cust-016,CARD,19,1,0,0,0,0,0,NORMAL_BASELINE
SIM-CUST-019-NORMAL-0110,SIM-CUST-019,Hong Jiwon,128718,2026-03-17T19:37:03,KR,Daegu,35.882462,128.602501,utility-daegu-02,UTILITY,mobile-primary-sim-cust-019,CARD,19,1,0,0,0,0,0,NORMAL_BASELINE
SIM-CUST-005-NORMAL-0110,SIM-CUST-005,Jung Doyun,89051,2026-03-17T19:55:05,KR,Daejeon,36.35061,127.407693,grocery-daejeon-02,GROCERY,mobile-primary-sim-cust-005,CARD,19,1,0,0,0,0,0,NORMAL_BASELINE
SIM-CUST-013-NORMAL-0110,SIM-CUST-013,Seo Jiho,114029,2026-03-17T20:19:21,KR,Incheon,37.470632,126.709216,online-incheon-02,ONLINE,mobile-primary-sim-cust-013,CARD,20,1,0,0,0,0,0,NORMAL_BASELINE
SIM-CUST-017-NORMAL-0110,SIM-CUST-017,Ahn Hyunwoo,63655,2026-03-17T20:31:29,KR,Busan,35.194956,129.093805,medical-busan-02,MEDICAL,mobile-primary-sim-cust-017,E-PAY,20,1,0,0,0,0,0,NORMAL_BASELINE
SIM-CUST-001-NORMAL-0110,SIM-CUST-001,Kim Minjun,46084,2026-03-17T20:43:57,KR,Seoul,37.560455,126.963583,grocery-seoul-02,GROCERY,mobile-primary-sim-cust-001,CARD,20,1,0,0,0,0,0,NORMAL_BASELINE
SIM-CUST-015-NORMAL-0110,SIM-CUST-015,Kwon Doyun,95812,2026-03-17T22:25:55,KR,Daejeon,36.355749,127.40896,cafe-daejeon-02,CAFE,mobile-primary-sim-cust-015,ACCOUNT,22,1,0,0,0,0,0,NORMAL_BASELINE
SIM-CUST-016-NORMAL-0111,SIM-CUST-016,Hwang Yuna,77297,2026-03-18T07:35:46,KR,Seoul,37.57466,126.99561,dining-seoul-03,DINING,mobile-primary-sim-cust-016,CARD,7,2,0,0,0,0,0,NORMAL_BASELINE
SIM-CUST-016-N-TRAVEL-FOREIGN,SIM-CUST-016,Hwang Yuna,128766,2026-03-18T07:41:46,JP,Tokyo,35.6762,139.6503,travel-tokyo-01,HOTEL,mobile-primary-sim-cust-016,CARD,7,2,1,0,0,0,0,NORMAL_TRAVEL_FOREIGN
SIM-CUST-020-NORMAL-0111,SIM-CUST-020,Moon Nari,38972,2026-03-18T09:47:54,KR,Daejeon,36.333569,127.378491,dining-daejeon-03,DINING,mobile-primary-sim-cust-020,E-PAY,9,2,0,0,0,0,0,NORMAL_BASELINE
SIM-CUST-013-A-STEALTH-SMALL-TEST,SIM-CUST-013,Seo Jiho,7000,2026-03-18T10:03:13,KR,Incheon,37.4563,126.7052,digital-test-01-sim-cust-013,DIGITAL,mobile-primary-sim-cust-013,CARD,10,2,0,0,0,0,0,STEALTH_PRECURSOR_SMALL_TEST
SIM-CUST-013-A-STEALTH-LARGE-FOLLOWUP,SIM-CUST-013,Seo Jiho,316723,2026-03-18T10:07:13,KR,Incheon,37.4563,126.7052,electronics-followup-01-sim-cust-013,ELECTRONICS,mobile-primary-sim-cust-013,CARD,10,2,0,0,0,0,1,SMALL_TEST_THEN_LARGE
SIM-CUST-007-NORMAL-0111,SIM-CUST-007,Cho Hyunwoo,68450,2026-03-18T10:08:13,KR,Busan,35.160323,129.098515,shopping-busan-03,SHOPPING,mobile-primary-sim-cust-007,E-PAY,10,2,0,0,0,0,0,NORMAL_BASELINE
SIM-CUST-009-NORMAL-0111,SIM-CUST-009,Jang Jiwon,153524,2026-03-18T10:14:47,KR,Daegu,35.867701,128.578422,cafe-daegu-03,CAFE,mobile-primary-sim-cust-009,ACCOUNT,10,2,0,0,0,0,0,NORMAL_BASELINE
SIM-CUST-013-A-STEALTH-REPEAT-1,SIM-CUST-013,Seo Jiho,141750,2026-03-18T10:21:13,KR,Incheon,37.4563,126.7052,same-amount-01-sim-cust-013,ONLINE,mobile-primary-sim-cust-013,CARD,10,2,0,0,0,0,0,STEALTH_PRECURSOR_REPEAT_FIRST
SIM-CUST-012-NORMAL-0111,SIM-CUST-012,Oh Seoyeon,44233,2026-03-18T10:23:38,KR,Busan,35.187311,129.089041,online-busan-03,ONLINE,mobile-primary-sim-cust-012,ACCOUNT,10,2,0,0,0,0,0,NORMAL_BASELINE
SIM-CUST-013-A-STEALTH-REPEAT-2,SIM-CUST-013,Seo Jiho,141750,2026-03-18T10:24:13,KR,Incheon,37.4563,126.7052,same-amount-02-sim-cust-013,ONLINE,mobile-primary-sim-cust-013,CARD,10,2,0,0,0,0,1,SAME_AMOUNT_REPEATED
SIM-CUST-013-A-STEALTH-REPEAT-3,SIM-CUST-013,Seo Jiho,141750,2026-03-18T10:27:13,KR,Incheon,37.4563,126.7052,same-amount-03-sim-cust-013,ONLINE,mobile-primary-sim-cust-013,CARD,10,2,0,0,0,0,1,SAME_AMOUNT_REPEATED
SIM-CUST-013-A-STEALTH-DISTRIBUTED-1,SIM-CUST-013,Seo Jiho,126000,2026-03-18T10:43:13,KR,Incheon,37.4563,126.7052,distributed-cafe-01-sim-cust-013,CAFE,mobile-primary-sim-cust-013,CARD,10,2,0,0,0,0,1,RAPID_DISTRIBUTED_MERCHANTS
SIM-CUST-013-A-STEALTH-DISTRIBUTED-2,SIM-CUST-013,Seo Jiho,136500,2026-03-18T10:49:13,KR,Incheon,37.4563,126.7052,distributed-grocery-01-sim-cust-013,GROCERY,mobile-primary-sim-cust-013,CARD,10,2,0,0,0,0,1,RAPID_DISTRIBUTED_MERCHANTS
SIM-CUST-013-A-STEALTH-DISTRIBUTED-3,SIM-CUST-013,Seo Jiho,147000,2026-03-18T10:55:13,KR,Incheon,37.4563,126.7052,distributed-dining-01-sim-cust-013,DINING,mobile-primary-sim-cust-013,CARD,10,2,0,0,0,0,1,RAPID_DISTRIBUTED_MERCHANTS
SIM-CUST-005-NORMAL-0111,SIM-CUST-005,Jung Doyun,79131,2026-03-18T11:02:39,KR,Daejeon,36.372165,127.401441,cafe-daejeon-03,CAFE,mobile-primary-sim-cust-005,CARD,11,2,0,0,0,0,0,NORMAL_BASELINE
SIM-CUST-011-NORMAL-0111,SIM-CUST-011,Han Minjun,70454,2026-03-18T11:20:21,KR,Seoul,37.550482,126.955624,cafe-seoul-03,CAFE,mobile-primary-sim-cust-011,E-PAY,11,2,0,0,0,0,0,NORMAL_BASELINE
SIM-CUST-013-A-STEALTH-NEW-CATEGORY,SIM-CUST-013,Seo Jiho,233630,2026-03-18T11:23:13,KR,Incheon,37.4563,126.7052,new-category-jewelry-01-sim-cust-013,JEWELRY,mobile-primary-sim-cust-013,CARD,11,2,0,0,0,0,1,DOMESTIC_NEW_CATEGORY_HIGH_AMOUNT
SIM-CUST-013-NORMAL-0111,SIM-CUST-013,Seo Jiho,106713,2026-03-18T11:26:55,KR,Incheon,37.459579,126.694867,online-incheon-03,ONLINE,web-trusted-sim-cust-013,CARD,11,2,0,0,0,0,0,NORMAL_BASELINE
SIM-CUST-001-NORMAL-0111,SIM-CUST-001,Kim Minjun,56989,2026-03-18T11:50:31,KR,Seoul,37.555413,127.00056,grocery-seoul-03,GROCERY,mobile-primary-sim-cust-001,CARD,11,2,0,0,0,0,0,NORMAL_BASELINE
SIM-CUST-003-NORMAL-0111,SIM-CUST-003,Park Jiho,65681,2026-03-18T11:56:05,KR,Incheon,37.435254,126.702689,online-incheon-03,ONLINE,mobile-primary-sim-cust-003,E-PAY,11,2,0,0,0,0,0,NORMAL_BASELINE
SIM-CUST-010-NORMAL-0111,SIM-CUST-010,Lim Nari,44062,2026-03-18T12:17:04,KR,Daejeon,36.34821,127.377982,utility-daejeon-03,UTILITY,mobile-primary-sim-cust-010,CARD,12,2,0,0,0,0,0,NORMAL_BASELINE
SIM-CUST-014-NORMAL-0111,SIM-CUST-014,Shin Haein,91374,2026-03-18T13:29:12,KR,Daegu,35.886464,128.621933,online-daegu-03,ONLINE,mobile-primary-sim-cust-014,E-PAY,13,2,0,0,0,0,0,NORMAL_BASELINE
SIM-CUST-017-NORMAL-0111,SIM-CUST-017,Ahn Hyunwoo,60988,2026-03-18T13:38:03,KR,Busan,35.155485,129.0691,cafe-busan-03,CAFE,mobile-primary-sim-cust-017,E-PAY,13,2,0,0,0,0,0,NORMAL_BASELINE
SIM-CUST-018-NORMAL-0111,SIM-CUST-018,Song Sumin,54106,2026-03-18T14:41:20,KR,Incheon,37.439205,126.691157,utility-incheon-03,UTILITY,mobile-primary-sim-cust-018,ACCOUNT,14,2,0,0,0,0,0,NORMAL_BASELINE
SIM-CUST-006-NORMAL-0111,SIM-CUST-006,Kang Yuna,123161,2026-03-18T15:05:56,KR,Seoul,37.549286,126.953528,transfer-seoul-03,TRANSFER,mobile-primary-sim-cust-006,ACCOUNT,15,2,0,0,0,0,0,NORMAL_BASELINE
SIM-CUST-008-NORMAL-0111,SIM-CUST-008,Yoon Sumin,59498,2026-03-18T16:11:30,KR,Incheon,37.442407,126.726983,cafe-incheon-03,CAFE,mobile-primary-sim-cust-008,CARD,16,2,0,0,0,0,0,NORMAL_BASELINE
SIM-CUST-019-NORMAL-0111,SIM-CUST-019,Hong Jiwon,156123,2026-03-18T19:44:37,KR,Daegu,35.872224,128.591911,grocery-daegu-03,GROCERY,mobile-primary-sim-cust-019,CARD,19,2,0,0,0,0,0,NORMAL_BASELINE
SIM-CUST-002-NORMAL-0111,SIM-CUST-002,Lee Seoyeon,42645,2026-03-18T19:53:48,KR,Busan,35.180737,129.058537,grocery-busan-03,GROCERY,mobile-primary-sim-cust-002,CARD,19,2,0,0,0,0,0,NORMAL_BASELINE
SIM-CUST-004-NORMAL-0111,SIM-CUST-004,Choi Haein,39081,2026-03-18T19:59:22,KR,Daegu,35.86279,128.580961,transport-daegu-03,TRANSPORT,mobile-primary-sim-cust-004,CARD,19,2,0,0,0,0,0,NORMAL_BASELINE
SIM-CUST-019-N-LARGE-PAYDAY,SIM-CUST-019,Hong Jiwon,337491,2026-03-18T20:41:37,KR,Daegu,35.8714,128.6014,grocery-daegu-payday,GROCERY,mobile-primary-sim-cust-019,CARD,20,2,0,0,0,0,0,NORMAL_PAYDAY_LARGE_PURCHASE
SIM-CUST-015-NORMAL-0111,SIM-CUST-015,Kwon Doyun,92141,2026-03-18T22:32:29,KR,Daejeon,36.361702,127.374148,transport-daejeon-03,TRANSPORT,mobile-primary-sim-cust-015,ACCOUNT,22,2,0,0,0,0,0,NORMAL_BASELINE
SIM-CUST-004-NORMAL-0112,SIM-CUST-004,Choi Haein,35947,2026-03-19T08:06:56,KR,Daegu,35.848848,128.591342,transport-daegu-04,TRANSPORT,mobile-primary-sim-cust-004,CARD,8,3,0,0,0,0,0,NORMAL_BASELINE
SIM-CUST-016-NORMAL-0112,SIM-CUST-016,Hwang Yuna,72199,2026-03-19T08:42:20,KR,Seoul,37.561338,126.999063,dining-seoul-04,DINING,mobile-primary-sim-cust-016,CARD,8,3,0,0,0,0,0,NORMAL_BASELINE
SIM-CUST-012-A-STEALTH-SMALL-TEST,SIM-CUST-012,Oh Seoyeon,7000,2026-03-19T09:03:56,KR,Busan,35.1796,129.0756,digital-test-01-sim-cust-012,DIGITAL,mobile-primary-sim-cust-012,ACCOUNT,9,3,0,0,0,0,0,STEALTH_PRECURSOR_SMALL_TEST
SIM-CUST-012-A-STEALTH-LARGE-FOLLOWUP,SIM-CUST-012,Oh Seoyeon,141084,2026-03-19T09:07:56,KR,Busan,35.1796,129.0756,electronics-followup-01-sim-cust-012,ELECTRONICS,mobile-primary-sim-cust-012,ACCOUNT,9,3,0,0,0,0,1,SMALL_TEST_THEN_LARGE
SIM-CUST-012-A-STEALTH-REPEAT-1,SIM-CUST-012,Oh Seoyeon,55350,2026-03-19T09:21:56,KR,Busan,35.1796,129.0756,same-amount-01-sim-cust-012,ONLINE,mobile-primary-sim-cust-012,ACCOUNT,9,3,0,0,0,0,0,STEALTH_PRECURSOR_REPEAT_FIRST
SIM-CUST-012-A-STEALTH-REPEAT-2,SIM-CUST-012,Oh Seoyeon,55350,2026-03-19T09:24:56,KR,Busan,35.1796,129.0756,same-amount-02-sim-cust-012,ONLINE,mobile-primary-sim-cust-012,ACCOUNT,9,3,0,0,0,0,1,SAME_AMOUNT_REPEATED
SIM-CUST-012-A-STEALTH-REPEAT-3,SIM-CUST-012,Oh Seoyeon,55350,2026-03-19T09:27:56,KR,Busan,35.1796,129.0756,same-amount-03-sim-cust-012,ONLINE,mobile-primary-sim-cust-012,ACCOUNT,9,3,0,0,0,0,1,SAME_AMOUNT_REPEATED
SIM-CUST-012-A-STEALTH-DISTRIBUTED-1,SIM-CUST-012,Oh Seoyeon,49200,2026-03-19T09:43:56,KR,Busan,35.1796,129.0756,distributed-cafe-01-sim-cust-012,CAFE,mobile-primary-sim-cust-012,ACCOUNT,9,3,0,0,0,0,1,RAPID_DISTRIBUTED_MERCHANTS
SIM-CUST-012-A-STEALTH-DISTRIBUTED-2,SIM-CUST-012,Oh Seoyeon,53300,2026-03-19T09:49:56,KR,Busan,35.1796,129.0756,distributed-grocery-01-sim-cust-012,GROCERY,mobile-primary-sim-cust-012,ACCOUNT,9,3,0,0,0,0,1,RAPID_DISTRIBUTED_MERCHANTS
SIM-CUST-020-NORMAL-0112,SIM-CUST-020,Moon Nari,41297,2026-03-19T09:54:28,KR,Daejeon,36.351065,127.392982,dining-daejeon-04,DINING,mobile-primary-sim-cust-020,E-PAY,9,3,0,0,0,0,0,NORMAL_BASELINE
SIM-CUST-012-A-STEALTH-DISTRIBUTED-3,SIM-CUST-012,Oh Seoyeon,57400,2026-03-19T09:55:56,KR,Busan,35.1796,129.0756,distributed-dining-01-sim-cust-012,DINING,mobile-primary-sim-cust-012,ACCOUNT,9,3,0,0,0,0,1,RAPID_DISTRIBUTED_MERCHANTS
SIM-CUST-009-NORMAL-0112,SIM-CUST-009,Jang Jiwon,165229,2026-03-19T10:21:21,KR,Daegu,35.878781,128.612082,transport-daegu-04,TRANSPORT,mobile-primary-sim-cust-009,ACCOUNT,10,3,0,0,0,0,0,NORMAL_BASELINE
SIM-CUST-012-A-STEALTH-NEW-CATEGORY,SIM-CUST-012,Oh Seoyeon,104415,2026-03-19T10:23:56,KR,Busan,35.1796,129.0756,new-category-jewelry-01-sim-cust-012,JEWELRY,mobile-primary-sim-cust-012,ACCOUNT,10,3,0,0,0,0,1,DOMESTIC_NEW_CATEGORY_HIGH_AMOUNT
SIM-CUST-012-NORMAL-0112,SIM-CUST-012,Oh Seoyeon,41980,2026-03-19T10:30:12,KR,Busan,35.204214,129.081037,transport-busan-04,TRANSPORT,mobile-primary-sim-cust-012,ACCOUNT,10,3,0,0,0,0,0,NORMAL_BASELINE
SIM-CUST-018-N-LARGE-PAYDAY,SIM-CUST-018,Song Sumin,154842,2026-03-19T10:41:46,KR,Incheon,37.4563,126.7052,transfer-incheon-payday,TRANSFER,mobile-primary-sim-cust-018,ACCOUNT,10,3,0,0,0,0,0,NORMAL_PAYDAY_LARGE_PURCHASE
SIM-CUST-008-NORMAL-0112,SIM-CUST-008,Yoon Sumin,53547,2026-03-19T11:18:04,KR,Incheon,37.473773,126.714053,medical-incheon-04,MEDICAL,mobile-primary-sim-cust-008,CARD,11,3,0,0,0,0,0,NORMAL_BASELINE
SIM-CUST-002-NORMAL-0112,SIM-CUST-002,Lee Seoyeon,42845,2026-03-19T12:00:22,KR,Busan,35.193323,129.084545,utility-busan-04,UTILITY,mobile-primary-sim-cust-002,CARD,12,3,0,0,0,0,0,NORMAL_BASELINE
SIM-CUST-003-NORMAL-0112,SIM-CUST-003,Park Jiho,73276,2026-03-19T12:03:39,KR,Incheon,37.440824,126.693623,online-incheon-04,ONLINE,mobile-primary-sim-cust-003,E-PAY,12,3,0,0,0,0,0,NORMAL_BASELINE
SIM-CUST-014-NORMAL-0112,SIM-CUST-014,Shin Haein,100517,2026-03-19T12:36:46,KR,Daegu,35.858835,128.577082,grocery-daegu-04,GROCERY,mobile-primary-sim-cust-014,E-PAY,12,3,0,0,0,0,0,NORMAL_BASELINE
SIM-CUST-017-NORMAL-0112,SIM-CUST-017,Ahn Hyunwoo,59880,2026-03-19T12:45:37,KR,Busan,35.166272,129.094194,medical-busan-04,MEDICAL,mobile-primary-sim-cust-017,E-PAY,12,3,0,0,0,0,0,NORMAL_BASELINE
SIM-CUST-019-NORMAL-0112,SIM-CUST-019,Hong Jiwon,148673,2026-03-19T12:51:11,KR,Daegu,35.89064,128.588461,grocery-daegu-04,GROCERY,mobile-primary-sim-cust-019,CARD,12,3,0,0,0,0,0,NORMAL_BASELINE
SIM-CUST-001-NORMAL-0112,SIM-CUST-001,Kim Minjun,47986,2026-03-19T12:57:05,KR,Seoul,37.542469,126.979971,grocery-seoul-04,GROCERY,mobile-primary-sim-cust-001,CARD,12,3,0,0,0,0,0,NORMAL_BASELINE
SIM-CUST-006-NORMAL-0112,SIM-CUST-006,Kang Yuna,138412,2026-03-19T16:12:30,KR,Seoul,37.558694,126.97646,online-seoul-04,ONLINE,mobile-primary-sim-cust-006,ACCOUNT,16,3,0,0,0,0,0,NORMAL_BASELINE
SIM-CUST-018-NORMAL-0112,SIM-CUST-018,Song Sumin,59700,2026-03-19T16:48:54,KR,Incheon,37.471807,126.722495,cafe-incheon-04,CAFE,mobile-primary-sim-cust-018,ACCOUNT,16,3,0,0,0,0,0,NORMAL_BASELINE
SIM-CUST-010-NORMAL-0112,SIM-CUST-010,Lim Nari,53098,2026-03-19T18:24:38,KR,Daejeon,36.374255,127.409385,cafe-daejeon-04,CAFE,mobile-primary-sim-cust-010,CARD,18,3,0,0,0,0,0,NORMAL_BASELINE
SIM-CUST-005-NORMAL-0112,SIM-CUST-005,Jung Doyun,96025,2026-03-19T19:09:13,KR,Daejeon,36.370909,127.394091,utility-daejeon-04,UTILITY,mobile-primary-sim-cust-005,CARD,19,3,0,0,0,0,0,NORMAL_BASELINE
SIM-CUST-011-NORMAL-0112,SIM-CUST-011,Han Minjun,65898,2026-03-19T20:27:55,KR,Seoul,37.589986,126.984349,cafe-seoul-04,CAFE,mobile-primary-sim-cust-011,E-PAY,20,3,0,0,0,0,0,NORMAL_BASELINE
SIM-CUST-013-NORMAL-0112,SIM-CUST-013,Seo Jiho,98009,2026-03-19T20:33:29,KR,Incheon,37.464804,126.70334,online-incheon-04,ONLINE,mobile-primary-sim-cust-013,CARD,20,3,0,0,0,0,0,NORMAL_BASELINE
SIM-CUST-015-NORMAL-0112,SIM-CUST-015,Kwon Doyun,99151,2026-03-19T20:39:03,KR,Daejeon,36.327395,127.379471,online-daejeon-04,ONLINE,mobile-primary-sim-cust-015,ACCOUNT,20,3,0,0,0,0,0,NORMAL_BASELINE
SIM-CUST-007-NORMAL-0112,SIM-CUST-007,Cho Hyunwoo,70510,2026-03-19T21:15:47,KR,Busan,35.172116,129.066524,grocery-busan-04,GROCERY,mobile-primary-sim-cust-007,E-PAY,21,3,0,0,0,0,0,NORMAL_BASELINE
SIM-CUST-015-N-TRAVEL-FOREIGN,SIM-CUST-015,Kwon Doyun,144227,2026-03-19T21:41:55,VN,Ho Chi Minh City,10.8231,106.6297,travel-ho-chi-minh-city-01,HOTEL,mobile-primary-sim-cust-015,ACCOUNT,21,3,1,0,0,0,0,NORMAL_TRAVEL_FOREIGN
SIM-CUST-017-A-BURST-01,SIM-CUST-017,Ahn Hyunwoo,144583,2026-03-20T01:05:15,KR,Busan,35.1796,129.0756,online-burst-01,ONLINE,burst-device-sim-cust-017,E-PAY,1,4,0,1,0,1,1,BURST_DAWN_NEW_DEVICE_METHOD
SIM-CUST-017-A-BURST-02,SIM-CUST-017,Ahn Hyunwoo,167647,2026-03-20T01:13:15,KR,Busan,35.1796,129.0756,online-burst-02,ONLINE,burst-device-sim-cust-017,E-PAY,1,4,0,1,0,1,1,BURST_DAWN_NEW_DEVICE_METHOD
SIM-CUST-017-A-BURST-03,SIM-CUST-017,Ahn Hyunwoo,202440,2026-03-20T01:21:15,KR,Busan,35.1796,129.0756,online-burst-03,ONLINE,burst-device-sim-cust-017,E-PAY,1,4,0,1,0,1,1,BURST_DAWN_NEW_DEVICE_METHOD
SIM-CUST-016-NORMAL-0113,SIM-CUST-016,Hwang Yuna,64863,2026-03-20T07:49:54,KR,Seoul,37.585323,126.992924,online-seoul-05,ONLINE,mobile-primary-sim-cust-016,CARD,7,4,0,0,0,0,0,NORMAL_BASELINE
SIM-CUST-002-NORMAL-0113,SIM-CUST-002,Lee Seoyeon,39054,2026-03-20T08:07:56,KR,Busan,35.157896,129.055325,dining-busan-05,DINING,mobile-primary-sim-cust-002,CARD,8,4,0,0,0,0,0,NORMAL_BASELINE
SIM-CUST-004-NORMAL-0113,SIM-CUST-004,Choi Haein,30891,2026-03-20T08:13:30,KR,Daegu,35.86901,128.613804,transport-daegu-05,TRANSPORT,mobile-primary-sim-cust-004,CARD,8,4,0,0,0,0,0,NORMAL_BASELINE
SIM-CUST-014-NORMAL-0113,SIM-CUST-014,Shin Haein,85680,2026-03-20T08:43:20,KR,Daegu,35.871475,128.615967,dining-daegu-05,DINING,web-trusted-sim-cust-014,E-PAY,8,4,0,0,0,0,0,NORMAL_BASELINE
SIM-CUST-020-NORMAL-0113,SIM-CUST-020,Moon Nari,38156,2026-03-20T09:01:02,KR,Daejeon,36.374222,127.378299,grocery-daejeon-05,GROCERY,mobile-primary-sim-cust-020,E-PAY,9,4,0,0,0,0,0,NORMAL_BASELINE
SIM-CUST-006-NORMAL-0113,SIM-CUST-006,Kang Yuna,109519,2026-03-20T09:19:04,KR,Seoul,37.579274,126.967981,dining-seoul-05,DINING,mobile-primary-sim-cust-006,ACCOUNT,9,4,0,0,0,0,0,NORMAL_BASELINE
SIM-CUST-008-NORMAL-0113,SIM-CUST-008,Yoon Sumin,49649,2026-03-20T09:25:38,KR,Incheon,37.455823,126.710359,transport-incheon-05,TRANSPORT,mobile-primary-sim-cust-008,CARD,9,4,0,0,0,0,0,NORMAL_BASELINE
SIM-CUST-001-NORMAL-0113,SIM-CUST-001,Kim Minjun,41013,2026-03-20T11:04:39,KR,Seoul,37.589364,126.955013,grocery-seoul-05,GROCERY,mobile-primary-sim-cust-001,CARD,11,4,0,0,0,0,0,NORMAL_BASELINE
SIM-CUST-007-NORMAL-0113,SIM-CUST-007,Cho Hyunwoo,69605,2026-03-20T11:22:21,KR,Busan,35.183304,129.059164,utility-busan-05,UTILITY,mobile-primary-sim-cust-007,E-PAY,11,4,0,0,0,0,0,NORMAL_BASELINE
SIM-CUST-019-NORMAL-0113,SIM-CUST-019,Hong Jiwon,117975,2026-03-20T11:58:45,KR,Daegu,35.894284,128.622969,grocery-daegu-05,GROCERY,mobile-primary-sim-cust-019,CARD,11,4,0,0,0,0,0,NORMAL_BASELINE
SIM-CUST-005-NORMAL-0113,SIM-CUST-005,Jung Doyun,70493,2026-03-20T12:16:47,KR,Daejeon,36.34477,127.389527,dining-daejeon-05,DINING,mobile-primary-sim-cust-005,CARD,12,4,0,0,0,0,0,NORMAL_BASELINE
SIM-CUST-009-NORMAL-0113,SIM-CUST-009,Jang Jiwon,140775,2026-03-20T13:28:55,KR,Daegu,35.850599,128.599811,grocery-daegu-05,GROCERY,mobile-primary-sim-cust-009,ACCOUNT,13,4,0,0,0,0,0,NORMAL_BASELINE
SIM-CUST-017-NORMAL-0113,SIM-CUST-017,Ahn Hyunwoo,58610,2026-03-20T13:52:11,KR,Busan,35.178409,129.064627,cafe-busan-05,CAFE,mobile-primary-sim-cust-017,E-PAY,13,4,0,0,0,0,0,NORMAL_BASELINE
SIM-CUST-018-NORMAL-0113,SIM-CUST-018,Song Sumin,53105,2026-03-20T15:55:28,KR,Incheon,37.435799,126.725992,grocery-incheon-05,GROCERY,mobile-primary-sim-cust-018,ACCOUNT,15,4,0,0,0,0,0,NORMAL_BASELINE
SIM-CUST-012-NORMAL-0113,SIM-CUST-012,Oh Seoyeon,34648,2026-03-20T16:37:46,KR,Busan,35.193868,129.067551,utility-busan-05,UTILITY,mobile-primary-sim-cust-012,ACCOUNT,16,4,0,0,0,0,0,NORMAL_BASELINE
SIM-CUST-014-N-TRAVEL-FOREIGN,SIM-CUST-014,Shin Haein,154895,2026-03-20T18:41:04,US,New York,40.7128,-74.006,travel-new-york-01,HOTEL,mobile-primary-sim-cust-014,E-PAY,18,4,1,0,0,0,0,NORMAL_TRAVEL_FOREIGN
SIM-CUST-010-NORMAL-0113,SIM-CUST-010,Lim Nari,37038,2026-03-20T19:31:12,KR,Daejeon,36.332622,127.405708,online-daejeon-05,ONLINE,mobile-primary-sim-cust-010,CARD,19,4,0,0,0,0,0,NORMAL_BASELINE
SIM-CUST-011-NORMAL-0113,SIM-CUST-011,Han Minjun,50342,2026-03-20T19:34:29,KR,Seoul,37.561332,126.968134,cafe-seoul-05,CAFE,mobile-primary-sim-cust-011,E-PAY,19,4,0,0,0,0,0,NORMAL_BASELINE
SIM-CUST-013-NORMAL-0113,SIM-CUST-013,Seo Jiho,91308,2026-03-20T20:40:03,KR,Incheon,37.434017,126.682935,online-incheon-05,ONLINE,mobile-primary-sim-cust-013,CARD,20,4,0,0,0,0,0,NORMAL_BASELINE
SIM-CUST-017-N-LARGE-PAYDAY,SIM-CUST-017,Ahn Hyunwoo,143816,2026-03-20T21:41:55,KR,Busan,35.1796,129.0756,medical-busan-payday,MEDICAL,mobile-primary-sim-cust-017,E-PAY,21,4,0,0,0,0,0,NORMAL_PAYDAY_LARGE_PURCHASE
SIM-CUST-015-NORMAL-0113,SIM-CUST-015,Kwon Doyun,79620,2026-03-20T21:46:37,KR,Daejeon,36.364771,127.364681,cafe-daejeon-05,CAFE,mobile-primary-sim-cust-015,ACCOUNT,21,4,0,0,0,0,0,NORMAL_BASELINE
SIM-CUST-003-NORMAL-0113,SIM-CUST-003,Park Jiho,53224,2026-03-20T22:10:13,KR,Incheon,37.434939,126.720433,cafe-incheon-05,CAFE,mobile-primary-sim-cust-003,E-PAY,22,4,0,0,0,0,0,NORMAL_BASELINE
SIM-CUST-016-N-LARGE-PAYDAY,SIM-CUST-016,Hwang Yuna,172850,2026-03-21T07:41:04,KR,Seoul,37.5665,126.978,shopping-seoul-payday,SHOPPING,mobile-primary-sim-cust-016,CARD,7,5,0,0,0,0,0,NORMAL_PAYDAY_LARGE_PURCHASE
SIM-CUST-004-NORMAL-0114,SIM-CUST-004,Choi Haein,29415,2026-03-21T08:20:04,KR,Daegu,35.88609,128.582473,transport-daegu-06,TRANSPORT,mobile-primary-sim-cust-004,CARD,8,5,0,0,0,0,0,NORMAL_BASELINE
SIM-CUST-009-NORMAL-0114,SIM-CUST-009,Jang Jiwon,139003,2026-03-21T08:35:29,KR,Daegu,35.85383,128.582789,utility-daegu-06,UTILITY,mobile-primary-sim-cust-009,ACCOUNT,8,5,0,0,0,0,0,NORMAL_BASELINE
SIM-CUST-014-NORMAL-0114,SIM-CUST-014,Shin Haein,83364,2026-03-21T08:50:54,KR,Daegu,35.8579,128.615021,utility-daegu-06,UTILITY,mobile-primary-sim-cust-014,E-PAY,8,5,0,0,0,0,0,NORMAL_BASELINE
SIM-CUST-018-NORMAL-0114,SIM-CUST-018,Song Sumin,52027,2026-03-21T09:02:02,KR,Incheon,37.44382,126.706463,cafe-incheon-06,CAFE,mobile-primary-sim-cust-018,ACCOUNT,9,5,0,0,0,0,0,NORMAL_BASELINE
SIM-CUST-020-NORMAL-0114,SIM-CUST-020,Moon Nari,34884,2026-03-21T09:08:36,KR,Daejeon,36.358794,127.374336,cafe-daejeon-06,CAFE,mobile-primary-sim-cust-020,E-PAY,9,5,0,0,0,0,0,NORMAL_BASELINE
SIM-CUST-001-NORMAL-0114,SIM-CUST-001,Kim Minjun,43564,2026-03-21T09:11:13,KR,Seoul,37.542519,126.960619,utility-seoul-06,UTILITY,mobile-primary-sim-cust-001,CARD,9,5,0,0,0,0,0,NORMAL_BASELINE
SIM-CUST-013-N-TRAVEL-FOREIGN,SIM-CUST-013,Seo Jiho,201053,2026-03-21T10:41:13,JP,Tokyo,35.6762,139.6503,travel-tokyo-01,HOTEL,mobile-primary-sim-cust-013,CARD,10,5,1,0,0,0,0,NORMAL_TRAVEL_FOREIGN
SIM-CUST-010-A-STEALTH-SMALL-TEST,SIM-CUST-010,Lim Nari,7000,2026-03-21T12:03:22,KR,Daejeon,36.3504,127.3845,digital-test-01-sim-cust-010,DIGITAL,mobile-primary-sim-cust-010,CARD,12,5,0,0,0,0,0,STEALTH_PRECURSOR_SMALL_TEST
SIM-CUST-010-A-STEALTH-LARGE-FOLLOWUP,SIM-CUST-010,Lim Nari,141023,2026-03-21T12:07:22,KR,Daejeon,36.3504,127.3845,electronics-followup-01-sim-cust-010,ELECTRONICS,mobile-primary-sim-cust-010,CARD,12,5,0,0,0,0,1,SMALL_TEST_THEN_LARGE
SIM-CUST-010-A-STEALTH-REPEAT-1,SIM-CUST-010,Lim Nari,63450,2026-03-21T12:21:22,KR,Daejeon,36.3504,127.3845,same-amount-01-sim-cust-010,ONLINE,mobile-primary-sim-cust-010,CARD,12,5,0,0,0,0,0,STEALTH_PRECURSOR_REPEAT_FIRST
SIM-CUST-010-A-STEALTH-REPEAT-2,SIM-CUST-010,Lim Nari,63450,2026-03-21T12:24:22,KR,Daejeon,36.3504,127.3845,same-amount-02-sim-cust-010,ONLINE,mobile-primary-sim-cust-010,CARD,12,5,0,0,0,0,1,SAME_AMOUNT_REPEATED
SIM-CUST-010-A-STEALTH-REPEAT-3,SIM-CUST-010,Lim Nari,63450,2026-03-21T12:27:22,KR,Daejeon,36.3504,127.3845,same-amount-03-sim-cust-010,ONLINE,mobile-primary-sim-cust-010,CARD,12,5,0,0,0,0,1,SAME_AMOUNT_REPEATED
SIM-CUST-020-N-NEW-DEVICE,SIM-CUST-020,Moon Nari,38412,2026-03-21T12:41:12,KR,Daejeon,36.3504,127.3845,cafe-daejeon-registered-device,CAFE,tablet-registered-sim-cust-020,E-PAY,12,5,0,1,0,0,0,NORMAL_REGISTERED_NEW_DEVICE
SIM-CUST-010-A-STEALTH-DISTRIBUTED-1,SIM-CUST-010,Lim Nari,56400,2026-03-21T12:43:22,KR,Daejeon,36.3504,127.3845,distributed-cafe-01-sim-cust-010,CAFE,mobile-primary-sim-cust-010,CARD,12,5,0,0,0,0,1,RAPID_DISTRIBUTED_MERCHANTS
SIM-CUST-010-A-STEALTH-DISTRIBUTED-2,SIM-CUST-010,Lim Nari,61100,2026-03-21T12:49:22,KR,Daejeon,36.3504,127.3845,distributed-grocery-01-sim-cust-010,GROCERY,mobile-primary-sim-cust-010,CARD,12,5,0,0,0,0,1,RAPID_DISTRIBUTED_MERCHANTS
SIM-CUST-015-NORMAL-0114,SIM-CUST-015,Kwon Doyun,84499,2026-03-21T12:53:11,KR,Daejeon,36.364981,127.3956,dining-daejeon-06,DINING,mobile-primary-sim-cust-015,ACCOUNT,12,5,0,0,0,0,0,NORMAL_BASELINE
SIM-CUST-010-A-STEALTH-DISTRIBUTED-3,SIM-CUST-010,Lim Nari,65800,2026-03-21T12:55:22,KR,Daejeon,36.3504,127.3845,distributed-dining-01-sim-cust-010,DINING,mobile-primary-sim-cust-010,CARD,12,5,0,0,0,0,1,RAPID_DISTRIBUTED_MERCHANTS
SIM-CUST-005-NORMAL-0114,SIM-CUST-005,Jung Doyun,77183,2026-03-21T13:23:21,KR,Daejeon,36.374375,127.405296,grocery-daejeon-06,GROCERY,mobile-primary-sim-cust-005,CARD,13,5,0,0,0,0,0,NORMAL_BASELINE
SIM-CUST-010-A-STEALTH-NEW-CATEGORY,SIM-CUST-010,Lim Nari,123397,2026-03-21T13:23:22,KR,Daejeon,36.3504,127.3845,new-category-jewelry-01-sim-cust-010,JEWELRY,mobile-primary-sim-cust-010,CARD,13,5,0,0,0,0,1,DOMESTIC_NEW_CATEGORY_HIGH_AMOUNT
SIM-CUST-010-NORMAL-0114,SIM-CUST-010,Lim Nari,41158,2026-03-21T13:38:46,KR,Daejeon,36.344113,127.389477,utility-daejeon-06,UTILITY,mobile-primary-sim-cust-010,CARD,13,5,0,0,0,0,0,NORMAL_BASELINE
SIM-CUST-017-NORMAL-0114,SIM-CUST-017,Ahn Hyunwoo,52808,2026-03-21T13:59:45,KR,Busan,35.164319,129.056957,cafe-busan-06,CAFE,mobile-primary-sim-cust-017,E-PAY,13,5,0,0,0,0,0,NORMAL_BASELINE
SIM-CUST-012-NORMAL-0114,SIM-CUST-012,Oh Seoyeon,40791,2026-03-21T14:44:20,KR,Busan,35.156601,129.086238,cafe-busan-06,CAFE,mobile-primary-sim-cust-012,ACCOUNT,14,5,0,0,0,0,0,NORMAL_BASELINE
SIM-CUST-006-NORMAL-0114,SIM-CUST-006,Kang Yuna,115265,2026-03-21T15:26:38,KR,Seoul,37.581338,126.980411,online-seoul-06,ONLINE,mobile-primary-sim-cust-006,ACCOUNT,15,5,0,0,0,0,0,NORMAL_BASELINE
SIM-CUST-008-NORMAL-0114,SIM-CUST-008,Yoon Sumin,57315,2026-03-21T16:32:12,KR,Incheon,37.449353,126.687597,utility-incheon-06,UTILITY,mobile-primary-sim-cust-008,CARD,16,5,0,0,0,0,0,NORMAL_BASELINE
SIM-CUST-002-NORMAL-0114,SIM-CUST-002,Lee Seoyeon,36504,2026-03-21T19:14:30,KR,Busan,35.197178,129.098821,grocery-busan-06,GROCERY,mobile-primary-sim-cust-002,CARD,19,5,0,0,0,0,0,NORMAL_BASELINE
SIM-CUST-007-NORMAL-0114,SIM-CUST-007,Cho Hyunwoo,64183,2026-03-21T19:29:55,KR,Busan,35.176782,129.057104,cafe-busan-06,CAFE,mobile-primary-sim-cust-007,E-PAY,19,5,0,0,0,0,0,NORMAL_BASELINE
SIM-CUST-016-NORMAL-0114,SIM-CUST-016,Hwang Yuna,56904,2026-03-21T19:56:28,KR,Seoul,37.591472,126.975127,cafe-seoul-06,CAFE,mobile-primary-sim-cust-016,CARD,19,5,0,0,0,0,0,NORMAL_BASELINE
SIM-CUST-019-NORMAL-0114,SIM-CUST-019,Hong Jiwon,137990,2026-03-21T20:05:19,KR,Daegu,35.872896,128.585547,cafe-daegu-06,CAFE,mobile-primary-sim-cust-019,CARD,20,5,0,0,0,0,0,NORMAL_BASELINE
SIM-CUST-011-NORMAL-0114,SIM-CUST-011,Han Minjun,58839,2026-03-21T20:41:03,KR,Seoul,37.560269,126.98759,utility-seoul-06,UTILITY,mobile-primary-sim-cust-011,E-PAY,20,5,0,0,0,0,0,NORMAL_BASELINE
SIM-CUST-013-NORMAL-0114,SIM-CUST-013,Seo Jiho,85910,2026-03-21T20:47:37,KR,Incheon,37.461017,126.721297,transport-incheon-06,TRANSPORT,mobile-primary-sim-cust-013,CARD,20,5,0,0,0,0,0,NORMAL_BASELINE
SIM-CUST-003-NORMAL-0114,SIM-CUST-003,Park Jiho,62154,2026-03-21T21:17:47,KR,Incheon,37.45527,126.723674,dining-incheon-06,DINING,mobile-primary-sim-cust-003,E-PAY,21,5,0,0,0,0,0,NORMAL_BASELINE
SIM-CUST-015-A-BURST-01,SIM-CUST-015,Kwon Doyun,254274,2026-03-22T01:05:41,KR,Daejeon,36.3504,127.3845,online-burst-01,ONLINE,burst-device-sim-cust-015,E-PAY,1,6,0,1,1,1,1,BURST_DAWN_NEW_DEVICE_METHOD
SIM-CUST-015-A-BURST-02,SIM-CUST-015,Kwon Doyun,309613,2026-03-22T01:13:41,KR,Daejeon,36.3504,127.3845,online-burst-02,ONLINE,burst-device-sim-cust-015,E-PAY,1,6,0,1,1,1,1,BURST_DAWN_NEW_DEVICE_METHOD
SIM-CUST-015-A-BURST-03,SIM-CUST-015,Kwon Doyun,207478,2026-03-22T01:21:41,KR,Daejeon,36.3504,127.3845,online-burst-03,ONLINE,burst-device-sim-cust-015,E-PAY,1,6,0,1,1,1,1,BURST_DAWN_NEW_DEVICE_METHOD
SIM-CUST-016-NORMAL-0115,SIM-CUST-016,Hwang Yuna,86573,2026-03-22T07:03:02,KR,Seoul,37.591134,126.954318,shopping-seoul-07,SHOPPING,mobile-primary-sim-cust-016,CARD,7,6,0,0,0,0,0,NORMAL_BASELINE
SIM-CUST-004-NORMAL-0115,SIM-CUST-004,Choi Haein,53959,2026-03-22T07:27:38,KR,Daegu,35.852936,128.617584,online-daegu-07,ONLINE,mobile-primary-sim-cust-004,CARD,7,6,0,0,0,0,0,NORMAL_BASELINE
SIM-CUST-014-NORMAL-0115,SIM-CUST-014,Shin Haein,138242,2026-03-22T09:57:28,KR,Daegu,35.88705,128.595293,utility-daegu-07,UTILITY,mobile-primary-sim-cust-014,E-PAY,9,6,0,0,0,0,0,NORMAL_BASELINE
SIM-CUST-001-NORMAL-0115,SIM-CUST-001,Kim Minjun,63643,2026-03-22T10:18:47,KR,Seoul,37.588888,126.976252,grocery-seoul-07,GROCERY,mobile-primary-sim-cust-001,CARD,10,6,0,0,0,0,0,NORMAL_BASELINE
SIM-CUST-006-NORMAL-0115,SIM-CUST-006,Kang Yuna,170650,2026-03-22T10:33:12,KR,Seoul,37.561238,126.961163,grocery-seoul-07,GROCERY,mobile-primary-sim-cust-006,ACCOUNT,10,6,0,0,0,0,0,NORMAL_BASELINE
SIM-CUST-009-NORMAL-0115,SIM-CUST-009,Jang Jiwon,209767,2026-03-22T10:42:03,KR,Daegu,35.861174,128.578786,online-daegu-07,ONLINE,mobile-primary-sim-cust-009,ACCOUNT,10,6,0,0,0,0,0,NORMAL_BASELINE
SIM-CUST-015-N-LARGE-PAYDAY,SIM-CUST-015,Kwon Doyun,229262,2026-03-22T11:41:13,KR,Daejeon,36.3504,127.3845,transport-daejeon-payday,TRANSPORT,mobile-primary-sim-cust-015,ACCOUNT,11,6,0,0,0,0,0,NORMAL_PAYDAY_LARGE_PURCHASE
SIM-CUST-015-NORMAL-0115,SIM-CUST-015,Kwon Doyun,119167,2026-03-22T12:00:45,KR,Daejeon,36.371049,127.399278,grocery-daejeon-07,GROCERY,web-trusted-sim-cust-015,ACCOUNT,12,6,0,0,0,0,0,NORMAL_BASELINE
SIM-CUST-019-NORMAL-0115,SIM-CUST-019,Hong Jiwon,169989,2026-03-22T12:12:53,KR,Daegu,35.894331,128.592769,transport-daegu-07,TRANSPORT,mobile-primary-sim-cust-019,CARD,12,6,0,0,0,0,0,NORMAL_BASELINE
SIM-CUST-020-NORMAL-0115,SIM-CUST-020,Moon Nari,60957,2026-03-22T12:15:10,KR,Daejeon,36.333835,127.38844,cafe-daejeon-07,CAFE,mobile-primary-sim-cust-020,E-PAY,12,6,0,0,0,0,0,NORMAL_BASELINE
SIM-CUST-003-NORMAL-0115,SIM-CUST-003,Park Jiho,100338,2026-03-22T12:24:21,KR,Incheon,37.44189,126.689701,online-incheon-07,ONLINE,mobile-primary-sim-cust-003,E-PAY,12,6,0,0,0,0,0,NORMAL_BASELINE
SIM-CUST-005-NORMAL-0115,SIM-CUST-005,Jung Doyun,131371,2026-03-22T12:30:55,KR,Daejeon,36.373925,127.382142,dining-daejeon-07,DINING,mobile-primary-sim-cust-005,CARD,12,6,0,0,0,0,0,NORMAL_BASELINE
SIM-CUST-017-NORMAL-0115,SIM-CUST-017,Ahn Hyunwoo,83504,2026-03-22T13:06:19,KR,Busan,35.200169,129.086005,dining-busan-07,DINING,mobile-primary-sim-cust-017,E-PAY,13,6,0,0,0,0,0,NORMAL_BASELINE
SIM-CUST-010-NORMAL-0115,SIM-CUST-010,Lim Nari,67179,2026-03-22T13:45:20,KR,Daejeon,36.354766,127.402222,utility-daejeon-07,UTILITY,mobile-primary-sim-cust-010,CARD,13,6,0,0,0,0,0,NORMAL_BASELINE
SIM-CUST-018-NORMAL-0115,SIM-CUST-018,Song Sumin,72989,2026-03-22T14:09:36,KR,Incheon,37.474225,126.694126,grocery-incheon-07,GROCERY,mobile-primary-sim-cust-018,ACCOUNT,14,6,0,0,0,0,0,NORMAL_BASELINE
SIM-CUST-009-A-STEALTH-SMALL-TEST,SIM-CUST-009,Jang Jiwon,7000,2026-03-22T15:03:05,KR,Daegu,35.8714,128.6014,digital-test-01-sim-cust-009,DIGITAL,mobile-primary-sim-cust-009,ACCOUNT,15,6,0,0,0,0,0,STEALTH_PRECURSOR_SMALL_TEST
SIM-CUST-009-A-STEALTH-LARGE-FOLLOWUP,SIM-CUST-009,Jang Jiwon,533085,2026-03-22T15:07:05,KR,Daegu,35.8714,128.6014,electronics-followup-01-sim-cust-009,ELECTRONICS,mobile-primary-sim-cust-009,ACCOUNT,15,6,0,0,0,0,1,SMALL_TEST_THEN_LARGE
SIM-CUST-009-A-STEALTH-REPEAT-1,SIM-CUST-009,Jang Jiwon,209250,2026-03-22T15:21:05,KR,Daegu,35.8714,128.6014,same-amount-01-sim-cust-009,ONLINE,mobile-primary-sim-cust-009,ACCOUNT,15,6,0,0,0,0,0,STEALTH_PRECURSOR_REPEAT_FIRST
SIM-CUST-009-A-STEALTH-REPEAT-2,SIM-CUST-009,Jang Jiwon,209250,2026-03-22T15:24:05,KR,Daegu,35.8714,128.6014,same-amount-02-sim-cust-009,ONLINE,mobile-primary-sim-cust-009,ACCOUNT,15,6,0,0,0,0,1,SAME_AMOUNT_REPEATED
SIM-CUST-009-A-STEALTH-REPEAT-3,SIM-CUST-009,Jang Jiwon,209250,2026-03-22T15:27:05,KR,Daegu,35.8714,128.6014,same-amount-03-sim-cust-009,ONLINE,mobile-primary-sim-cust-009,ACCOUNT,15,6,0,0,0,0,1,SAME_AMOUNT_REPEATED
SIM-CUST-008-NORMAL-0115,SIM-CUST-008,Yoon Sumin,75733,2026-03-22T15:39:46,KR,Incheon,37.445533,126.697768,grocery-incheon-07,GROCERY,mobile-primary-sim-cust-008,CARD,15,6,0,0,0,0,0,NORMAL_BASELINE
SIM-CUST-012-N-TRAVEL-FOREIGN,SIM-CUST-012,Oh Seoyeon,53419,2026-03-22T15:41:22,VN,Ho Chi Minh City,10.8231,106.6297,travel-ho-chi-minh-city-01,HOTEL,mobile-primary-sim-cust-012,ACCOUNT,15,6,1,0,0,0,0,NORMAL_TRAVEL_FOREIGN
SIM-CUST-009-A-STEALTH-DISTRIBUTED-1,SIM-CUST-009,Jang Jiwon,186000,2026-03-22T15:43:05,KR,Daegu,35.8714,128.6014,distributed-cafe-01-sim-cust-009,CAFE,mobile-primary-sim-cust-009,ACCOUNT,15,6,0,0,0,0,1,RAPID_DISTRIBUTED_MERCHANTS
SIM-CUST-009-A-STEALTH-DISTRIBUTED-2,SIM-CUST-009,Jang Jiwon,201500,2026-03-22T15:49:05,KR,Daegu,35.8714,128.6014,distributed-grocery-01-sim-cust-009,GROCERY,mobile-primary-sim-cust-009,ACCOUNT,15,6,0,0,0,0,1,RAPID_DISTRIBUTED_MERCHANTS
SIM-CUST-012-NORMAL-0115,SIM-CUST-012,Oh Seoyeon,61641,2026-03-22T15:51:54,KR,Busan,35.184944,129.098501,dining-busan-07,DINING,mobile-primary-sim-cust-012,ACCOUNT,15,6,0,0,0,0,0,NORMAL_BASELINE
SIM-CUST-009-A-STEALTH-DISTRIBUTED-3,SIM-CUST-009,Jang Jiwon,217000,2026-03-22T15:55:05,KR,Daegu,35.8714,128.6014,distributed-dining-01-sim-cust-009,DINING,mobile-primary-sim-cust-009,ACCOUNT,15,6,0,0,0,0,1,RAPID_DISTRIBUTED_MERCHANTS
SIM-CUST-009-A-STEALTH-NEW-CATEGORY,SIM-CUST-009,Jang Jiwon,422451,2026-03-22T16:23:05,KR,Daegu,35.8714,128.6014,new-category-jewelry-01-sim-cust-009,JEWELRY,mobile-primary-sim-cust-009,ACCOUNT,16,6,0,0,0,0,1,DOMESTIC_NEW_CATEGORY_HIGH_AMOUNT
SIM-CUST-002-NORMAL-0115,SIM-CUST-002,Lee Seoyeon,55610,2026-03-22T18:21:04,KR,Busan,35.183737,129.057671,online-busan-07,ONLINE,mobile-primary-sim-cust-002,CARD,18,6,0,0,0,0,0,NORMAL_BASELINE
SIM-CUST-019-N-NEW-DEVICE,SIM-CUST-019,Hong Jiwon,159505,2026-03-22T18:41:21,KR,Daegu,35.8714,128.6014,grocery-daegu-registered-device,GROCERY,tablet-registered-sim-cust-019,CARD,18,6,0,1,0,0,0,NORMAL_REGISTERED_NEW_DEVICE
SIM-CUST-013-NORMAL-0115,SIM-CUST-013,Seo Jiho,135723,2026-03-22T18:54:11,KR,Incheon,37.434343,126.717224,grocery-incheon-07,GROCERY,mobile-primary-sim-cust-013,CARD,18,6,0,0,0,0,0,NORMAL_BASELINE
SIM-CUST-007-NORMAL-0115,SIM-CUST-007,Cho Hyunwoo,89070,2026-03-22T20:36:29,KR,Busan,35.17378,129.054906,utility-busan-07,UTILITY,mobile-primary-sim-cust-007,E-PAY,20,6,0,0,0,0,0,NORMAL_BASELINE
SIM-CUST-011-NORMAL-0115,SIM-CUST-011,Han Minjun,90341,2026-03-22T21:48:37,KR,Seoul,37.584745,126.985516,cafe-seoul-07,CAFE,mobile-primary-sim-cust-011,E-PAY,21,6,0,0,0,0,0,NORMAL_BASELINE
SIM-CUST-014-A-BURST-01,SIM-CUST-014,Shin Haein,319445,2026-03-23T01:05:24,KR,Daegu,35.8714,128.6014,online-burst-01,ONLINE,burst-device-sim-cust-014,E-PAY,1,0,0,1,0,1,1,BURST_DAWN_NEW_DEVICE_METHOD
SIM-CUST-014-A-BURST-02,SIM-CUST-014,Shin Haein,320000,2026-03-23T01:13:24,KR,Daegu,35.8714,128.6014,online-burst-02,ONLINE,burst-device-sim-cust-014,E-PAY,1,0,0,1,0,1,1,BURST_DAWN_NEW_DEVICE_METHOD
SIM-CUST-014-A-BURST-03,SIM-CUST-014,Shin Haein,271925,2026-03-23T01:21:24,KR,Daegu,35.8714,128.6014,online-burst-03,ONLINE,burst-device-sim-cust-014,E-PAY,1,0,0,1,0,1,1,BURST_DAWN_NEW_DEVICE_METHOD
SIM-CUST-016-NORMAL-0116,SIM-CUST-016,Hwang Yuna,108312,2026-03-23T08:10:36,KR,Seoul,37.553768,126.964292,online-seoul-08,ONLINE,mobile-primary-sim-cust-016,CARD,8,0,0,0,0,0,0,NORMAL_BASELINE
SIM-CUST-020-NORMAL-0116,SIM-CUST-020,Moon Nari,58274,2026-03-23T08:22:44,KR,Daejeon,36.350913,127.408154,cafe-daejeon-08,CAFE,mobile-primary-sim-cust-020,E-PAY,8,0,0,0,0,0,0,NORMAL_BASELINE
SIM-CUST-009-NORMAL-0116,SIM-CUST-009,Jang Jiwon,216027,2026-03-23T08:49:37,KR,Daegu,35.871933,128.597051,utility-daegu-08,UTILITY,mobile-primary-sim-cust-009,ACCOUNT,8,0,0,0,0,0,0,NORMAL_BASELINE
SIM-CUST-004-NORMAL-0116,SIM-CUST-004,Choi Haein,55166,2026-03-23T09:34:12,KR,Daegu,35.850602,128.605706,dining-daegu-08,DINING,mobile-primary-sim-cust-004,CARD,9,0,0,0,0,0,0,NORMAL_BASELINE
SIM-CUST-014-N-LARGE-PAYDAY,SIM-CUST-014,Shin Haein,241710,2026-03-23T09:41:22,KR,Daegu,35.8714,128.6014,utility-daegu-payday,UTILITY,mobile-primary-sim-cust-014,E-PAY,9,0,0,0,0,0,0,NORMAL_PAYDAY_LARGE_PURCHASE
SIM-CUST-018-NORMAL-0116,SIM-CUST-018,Song Sumin,75682,2026-03-23T10:16:10,KR,Incheon,37.457325,126.691791,transfer-incheon-08,TRANSFER,mobile-primary-sim-cust-018,ACCOUNT,10,0,0,0,0,0,0,NORMAL_BASELINE
SIM-CUST-018-N-NEW-DEVICE,SIM-CUST-018,Song Sumin,58834,2026-03-23T10:41:30,KR,Incheon,37.4563,126.7052,transfer-incheon-registered-device,TRANSFER,tablet-registered-sim-cust-018,ACCOUNT,10,0,0,1,0,0,0,NORMAL_REGISTERED_NEW_DEVICE
SIM-CUST-015-NORMAL-0116,SIM-CUST-015,Kwon Doyun,122707,2026-03-23T11:07:19,KR,Daejeon,36.360086,127.382412,transport-daejeon-08,TRANSPORT,mobile-primary-sim-cust-015,ACCOUNT,11,0,0,0,0,0,0,NORMAL_BASELINE
SIM-CUST-001-NORMAL-0116,SIM-CUST-001,Kim Minjun,66598,2026-03-23T11:25:21,KR,Seoul,37.571862,126.990396,dining-seoul-08,DINING,mobile-primary-sim-cust-001,CARD,11,0,0,0,0,0,0,NORMAL_BASELINE
SIM-CUST-002-NORMAL-0116,SIM-CUST-002,Lee Seoyeon,61935,2026-03-23T12:28:38,KR,Busan,35.187707,129.057048,cafe-busan-08,CAFE,mobile-primary-sim-cust-002,CARD,12,0,0,0,0,0,0,NORMAL_BASELINE
SIM-CUST-005-NORMAL-0116,SIM-CUST-005,Jung Doyun,125211,2026-03-23T12:37:29,KR,Daejeon,36.369722,127.385115,dining-daejeon-08,DINING,mobile-primary-sim-cust-005,CARD,12,0,0,0,0,0,0,NORMAL_BASELINE
SIM-CUST-014-NORMAL-0116,SIM-CUST-014,Shin Haein,142393,2026-03-23T13:04:02,KR,Daegu,35.8599,128.580646,utility-daegu-08,UTILITY,mobile-primary-sim-cust-014,E-PAY,13,0,0,0,0,0,0,NORMAL_BASELINE
SIM-CUST-020-N-MONTH-END-SPEND,SIM-CUST-020,Moon Nari,81945,2026-03-23T13:41:04,KR,Daejeon,36.3504,127.3845,shopping-daejeon-month-end,SHOPPING,mobile-primary-sim-cust-020,E-PAY,13,0,0,0,0,0,0,NORMAL_MONTH_END_SPEND
SIM-CUST-011-NORMAL-0116,SIM-CUST-011,Han Minjun,86398,2026-03-23T13:55:11,KR,Seoul,37.54208,126.958831,cafe-seoul-08,CAFE,mobile-primary-sim-cust-011,E-PAY,13,0,0,0,0,0,0,NORMAL_BASELINE
SIM-CUST-006-NORMAL-0116,SIM-CUST-006,Kang Yuna,162250,2026-03-23T15:40:46,KR,Seoul,37.54546,126.984266,online-seoul-08,ONLINE,mobile-primary-sim-cust-006,ACCOUNT,15,0,0,0,0,0,0,NORMAL_BASELINE
SIM-CUST-008-NORMAL-0116,SIM-CUST-008,Yoon Sumin,72762,2026-03-23T15:46:20,KR,Incheon,37.467693,126.702411,online-incheon-08,ONLINE,mobile-primary-sim-cust-008,CARD,15,0,0,0,0,0,0,NORMAL_BASELINE
SIM-CUST-008-A-STEALTH-SMALL-TEST,SIM-CUST-008,Yoon Sumin,7000,2026-03-23T16:03:48,KR,Incheon,37.4563,126.7052,digital-test-01-sim-cust-008,DIGITAL,mobile-primary-sim-cust-008,CARD,16,0,0,0,0,0,0,STEALTH_PRECURSOR_SMALL_TEST
SIM-CUST-008-A-STEALTH-LARGE-FOLLOWUP,SIM-CUST-008,Yoon Sumin,189945,2026-03-23T16:07:48,KR,Incheon,37.4563,126.7052,electronics-followup-01-sim-cust-008,ELECTRONICS,mobile-primary-sim-cust-008,CARD,16,0,0,0,0,0,1,SMALL_TEST_THEN_LARGE
SIM-CUST-008-A-STEALTH-REPEAT-1,SIM-CUST-008,Yoon Sumin,78300,2026-03-23T16:21:48,KR,Incheon,37.4563,126.7052,same-amount-01-sim-cust-008,ONLINE,mobile-primary-sim-cust-008,CARD,16,0,0,0,0,0,0,STEALTH_PRECURSOR_REPEAT_FIRST
SIM-CUST-008-A-STEALTH-REPEAT-2,SIM-CUST-008,Yoon Sumin,78300,2026-03-23T16:24:48,KR,Incheon,37.4563,126.7052,same-amount-02-sim-cust-008,ONLINE,mobile-primary-sim-cust-008,CARD,16,0,0,0,0,0,1,SAME_AMOUNT_REPEATED
SIM-CUST-008-A-STEALTH-REPEAT-3,SIM-CUST-008,Yoon Sumin,78300,2026-03-23T16:27:48,KR,Incheon,37.4563,126.7052,same-amount-03-sim-cust-008,ONLINE,mobile-primary-sim-cust-008,CARD,16,0,0,0,0,0,1,SAME_AMOUNT_REPEATED
SIM-CUST-008-A-STEALTH-DISTRIBUTED-1,SIM-CUST-008,Yoon Sumin,69600,2026-03-23T16:43:48,KR,Incheon,37.4563,126.7052,distributed-cafe-01-sim-cust-008,CAFE,mobile-primary-sim-cust-008,CARD,16,0,0,0,0,0,1,RAPID_DISTRIBUTED_MERCHANTS
SIM-CUST-008-A-STEALTH-DISTRIBUTED-2,SIM-CUST-008,Yoon Sumin,75400,2026-03-23T16:49:48,KR,Incheon,37.4563,126.7052,distributed-grocery-01-sim-cust-008,GROCERY,mobile-primary-sim-cust-008,CARD,16,0,0,0,0,0,1,RAPID_DISTRIBUTED_MERCHANTS
SIM-CUST-008-A-STEALTH-DISTRIBUTED-3,SIM-CUST-008,Yoon Sumin,81200,2026-03-23T16:55:48,KR,Incheon,37.4563,126.7052,distributed-dining-01-sim-cust-008,DINING,mobile-primary-sim-cust-008,CARD,16,0,0,0,0,0,1,RAPID_DISTRIBUTED_MERCHANTS
SIM-CUST-012-NORMAL-0116,SIM-CUST-012,Oh Seoyeon,56930,2026-03-23T16:58:28,KR,Busan,35.194836,129.057731,cafe-busan-08,CAFE,mobile-primary-sim-cust-012,ACCOUNT,16,0,0,0,0,0,0,NORMAL_BASELINE
SIM-CUST-008-A-STEALTH-NEW-CATEGORY,SIM-CUST-008,Yoon Sumin,153919,2026-03-23T17:23:48,KR,Incheon,37.4563,126.7052,new-category-jewelry-01-sim-cust-008,JEWELRY,mobile-primary-sim-cust-008,CARD,17,0,0,0,0,0,1,DOMESTIC_NEW_CATEGORY_HIGH_AMOUNT
SIM-CUST-010-NORMAL-0116,SIM-CUST-010,Lim Nari,62651,2026-03-23T18:52:54,KR,Daejeon,36.328063,127.399281,dining-daejeon-08,DINING,mobile-primary-sim-cust-010,CARD,18,0,0,0,0,0,0,NORMAL_BASELINE
SIM-CUST-013-NORMAL-0116,SIM-CUST-013,Seo Jiho,153328,2026-03-23T19:01:45,KR,Incheon,37.466379,126.706013,grocery-incheon-08,GROCERY,mobile-primary-sim-cust-013,CARD,19,0,0,0,0,0,0,NORMAL_BASELINE
SIM-CUST-019-NORMAL-0116,SIM-CUST-019,Hong Jiwon,194923,2026-03-23T19:19:27,KR,Daegu,35.863465,128.600451,dining-daegu-08,DINING,mobile-primary-sim-cust-019,CARD,19,0,0,0,0,0,0,NORMAL_BASELINE
SIM-CUST-017-NORMAL-0116,SIM-CUST-017,Ahn Hyunwoo,91124,2026-03-23T20:13:53,KR,Busan,35.179029,129.074088,medical-busan-08,MEDICAL,mobile-primary-sim-cust-017,E-PAY,20,0,0,0,0,0,0,NORMAL_BASELINE
SIM-CUST-011-N-TRAVEL-FOREIGN,SIM-CUST-011,Han Minjun,120793,2026-03-23T20:41:31,US,New York,40.7128,-74.006,travel-new-york-01,HOTEL,mobile-primary-sim-cust-011,E-PAY,20,0,1,0,0,0,0,NORMAL_TRAVEL_FOREIGN
SIM-CUST-007-NORMAL-0116,SIM-CUST-007,Cho Hyunwoo,105136,2026-03-23T20:43:03,KR,Busan,35.184238,129.092409,shopping-busan-08,SHOPPING,mobile-primary-sim-cust-007,E-PAY,20,0,0,0,0,0,0,NORMAL_BASELINE
SIM-CUST-003-NORMAL-0116,SIM-CUST-003,Park Jiho,105580,2026-03-23T22:31:55,KR,Incheon,37.455246,126.69233,online-incheon-08,ONLINE,mobile-primary-sim-cust-003,E-PAY,22,0,0,0,0,0,0,NORMAL_BASELINE
SIM-CUST-013-A-BURST-01,SIM-CUST-013,Seo Jiho,308167,2026-03-24T01:05:07,KR,Incheon,37.4563,126.7052,online-burst-01,ONLINE,burst-device-sim-cust-013,E-PAY,1,1,0,1,1,1,1,BURST_DAWN_NEW_DEVICE_METHOD
SIM-CUST-013-A-BURST-02,SIM-CUST-013,Seo Jiho,241155,2026-03-24T01:13:07,KR,Incheon,37.4563,126.7052,online-burst-02,ONLINE,burst-device-sim-cust-013,E-PAY,1,1,0,1,1,1,1,BURST_DAWN_NEW_DEVICE_METHOD
SIM-CUST-013-A-BURST-03,SIM-CUST-013,Seo Jiho,300480,2026-03-24T01:21:07,KR,Incheon,37.4563,126.7052,online-burst-03,ONLINE,burst-device-sim-cust-013,E-PAY,1,1,0,1,1,1,1,BURST_DAWN_NEW_DEVICE_METHOD
SIM-CUST-004-NORMAL-0117,SIM-CUST-004,Choi Haein,32024,2026-03-24T07:41:46,KR,Daegu,35.891525,128.598572,transport-daegu-09,TRANSPORT,mobile-primary-sim-cust-004,CARD,7,1,0,0,0,0,0,NORMAL_BASELINE
SIM-CUST-014-NORMAL-0117,SIM-CUST-014,Shin Haein,100741,2026-03-24T08:11:36,KR,Daegu,35.883032,128.577408,grocery-daegu-09,GROCERY,mobile-primary-sim-cust-014,E-PAY,8,1,0,0,0,0,0,NORMAL_BASELINE
SIM-CUST-016-NORMAL-0117,SIM-CUST-016,Hwang Yuna,66061,2026-03-24T08:17:10,KR,Seoul,37.58973,126.995877,shopping-seoul-09,SHOPPING,web-trusted-sim-cust-016,CARD,8,1,0,0,0,0,0,NORMAL_BASELINE
SIM-CUST-020-NORMAL-0117,SIM-CUST-020,Moon Nari,40459,2026-03-24T08:29:18,KR,Daejeon,36.328045,127.382087,grocery-daejeon-09,GROCERY,mobile-primary-sim-cust-020,E-PAY,8,1,0,0,0,0,0,NORMAL_BASELINE
SIM-CUST-018-NORMAL-0117,SIM-CUST-018,Song Sumin,57459,2026-03-24T09:23:44,KR,Incheon,37.470455,126.723791,cafe-incheon-09,CAFE,mobile-primary-sim-cust-018,ACCOUNT,9,1,0,0,0,0,0,NORMAL_BASELINE
SIM-CUST-001-NORMAL-0117,SIM-CUST-001,Kim Minjun,47461,2026-03-24T09:32:55,KR,Seoul,37.557052,126.981934,dining-seoul-09,DINING,mobile-primary-sim-cust-001,CARD,9,1,0,0,0,0,0,NORMAL_BASELINE
SIM-CUST-019-NORMAL-0117,SIM-CUST-019,Hong Jiwon,135271,2026-03-24T10:26:01,KR,Daegu,35.884608,128.588958,grocery-daegu-09,GROCERY,mobile-primary-sim-cust-019,CARD,10,1,0,0,0,0,0,NORMAL_BASELINE
SIM-CUST-019-N-MONTH-END-SPEND,SIM-CUST-019,Hong Jiwon,202787,2026-03-24T10:41:13,KR,Daegu,35.8714,128.6014,shopping-daegu-month-end,SHOPPING,mobile-primary-sim-cust-019,CARD,10,1,0,0,0,0,0,NORMAL_MONTH_END_SPEND
SIM-CUST-011-NORMAL-0117,SIM-CUST-011,Han Minjun,64920,2026-03-24T11:02:45,KR,Seoul,37.566987,126.954151,grocery-seoul-09,GROCERY,mobile-primary-sim-cust-011,E-PAY,11,1,0,0,0,0,0,NORMAL_BASELINE
SIM-CUST-017-NORMAL-0117,SIM-CUST-017,Ahn Hyunwoo,65874,2026-03-24T11:20:27,KR,Busan,35.173807,129.058018,medical-busan-09,MEDICAL,mobile-primary-sim-cust-017,E-PAY,11,1,0,0,0,0,0,NORMAL_BASELINE
SIM-CUST-009-NORMAL-0117,SIM-CUST-009,Jang Jiwon,156098,2026-03-24T13:56:11,KR,Daegu,35.859069,128.589143,cafe-daegu-09,CAFE,mobile-primary-sim-cust-009,ACCOUNT,13,1,0,0,0,0,0,NORMAL_BASELINE
SIM-CUST-010-NORMAL-0117,SIM-CUST-010,Lim Nari,51716,2026-03-24T13:59:28,KR,Daejeon,36.369692,127.369962,online-daejeon-09,ONLINE,mobile-primary-sim-cust-010,CARD,13,1,0,0,0,0,0,NORMAL_BASELINE
SIM-CUST-012-NORMAL-0117,SIM-CUST-012,Oh Seoyeon,45119,2026-03-24T14:05:02,KR,Busan,35.193672,129.054958,cafe-busan-09,CAFE,mobile-primary-sim-cust-012,ACCOUNT,14,1,0,0,0,0,0,NORMAL_BASELINE
SIM-CUST-008-NORMAL-0117,SIM-CUST-008,Yoon Sumin,54626,2026-03-24T15:53:54,KR,Incheon,37.471584,126.728718,online-incheon-09,ONLINE,mobile-primary-sim-cust-008,CARD,15,1,0,0,0,0,0,NORMAL_BASELINE
SIM-CUST-006-NORMAL-0117,SIM-CUST-006,Kang Yuna,135839,2026-03-24T16:47:20,KR,Seoul,37.581879,126.987232,dining-seoul-09,DINING,mobile-primary-sim-cust-006,ACCOUNT,16,1,0,0,0,0,0,NORMAL_BASELINE
SIM-CUST-013-NORMAL-0117,SIM-CUST-013,Seo Jiho,103952,2026-03-24T18:08:19,KR,Incheon,37.442477,126.713984,dining-incheon-09,DINING,mobile-primary-sim-cust-013,CARD,18,1,0,0,0,0,0,NORMAL_BASELINE
SIM-CUST-002-NORMAL-0117,SIM-CUST-002,Lee Seoyeon,40708,2026-03-24T19:35:12,KR,Busan,35.173434,129.090183,utility-busan-09,UTILITY,mobile-primary-sim-cust-002,CARD,19,1,0,0,0,0,0,NORMAL_BASELINE
SIM-CUST-017-N-NEW-DEVICE,SIM-CUST-017,Ahn Hyunwoo,54619,2026-03-24T19:41:39,KR,Busan,35.1796,129.0756,medical-busan-registered-device,MEDICAL,tablet-registered-sim-cust-017,E-PAY,19,1,0,1,0,0,0,NORMAL_REGISTERED_NEW_DEVICE
SIM-CUST-013-N-LARGE-PAYDAY,SIM-CUST-013,Seo Jiho,256776,2026-03-24T20:41:31,KR,Incheon,37.4563,126.7052,online-incheon-payday,ONLINE,mobile-primary-sim-cust-013,CARD,20,1,0,0,0,0,0,NORMAL_PAYDAY_LARGE_PURCHASE
SIM-CUST-010-N-TRAVEL-FOREIGN,SIM-CUST-010,Lim Nari,85953,2026-03-24T20:41:40,JP,Tokyo,35.6762,139.6503,travel-tokyo-01,HOTEL,mobile-primary-sim-cust-010,CARD,20,1,1,0,0,0,0,NORMAL_TRAVEL_FOREIGN
SIM-CUST-007-NORMAL-0117,SIM-CUST-007,Cho Hyunwoo,70106,2026-03-24T20:50:37,KR,Busan,35.195472,129.086245,cafe-busan-09,CAFE,mobile-primary-sim-cust-007,E-PAY,20,1,0,0,0,0,0,NORMAL_BASELINE
SIM-CUST-007-A-STEALTH-SMALL-TEST,SIM-CUST-007,Cho Hyunwoo,7000,2026-03-24T21:03:31,KR,Busan,35.1796,129.0756,digital-test-01-sim-cust-007,DIGITAL,mobile-primary-sim-cust-007,E-PAY,21,1,0,0,0,0,0,STEALTH_PRECURSOR_SMALL_TEST
SIM-CUST-007-A-STEALTH-LARGE-FOLLOWUP,SIM-CUST-007,Cho Hyunwoo,250674,2026-03-24T21:07:31,KR,Busan,35.1796,129.0756,electronics-followup-01-sim-cust-007,ELECTRONICS,mobile-primary-sim-cust-007,E-PAY,21,1,0,0,0,0,1,SMALL_TEST_THEN_LARGE
SIM-CUST-007-A-STEALTH-REPEAT-1,SIM-CUST-007,Cho Hyunwoo,99900,2026-03-24T21:21:31,KR,Busan,35.1796,129.0756,same-amount-01-sim-cust-007,ONLINE,mobile-primary-sim-cust-007,E-PAY,21,1,0,0,0,0,0,STEALTH_PRECURSOR_REPEAT_FIRST
SIM-CUST-007-A-STEALTH-REPEAT-2,SIM-CUST-007,Cho Hyunwoo,99900,2026-03-24T21:24:31,KR,Busan,35.1796,129.0756,same-amount-02-sim-cust-007,ONLINE,mobile-primary-sim-cust-007,E-PAY,21,1,0,0,0,0,1,SAME_AMOUNT_REPEATED
SIM-CUST-007-A-STEALTH-REPEAT-3,SIM-CUST-007,Cho Hyunwoo,99900,2026-03-24T21:27:31,KR,Busan,35.1796,129.0756,same-amount-03-sim-cust-007,ONLINE,mobile-primary-sim-cust-007,E-PAY,21,1,0,0,0,0,1,SAME_AMOUNT_REPEATED
SIM-CUST-003-NORMAL-0117,SIM-CUST-003,Park Jiho,65756,2026-03-24T21:38:29,KR,Incheon,37.443267,126.696281,dining-incheon-09,DINING,mobile-primary-sim-cust-003,E-PAY,21,1,0,0,0,0,0,NORMAL_BASELINE
SIM-CUST-007-A-STEALTH-DISTRIBUTED-1,SIM-CUST-007,Cho Hyunwoo,88800,2026-03-24T21:43:31,KR,Busan,35.1796,129.0756,distributed-cafe-01-sim-cust-007,CAFE,mobile-primary-sim-cust-007,E-PAY,21,1,0,0,0,0,1,RAPID_DISTRIBUTED_MERCHANTS
SIM-CUST-005-NORMAL-0117,SIM-CUST-005,Jung Doyun,83399,2026-03-24T21:44:03,KR,Daejeon,36.362241,127.387179,cafe-daejeon-09,CAFE,mobile-primary-sim-cust-005,CARD,21,1,0,0,0,0,0,NORMAL_BASELINE
SIM-CUST-007-A-STEALTH-DISTRIBUTED-2,SIM-CUST-007,Cho Hyunwoo,96200,2026-03-24T21:49:31,KR,Busan,35.1796,129.0756,distributed-grocery-01-sim-cust-007,GROCERY,mobile-primary-sim-cust-007,E-PAY,21,1,0,0,0,0,1,RAPID_DISTRIBUTED_MERCHANTS
SIM-CUST-007-A-STEALTH-DISTRIBUTED-3,SIM-CUST-007,Cho Hyunwoo,103600,2026-03-24T21:55:31,KR,Busan,35.1796,129.0756,distributed-dining-01-sim-cust-007,DINING,mobile-primary-sim-cust-007,E-PAY,21,1,0,0,0,0,1,RAPID_DISTRIBUTED_MERCHANTS
SIM-CUST-015-NORMAL-0117,SIM-CUST-015,Kwon Doyun,85706,2026-03-24T22:14:53,KR,Daejeon,36.3384,127.374265,grocery-daejeon-09,GROCERY,mobile-primary-sim-cust-015,ACCOUNT,22,1,0,0,0,0,0,NORMAL_BASELINE
SIM-CUST-007-A-STEALTH-NEW-CATEGORY,SIM-CUST-007,Cho Hyunwoo,178121,2026-03-24T22:23:31,KR,Busan,35.1796,129.0756,new-category-jewelry-01-sim-cust-007,JEWELRY,mobile-primary-sim-cust-007,E-PAY,22,1,0,0,0,0,1,DOMESTIC_NEW_CATEGORY_HIGH_AMOUNT
SIM-CUST-012-A-BURST-01,SIM-CUST-012,Oh Seoyeon,138096,2026-03-25T01:05:50,KR,Busan,35.1796,129.0756,online-burst-01,ONLINE,burst-device-sim-cust-012,E-PAY,1,2,0,1,1,1,1,BURST_DAWN_NEW_DEVICE_METHOD
SIM-CUST-012-A-BURST-02,SIM-CUST-012,Oh Seoyeon,99679,2026-03-25T01:13:50,KR,Busan,35.1796,129.0756,online-burst-02,ONLINE,burst-device-sim-cust-012,E-PAY,1,2,0,1,1,1,1,BURST_DAWN_NEW_DEVICE_METHOD
SIM-CUST-012-A-BURST-03,SIM-CUST-012,Oh Seoyeon,121906,2026-03-25T01:21:50,KR,Busan,35.1796,129.0756,online-burst-03,ONLINE,burst-device-sim-cust-012,E-PAY,1,2,0,1,1,1,1,BURST_DAWN_NEW_DEVICE_METHOD
SIM-CUST-016-N-NEW-DEVICE,SIM-CUST-016,Hwang Yuna,62583,2026-03-25T07:41:48,KR,Seoul,37.5665,126.978,shopping-seoul-registered-device,SHOPPING,tablet-registered-sim-cust-016,CARD,7,2,0,1,0,0,0,NORMAL_REGISTERED_NEW_DEVICE
SIM-CUST-009-NORMAL-0118,SIM-CUST-009,Jang Jiwon,141058,2026-03-25T08:03:45,KR,Daegu,35.883426,128.599544,dining-daegu-10,DINING,mobile-primary-sim-cust-009,ACCOUNT,8,2,0,0,0,0,0,NORMAL_BASELINE
SIM-CUST-009-N-TRAVEL-FOREIGN,SIM-CUST-009,Jang Jiwon,249520,2026-03-25T08:41:49,VN,Ho Chi Minh City,10.8231,106.6297,travel-ho-chi-minh-city-01,HOTEL,mobile-primary-sim-cust-009,ACCOUNT,8,2,1,0,0,0,0,NORMAL_TRAVEL_FOREIGN
SIM-CUST-004-NORMAL-0118,SIM-CUST-004,Choi Haein,39990,2026-03-25T08:48:20,KR,Daegu,35.886844,128.582526,transport-daegu-10,TRANSPORT,mobile-primary-sim-cust-004,CARD,8,2,0,0,0,0,0,NORMAL_BASELINE
SIM-CUST-012-NORMAL-0118,SIM-CUST-012,Oh Seoyeon,38832,2026-03-25T09:12:36,KR,Busan,35.16938,129.054008,grocery-busan-10,GROCERY,mobile-primary-sim-cust-012,ACCOUNT,9,2,0,0,0,0,0,NORMAL_BASELINE
SIM-CUST-012-N-LARGE-PAYDAY,SIM-CUST-012,Oh Seoyeon,87038,2026-03-25T09:41:40,KR,Busan,35.1796,129.0756,dining-busan-payday,DINING,mobile-primary-sim-cust-012,ACCOUNT,9,2,0,0,0,0,0,NORMAL_PAYDAY_LARGE_PURCHASE
SIM-CUST-002-NORMAL-0118,SIM-CUST-002,Lee Seoyeon,47576,2026-03-25T09:42:46,KR,Busan,35.191539,129.084871,dining-busan-10,DINING,mobile-primary-sim-cust-002,CARD,9,2,0,0,0,0,0,NORMAL_BASELINE
SIM-CUST-018-NORMAL-0118,SIM-CUST-018,Song Sumin,58125,2026-03-25T10:30:18,KR,Incheon,37.452463,126.688596,transfer-incheon-10,TRANSFER,mobile-primary-sim-cust-018,ACCOUNT,10,2,0,0,0,0,0,NORMAL_BASELINE
SIM-CUST-001-NORMAL-0118,SIM-CUST-001,Kim Minjun,58527,2026-03-25T11:39:29,KR,Seoul,37.560265,127.000074,cafe-seoul-10,CAFE,mobile-primary-sim-cust-001,CARD,11,2,0,0,0,0,0,NORMAL_BASELINE
SIM-CUST-010-NORMAL-0118,SIM-CUST-010,Lim Nari,51571,2026-03-25T12:06:02,KR,Daejeon,36.356144,127.367872,dining-daejeon-10,DINING,mobile-primary-sim-cust-010,CARD,12,2,0,0,0,0,0,NORMAL_BASELINE
SIM-CUST-003-NORMAL-0118,SIM-CUST-003,Park Jiho,70384,2026-03-25T12:45:03,KR,Incheon,37.449263,126.693278,grocery-incheon-10,GROCERY,mobile-primary-sim-cust-003,E-PAY,12,2,0,0,0,0,0,NORMAL_BASELINE
SIM-CUST-005-NORMAL-0118,SIM-CUST-005,Jung Doyun,93010,2026-03-25T12:51:37,KR,Daejeon,36.339929,127.376765,dining-daejeon-10,DINING,mobile-primary-sim-cust-005,CARD,12,2,0,0,0,0,0,NORMAL_BASELINE
SIM-CUST-017-NORMAL-0118,SIM-CUST-017,Ahn Hyunwoo,62509,2026-03-25T13:27:01,KR,Busan,35.18473,129.095146,medical-busan-10,MEDICAL,mobile-primary-sim-cust-017,E-PAY,13,2,0,0,0,0,0,NORMAL_BASELINE
SIM-CUST-006-NORMAL-0118,SIM-CUST-006,Kang Yuna,129332,2026-03-25T14:54:54,KR,Seoul,37.554941,126.9624,cafe-seoul-10,CAFE,mobile-primary-sim-cust-006,ACCOUNT,14,2,0,0,0,0,0,NORMAL_BASELINE
SIM-CUST-008-NORMAL-0118,SIM-CUST-008,Yoon Sumin,58360,2026-03-25T15:00:28,KR,Incheon,37.473076,126.710097,dining-incheon-10,DINING,mobile-primary-sim-cust-008,CARD,15,2,0,0,0,0,0,NORMAL_BASELINE
SIM-CUST-018-N-MONTH-END-SPEND,SIM-CUST-018,Song Sumin,116749,2026-03-25T16:41:22,KR,Incheon,37.4563,126.7052,shopping-incheon-month-end,SHOPPING,mobile-primary-sim-cust-018,ACCOUNT,16,2,0,0,0,0,0,NORMAL_MONTH_END_SPEND
SIM-CUST-016-NORMAL-0118,SIM-CUST-016,Hwang Yuna,70440,2026-03-25T18:24:44,KR,Seoul,37.569061,126.981404,online-seoul-10,ONLINE,mobile-primary-sim-cust-016,CARD,18,2,0,0,0,0,0,NORMAL_BASELINE
SIM-CUST-014-NORMAL-0118,SIM-CUST-014,Shin Haein,102071,2026-03-25T19:18:10,KR,Daegu,35.853992,128.613194,online-daegu-10,ONLINE,mobile-primary-sim-cust-014,E-PAY,19,2,0,0,0,0,0,NORMAL_BASELINE
SIM-CUST-020-NORMAL-0118,SIM-CUST-020,Moon Nari,40019,2026-03-25T19:36:52,KR,Daejeon,36.34892,127.364914,cafe-daejeon-10,CAFE,mobile-primary-sim-cust-020,E-PAY,19,2,0,0,0,0,0,NORMAL_BASELINE
SIM-CUST-011-NORMAL-0118,SIM-CUST-011,Han Minjun,64385,2026-03-25T20:09:19,KR,Seoul,37.576186,126.957728,transport-seoul-10,TRANSPORT,mobile-primary-sim-cust-011,E-PAY,20,2,0,0,0,0,0,NORMAL_BASELINE
SIM-CUST-013-NORMAL-0118,SIM-CUST-013,Seo Jiho,111082,2026-03-25T20:15:53,KR,Incheon,37.467257,126.727027,online-incheon-10,ONLINE,mobile-primary-sim-cust-013,CARD,20,2,0,0,0,0,0,NORMAL_BASELINE
SIM-CUST-015-NORMAL-0118,SIM-CUST-015,Kwon Doyun,93375,2026-03-25T20:21:27,KR,Daejeon,36.338296,127.373265,transport-daejeon-10,TRANSPORT,mobile-primary-sim-cust-015,ACCOUNT,20,2,0,0,0,0,0,NORMAL_BASELINE
SIM-CUST-019-NORMAL-0118,SIM-CUST-019,Hong Jiwon,136467,2026-03-25T20:33:35,KR,Daegu,35.866498,128.618496,grocery-daegu-10,GROCERY,mobile-primary-sim-cust-019,CARD,20,2,0,0,0,0,0,NORMAL_BASELINE
SIM-CUST-017-A-NEW-METHOD,SIM-CUST-017,Ahn Hyunwoo,180000,2026-03-25T21:17:05,KR,Busan,35.1796,129.0756,online-busan-fraud,ONLINE,new-browser-sim-cust-017,CARD,21,2,0,1,1,0,1,NEW_DEVICE_PAYMENT_METHOD
SIM-CUST-007-NORMAL-0118,SIM-CUST-007,Cho Hyunwoo,83553,2026-03-25T21:57:11,KR,Busan,35.192821,129.078989,shopping-busan-10,SHOPPING,mobile-primary-sim-cust-007,E-PAY,21,2,0,0,0,0,0,NORMAL_BASELINE
SIM-CUST-006-NORMAL-0119,SIM-CUST-006,Kang Yuna,126568,2026-03-26T09:01:28,KR,Seoul,37.573345,126.983886,transfer-seoul-11,TRANSFER,mobile-primary-sim-cust-006,ACCOUNT,9,3,0,0,0,0,0,NORMAL_BASELINE
SIM-CUST-009-NORMAL-0119,SIM-CUST-009,Jang Jiwon,147451,2026-03-26T09:10:19,KR,Daegu,35.867213,128.611619,online-daegu-11,ONLINE,mobile-primary-sim-cust-009,ACCOUNT,9,3,0,0,0,0,0,NORMAL_BASELINE
SIM-CUST-018-NORMAL-0119,SIM-CUST-018,Song Sumin,56369,2026-03-26T09:37:52,KR,Incheon,37.466926,126.683569,online-incheon-11,ONLINE,mobile-primary-sim-cust-018,ACCOUNT,9,3,0,0,0,0,0,NORMAL_BASELINE
SIM-CUST-008-N-TRAVEL-FOREIGN,SIM-CUST-008,Yoon Sumin,102137,2026-03-26T09:41:58,US,New York,40.7128,-74.006,travel-new-york-01,HOTEL,mobile-primary-sim-cust-008,CARD,9,3,1,0,0,0,0,NORMAL_TRAVEL_FOREIGN
SIM-CUST-020-NORMAL-0119,SIM-CUST-020,Moon Nari,48404,2026-03-26T09:43:26,KR,Daejeon,36.350383,127.38517,utility-daejeon-11,UTILITY,mobile-primary-sim-cust-020,E-PAY,9,3,0,0,0,0,0,NORMAL_BASELINE
SIM-CUST-007-NORMAL-0119,SIM-CUST-007,Cho Hyunwoo,86615,2026-03-26T10:04:45,KR,Busan,35.178014,129.073379,online-busan-11,ONLINE,mobile-primary-sim-cust-007,E-PAY,10,3,0,0,0,0,0,NORMAL_BASELINE
SIM-CUST-008-NORMAL-0119,SIM-CUST-008,Yoon Sumin,61417,2026-03-26T10:07:02,KR,Incheon,37.474676,126.729532,medical-incheon-11,MEDICAL,mobile-primary-sim-cust-008,CARD,10,3,0,0,0,0,0,NORMAL_BASELINE
SIM-CUST-015-NORMAL-0119,SIM-CUST-015,Kwon Doyun,89889,2026-03-26T10:28:01,KR,Daejeon,36.339822,127.370551,dining-daejeon-11,DINING,mobile-primary-sim-cust-015,ACCOUNT,10,3,0,0,0,0,0,NORMAL_BASELINE
SIM-CUST-001-NORMAL-0119,SIM-CUST-001,Kim Minjun,57879,2026-03-26T10:46:03,KR,Seoul,37.572862,126.958095,grocery-seoul-11,GROCERY,mobile-primary-sim-cust-001,CARD,10,3,0,0,0,0,0,NORMAL_BASELINE
SIM-CUST-011-N-LARGE-PAYDAY,SIM-CUST-011,Han Minjun,172158,2026-03-26T12:41:49,KR,Seoul,37.5665,126.978,cafe-seoul-payday,CAFE,mobile-primary-sim-cust-011,E-PAY,12,3,0,0,0,0,0,NORMAL_PAYDAY_LARGE_PURCHASE
SIM-CUST-014-NORMAL-0119,SIM-CUST-014,Shin Haein,105902,2026-03-26T13:25:44,KR,Daegu,35.862009,128.592586,utility-daegu-11,UTILITY,mobile-primary-sim-cust-014,E-PAY,13,3,0,0,0,0,0,NORMAL_BASELINE
SIM-CUST-017-N-MONTH-END-SPEND,SIM-CUST-017,Ahn Hyunwoo,117077,2026-03-26T13:41:31,KR,Busan,35.1796,129.0756,shopping-busan-month-end,SHOPPING,mobile-primary-sim-cust-017,E-PAY,13,3,0,0,0,0,0,NORMAL_MONTH_END_SPEND
SIM-CUST-012-NORMAL-0119,SIM-CUST-012,Oh Seoyeon,39455,2026-03-26T16:19:10,KR,Busan,35.163559,129.089197,grocery-busan-11,GROCERY,mobile-primary-sim-cust-012,ACCOUNT,16,3,0,0,0,0,0,NORMAL_BASELINE
SIM-CUST-016-NORMAL-0119,SIM-CUST-016,Hwang Yuna,74896,2026-03-26T18:31:18,KR,Seoul,37.561481,126.981773,shopping-seoul-11,SHOPPING,mobile-primary-sim-cust-016,CARD,18,3,0,0,0,0,0,NORMAL_BASELINE
SIM-CUST-019-NORMAL-0119,SIM-CUST-019,Hong Jiwon,147206,2026-03-26T18:40:09,KR,Daegu,35.865396,128.607631,cafe-daegu-11,CAFE,mobile-primary-sim-cust-019,CARD,18,3,0,0,0,0,0,NORMAL_BASELINE
SIM-CUST-002-NORMAL-0119,SIM-CUST-002,Lee Seoyeon,47644,2026-03-26T18:49:20,KR,Busan,35.180024,129.051512,cafe-busan-11,CAFE,mobile-primary-sim-cust-002,CARD,18,3,0,0,0,0,0,NORMAL_BASELINE
SIM-CUST-004-NORMAL-0119,SIM-CUST-004,Choi Haein,42177,2026-03-26T18:55:54,KR,Daegu,35.868058,128.612622,transport-daegu-11,TRANSPORT,mobile-primary-sim-cust-004,CARD,18,3,0,0,0,0,0,NORMAL_BASELINE
SIM-CUST-010-NORMAL-0119,SIM-CUST-010,Lim Nari,51777,2026-03-26T19:13:36,KR,Daejeon,36.350858,127.384429,dining-daejeon-11,DINING,mobile-primary-sim-cust-010,CARD,19,3,0,0,0,0,0,NORMAL_BASELINE
SIM-CUST-005-A-STEALTH-SMALL-TEST,SIM-CUST-005,Jung Doyun,7000,2026-03-26T20:03:57,KR,Daejeon,36.3504,127.3845,digital-test-01-sim-cust-005,DIGITAL,mobile-primary-sim-cust-005,CARD,20,3,0,0,0,0,0,STEALTH_PRECURSOR_SMALL_TEST
SIM-CUST-005-A-STEALTH-LARGE-FOLLOWUP,SIM-CUST-005,Jung Doyun,278873,2026-03-26T20:07:57,KR,Daejeon,36.3504,127.3845,electronics-followup-01-sim-cust-005,ELECTRONICS,mobile-primary-sim-cust-005,CARD,20,3,0,0,0,0,1,SMALL_TEST_THEN_LARGE
SIM-CUST-011-NORMAL-0119,SIM-CUST-011,Han Minjun,66863,2026-03-26T20:16:53,KR,Seoul,37.57373,126.974683,cafe-seoul-11,CAFE,mobile-primary-sim-cust-011,E-PAY,20,3,0,0,0,0,0,NORMAL_BASELINE
SIM-CUST-005-A-STEALTH-REPEAT-1,SIM-CUST-005,Jung Doyun,118800,2026-03-26T20:21:57,KR,Daejeon,36.3504,127.3845,same-amount-01-sim-cust-005,ONLINE,mobile-primary-sim-cust-005,CARD,20,3,0,0,0,0,0,STEALTH_PRECURSOR_REPEAT_FIRST
SIM-CUST-013-NORMAL-0119,SIM-CUST-013,Seo Jiho,116796,2026-03-26T20:22:27,KR,Incheon,37.437035,126.680202,grocery-incheon-11,GROCERY,mobile-primary-sim-cust-013,CARD,20,3,0,0,0,0,0,NORMAL_BASELINE
SIM-CUST-005-A-STEALTH-REPEAT-2,SIM-CUST-005,Jung Doyun,118800,2026-03-26T20:24:57,KR,Daejeon,36.3504,127.3845,same-amount-02-sim-cust-005,ONLINE,mobile-primary-sim-cust-005,CARD,20,3,0,0,0,0,1,SAME_AMOUNT_REPEATED
SIM-CUST-005-A-STEALTH-REPEAT-3,SIM-CUST-005,Jung Doyun,118800,2026-03-26T20:27:57,KR,Daejeon,36.3504,127.3845,same-amount-03-sim-cust-005,ONLINE,mobile-primary-sim-cust-005,CARD,20,3,0,0,0,0,1,SAME_AMOUNT_REPEATED
SIM-CUST-005-A-STEALTH-DISTRIBUTED-1,SIM-CUST-005,Jung Doyun,105600,2026-03-26T20:43:57,KR,Daejeon,36.3504,127.3845,distributed-cafe-01-sim-cust-005,CAFE,mobile-primary-sim-cust-005,CARD,20,3,0,0,0,0,1,RAPID_DISTRIBUTED_MERCHANTS
SIM-CUST-005-A-STEALTH-DISTRIBUTED-2,SIM-CUST-005,Jung Doyun,114400,2026-03-26T20:49:57,KR,Daejeon,36.3504,127.3845,distributed-grocery-01-sim-cust-005,GROCERY,mobile-primary-sim-cust-005,CARD,20,3,0,0,0,0,1,RAPID_DISTRIBUTED_MERCHANTS
SIM-CUST-005-A-STEALTH-DISTRIBUTED-3,SIM-CUST-005,Jung Doyun,123200,2026-03-26T20:55:57,KR,Daejeon,36.3504,127.3845,distributed-dining-01-sim-cust-005,DINING,mobile-primary-sim-cust-005,CARD,20,3,0,0,0,0,1,RAPID_DISTRIBUTED_MERCHANTS
SIM-CUST-005-A-STEALTH-NEW-CATEGORY,SIM-CUST-005,Jung Doyun,222622,2026-03-26T21:23:57,KR,Daejeon,36.3504,127.3845,new-category-jewelry-01-sim-cust-005,JEWELRY,mobile-primary-sim-cust-005,CARD,21,3,0,0,0,0,1,DOMESTIC_NEW_CATEGORY_HIGH_AMOUNT
SIM-CUST-017-NORMAL-0119,SIM-CUST-017,Ahn Hyunwoo,64210,2026-03-26T21:34:35,KR,Busan,35.193472,129.090164,medical-busan-11,MEDICAL,web-trusted-sim-cust-017,E-PAY,21,3,0,0,0,0,0,NORMAL_BASELINE
SIM-CUST-015-N-NEW-DEVICE,SIM-CUST-015,Kwon Doyun,110284,2026-03-26T21:41:57,KR,Daejeon,36.3504,127.3845,transport-daejeon-registered-device,TRANSPORT,tablet-registered-sim-cust-015,ACCOUNT,21,3,0,1,0,0,0,NORMAL_REGISTERED_NEW_DEVICE
SIM-CUST-003-NORMAL-0119,SIM-CUST-003,Park Jiho,71860,2026-03-26T21:52:37,KR,Incheon,37.471441,126.716321,online-incheon-11,ONLINE,mobile-primary-sim-cust-003,E-PAY,21,3,0,0,0,0,0,NORMAL_BASELINE
SIM-CUST-005-NORMAL-0119,SIM-CUST-005,Jung Doyun,98386,2026-03-26T21:58:11,KR,Daejeon,36.374159,127.368391,dining-daejeon-11,DINING,mobile-primary-sim-cust-005,CARD,21,3,0,0,0,0,0,NORMAL_BASELINE
SIM-CUST-010-A-BURST-01,SIM-CUST-010,Lim Nari,145472,2026-03-27T01:05:16,KR,Daejeon,36.3504,127.3845,online-burst-01,ONLINE,burst-device-sim-cust-010,E-PAY,1,4,0,1,1,1,1,BURST_DAWN_NEW_DEVICE_METHOD
SIM-CUST-010-A-BURST-02,SIM-CUST-010,Lim Nari,151666,2026-03-27T01:13:16,KR,Daejeon,36.3504,127.3845,online-burst-02,ONLINE,burst-device-sim-cust-010,E-PAY,1,4,0,1,1,1,1,BURST_DAWN_NEW_DEVICE_METHOD
SIM-CUST-010-A-BURST-03,SIM-CUST-010,Lim Nari,125772,2026-03-27T01:21:16,KR,Daejeon,36.3504,127.3845,online-burst-03,ONLINE,burst-device-sim-cust-010,E-PAY,1,4,0,1,1,1,1,BURST_DAWN_NEW_DEVICE_METHOD
SIM-CUST-004-A-STEALTH-SMALL-TEST,SIM-CUST-004,Choi Haein,7000,2026-03-27T08:03:40,KR,Daegu,35.8714,128.6014,digital-test-01-sim-cust-004,DIGITAL,mobile-primary-sim-cust-004,CARD,8,4,0,0,0,0,0,STEALTH_PRECURSOR_SMALL_TEST
SIM-CUST-004-A-STEALTH-LARGE-FOLLOWUP,SIM-CUST-004,Choi Haein,124908,2026-03-27T08:07:40,KR,Daegu,35.8714,128.6014,electronics-followup-01-sim-cust-004,ELECTRONICS,mobile-primary-sim-cust-004,CARD,8,4,0,0,0,0,1,SMALL_TEST_THEN_LARGE
SIM-CUST-004-A-STEALTH-REPEAT-1,SIM-CUST-004,Choi Haein,48600,2026-03-27T08:21:40,KR,Daegu,35.8714,128.6014,same-amount-01-sim-cust-004,ONLINE,mobile-primary-sim-cust-004,CARD,8,4,0,0,0,0,0,STEALTH_PRECURSOR_REPEAT_FIRST
SIM-CUST-004-A-STEALTH-REPEAT-2,SIM-CUST-004,Choi Haein,48600,2026-03-27T08:24:40,KR,Daegu,35.8714,128.6014,same-amount-02-sim-cust-004,ONLINE,mobile-primary-sim-cust-004,CARD,8,4,0,0,0,0,1,SAME_AMOUNT_REPEATED
SIM-CUST-004-A-STEALTH-REPEAT-3,SIM-CUST-004,Choi Haein,48600,2026-03-27T08:27:40,KR,Daegu,35.8714,128.6014,same-amount-03-sim-cust-004,ONLINE,mobile-primary-sim-cust-004,CARD,8,4,0,0,0,0,1,SAME_AMOUNT_REPEATED
SIM-CUST-004-A-STEALTH-DISTRIBUTED-1,SIM-CUST-004,Choi Haein,43200,2026-03-27T08:43:40,KR,Daegu,35.8714,128.6014,distributed-cafe-01-sim-cust-004,CAFE,mobile-primary-sim-cust-004,CARD,8,4,0,0,0,0,1,RAPID_DISTRIBUTED_MERCHANTS
SIM-CUST-004-A-STEALTH-DISTRIBUTED-2,SIM-CUST-004,Choi Haein,46800,2026-03-27T08:49:40,KR,Daegu,35.8714,128.6014,distributed-grocery-01-sim-cust-004,GROCERY,mobile-primary-sim-cust-004,CARD,8,4,0,0,0,0,1,RAPID_DISTRIBUTED_MERCHANTS
SIM-CUST-004-A-STEALTH-DISTRIBUTED-3,SIM-CUST-004,Choi Haein,50400,2026-03-27T08:55:40,KR,Daegu,35.8714,128.6014,distributed-dining-01-sim-cust-004,DINING,mobile-primary-sim-cust-004,CARD,8,4,0,0,0,0,1,RAPID_DISTRIBUTED_MERCHANTS
SIM-CUST-008-NORMAL-0120,SIM-CUST-008,Yoon Sumin,55077,2026-03-27T09:14:36,KR,Incheon,37.450089,126.680531,utility-incheon-12,UTILITY,mobile-primary-sim-cust-008,CARD,9,4,0,0,0,0,0,NORMAL_BASELINE
SIM-CUST-004-A-STEALTH-NEW-CATEGORY,SIM-CUST-004,Choi Haein,91388,2026-03-27T09:23:40,KR,Daegu,35.8714,128.6014,new-category-jewelry-01-sim-cust-004,JEWELRY,mobile-primary-sim-cust-004,CARD,9,4,0,0,0,0,1,DOMESTIC_NEW_CATEGORY_HIGH_AMOUNT
SIM-CUST-014-N-NEW-DEVICE,SIM-CUST-014,Shin Haein,96149,2026-03-27T09:41:06,KR,Daegu,35.8714,128.6014,utility-daegu-registered-device,UTILITY,tablet-registered-sim-cust-014,E-PAY,9,4,0,1,0,0,0,NORMAL_REGISTERED_NEW_DEVICE
SIM-CUST-018-NORMAL-0120,SIM-CUST-018,Song Sumin,56528,2026-03-27T09:44:26,KR,Incheon,37.457998,126.719153,transfer-incheon-12,TRANSFER,mobile-primary-sim-cust-018,ACCOUNT,9,4,0,0,0,0,0,NORMAL_BASELINE
SIM-CUST-020-NORMAL-0120,SIM-CUST-020,Moon Nari,43122,2026-03-27T09:50:00,KR,Daejeon,36.357353,127.403409,cafe-daejeon-12,CAFE,mobile-primary-sim-cust-020,E-PAY,9,4,0,0,0,0,0,NORMAL_BASELINE
SIM-CUST-009-NORMAL-0120,SIM-CUST-009,Jang Jiwon,142588,2026-03-27T10:17:53,KR,Daegu,35.879913,128.607591,cafe-daegu-12,CAFE,mobile-primary-sim-cust-009,ACCOUNT,10,4,0,0,0,0,0,NORMAL_BASELINE
SIM-CUST-019-NORMAL-0120,SIM-CUST-019,Hong Jiwon,144150,2026-03-27T10:47:43,KR,Daegu,35.864244,128.614346,grocery-daegu-12,GROCERY,mobile-primary-sim-cust-019,CARD,10,4,0,0,0,0,0,NORMAL_BASELINE
SIM-CUST-007-N-TRAVEL-FOREIGN,SIM-CUST-007,Cho Hyunwoo,136735,2026-03-27T11:41:07,JP,Tokyo,35.6762,139.6503,travel-tokyo-01,HOTEL,mobile-primary-sim-cust-007,E-PAY,11,4,1,0,0,0,0,NORMAL_TRAVEL_FOREIGN
SIM-CUST-015-NORMAL-0120,SIM-CUST-015,Kwon Doyun,89842,2026-03-27T12:35:35,KR,Daejeon,36.340733,127.395292,cafe-daejeon-12,CAFE,mobile-primary-sim-cust-015,ACCOUNT,12,4,0,0,0,0,0,NORMAL_BASELINE
SIM-CUST-002-NORMAL-0120,SIM-CUST-002,Lee Seoyeon,37291,2026-03-27T12:56:54,KR,Busan,35.201983,129.074914,cafe-busan-12,CAFE,mobile-primary-sim-cust-002,CARD,12,4,0,0,0,0,0,NORMAL_BASELINE
SIM-CUST-003-NORMAL-0120,SIM-CUST-003,Park Jiho,61301,2026-03-27T12:59:11,KR,Incheon,37.451997,126.708326,utility-incheon-12,UTILITY,mobile-primary-sim-cust-003,E-PAY,12,4,0,0,0,0,0,NORMAL_BASELINE
SIM-CUST-017-NORMAL-0120,SIM-CUST-017,Ahn Hyunwoo,54898,2026-03-27T13:41:09,KR,Busan,35.193488,129.074287,dining-busan-12,DINING,mobile-primary-sim-cust-017,E-PAY,13,4,0,0,0,0,0,NORMAL_BASELINE
SIM-CUST-006-NORMAL-0120,SIM-CUST-006,Kang Yuna,116002,2026-03-27T14:08:02,KR,Seoul,37.557532,126.960607,dining-seoul-12,DINING,mobile-primary-sim-cust-006,ACCOUNT,14,4,0,0,0,0,0,NORMAL_BASELINE
SIM-CUST-012-NORMAL-0120,SIM-CUST-012,Oh Seoyeon,42412,2026-03-27T14:26:44,KR,Busan,35.192757,129.072702,transport-busan-12,TRANSPORT,mobile-primary-sim-cust-012,ACCOUNT,14,4,0,0,0,0,0,NORMAL_BASELINE
SIM-CUST-004-NORMAL-0120,SIM-CUST-004,Choi Haein,34915,2026-03-27T18:02:28,KR,Daegu,35.85504,128.587136,transport-daegu-12,TRANSPORT,mobile-primary-sim-cust-004,CARD,18,4,0,0,0,0,0,NORMAL_BASELINE
SIM-CUST-013-NORMAL-0120,SIM-CUST-013,Seo Jiho,98081,2026-03-27T18:29:01,KR,Incheon,37.44366,126.68538,online-incheon-12,ONLINE,mobile-primary-sim-cust-013,CARD,18,4,0,0,0,0,0,NORMAL_BASELINE
SIM-CUST-014-NORMAL-0120,SIM-CUST-014,Shin Haein,85989,2026-03-27T18:32:18,KR,Daegu,35.869345,128.581384,dining-daegu-12,DINING,mobile-primary-sim-cust-014,E-PAY,18,4,0,0,0,0,0,NORMAL_BASELINE
SIM-CUST-016-NORMAL-0120,SIM-CUST-016,Hwang Yuna,68250,2026-03-27T18:38:52,KR,Seoul,37.590596,126.993171,dining-seoul-12,DINING,mobile-primary-sim-cust-016,CARD,18,4,0,0,0,0,0,NORMAL_BASELINE
SIM-CUST-010-N-LARGE-PAYDAY,SIM-CUST-010,Lim Nari,123919,2026-03-27T18:41:58,KR,Daejeon,36.3504,127.3845,utility-daejeon-payday,UTILITY,mobile-primary-sim-cust-010,CARD,18,4,0,0,0,0,0,NORMAL_PAYDAY_LARGE_PURCHASE
SIM-CUST-010-NORMAL-0120,SIM-CUST-010,Lim Nari,45884,2026-03-27T19:20:10,KR,Daejeon,36.351674,127.383665,utility-daejeon-12,UTILITY,mobile-primary-sim-cust-010,CARD,19,4,0,0,0,0,0,NORMAL_BASELINE
SIM-CUST-016-N-MONTH-END-SPEND,SIM-CUST-016,Hwang Yuna,113049,2026-03-27T19:41:40,KR,Seoul,37.5665,126.978,shopping-seoul-month-end,SHOPPING,mobile-primary-sim-cust-016,CARD,19,4,0,0,0,0,0,NORMAL_MONTH_END_SPEND
SIM-CUST-005-NORMAL-0120,SIM-CUST-005,Jung Doyun,78400,2026-03-27T20:05:45,KR,Daejeon,36.33117,127.377112,dining-daejeon-12,DINING,mobile-primary-sim-cust-005,CARD,20,4,0,0,0,0,0,NORMAL_BASELINE
SIM-CUST-007-NORMAL-0120,SIM-CUST-007,Cho Hyunwoo,76047,2026-03-27T20:11:19,KR,Busan,35.161786,129.095385,grocery-busan-12,GROCERY,mobile-primary-sim-cust-007,E-PAY,20,4,0,0,0,0,0,NORMAL_BASELINE
SIM-CUST-011-NORMAL-0120,SIM-CUST-011,Han Minjun,56167,2026-03-27T20:23:27,KR,Seoul,37.577188,126.996111,cafe-seoul-12,CAFE,mobile-primary-sim-cust-011,E-PAY,20,4,0,0,0,0,0,NORMAL_BASELINE
SIM-CUST-001-NORMAL-0120,SIM-CUST-001,Kim Minjun,50444,2026-03-27T20:53:37,KR,Seoul,37.581776,126.992811,grocery-seoul-12,GROCERY,mobile-primary-sim-cust-001,CARD,20,4,0,0,0,0,0,NORMAL_BASELINE
SIM-CUST-015-A-NEW-METHOD,SIM-CUST-015,Kwon Doyun,299522,2026-03-27T22:17:23,KR,Daejeon,36.3504,127.3845,online-daejeon-fraud,ONLINE,new-browser-sim-cust-015,E-PAY,22,4,0,1,1,0,1,NEW_DEVICE_PAYMENT_METHOD
SIM-CUST-009-A-BURST-01,SIM-CUST-009,Jang Jiwon,369077,2026-03-28T01:05:59,KR,Daegu,35.8714,128.6014,online-burst-01,ONLINE,burst-device-sim-cust-009,E-PAY,1,5,0,1,1,1,1,BURST_DAWN_NEW_DEVICE_METHOD
SIM-CUST-009-A-BURST-02,SIM-CUST-009,Jang Jiwon,447868,2026-03-28T01:13:59,KR,Daegu,35.8714,128.6014,online-burst-02,ONLINE,burst-device-sim-cust-009,E-PAY,1,5,0,1,1,1,1,BURST_DAWN_NEW_DEVICE_METHOD
SIM-CUST-017-A-DAWN-TRANSFER,SIM-CUST-017,Ahn Hyunwoo,420000,2026-03-28T01:17:23,KR,Busan,35.1796,129.0756,transfer-busan-fraud,TRANSFER,mobile-primary-sim-cust-017,ACCOUNT,1,5,0,0,1,1,1,DAWN_HIGH_TRANSFER
SIM-CUST-009-A-BURST-03,SIM-CUST-009,Jang Jiwon,522858,2026-03-28T01:21:59,KR,Daegu,35.8714,128.6014,online-burst-03,ONLINE,burst-device-sim-cust-009,E-PAY,1,5,0,1,1,1,1,BURST_DAWN_NEW_DEVICE_METHOD
SIM-CUST-004-NORMAL-0121,SIM-CUST-004,Choi Haein,34441,2026-03-28T08:09:02,KR,Daegu,35.853832,128.607105,transport-daegu-01,TRANSPORT,mobile-primary-sim-cust-004,CARD,8,5,0,0,0,0,0,NORMAL_BASELINE
SIM-CUST-002-NORMAL-0121,SIM-CUST-002,Lee Seoyeon,38284,2026-03-28T09:03:28,KR,Busan,35.16939,129.090006,transport-busan-01,TRANSPORT,mobile-primary-sim-cust-002,CARD,9,5,0,0,0,0,0,NORMAL_BASELINE
SIM-CUST-013-NORMAL-0121,SIM-CUST-013,Seo Jiho,100400,2026-03-28T09:36:35,KR,Incheon,37.434083,126.686291,online-incheon-01,ONLINE,mobile-primary-sim-cust-013,CARD,9,5,0,0,0,0,0,NORMAL_BASELINE
SIM-CUST-016-NORMAL-0121,SIM-CUST-016,Hwang Yuna,65668,2026-03-28T09:45:26,KR,Seoul,37.587775,126.964735,grocery-seoul-01,GROCERY,mobile-primary-sim-cust-016,CARD,9,5,0,0,0,0,0,NORMAL_BASELINE
SIM-CUST-009-NORMAL-0121,SIM-CUST-009,Jang Jiwon,164971,2026-03-28T10:24:27,KR,Daegu,35.8869,128.586953,transfer-daegu-01,TRANSFER,mobile-primary-sim-cust-009,ACCOUNT,10,5,0,0,0,0,0,NORMAL_BASELINE
SIM-CUST-012-NORMAL-0121,SIM-CUST-012,Oh Seoyeon,44138,2026-03-28T10:33:18,KR,Busan,35.179013,129.068774,utility-busan-01,UTILITY,mobile-primary-sim-cust-012,ACCOUNT,10,5,0,0,0,0,0,NORMAL_BASELINE
SIM-CUST-006-N-TRAVEL-FOREIGN,SIM-CUST-006,Kang Yuna,190802,2026-03-28T10:41:16,VN,Ho Chi Minh City,10.8231,106.6297,travel-ho-chi-minh-city-01,HOTEL,mobile-primary-sim-cust-006,ACCOUNT,10,5,1,0,0,0,0,NORMAL_TRAVEL_FOREIGN
SIM-CUST-003-A-STEALTH-SMALL-TEST,SIM-CUST-003,Park Jiho,7000,2026-03-28T11:03:23,KR,Incheon,37.4563,126.7052,digital-test-01-sim-cust-003,DIGITAL,mobile-primary-sim-cust-003,E-PAY,11,5,0,0,0,0,0,STEALTH_PRECURSOR_SMALL_TEST
SIM-CUST-003-NORMAL-0121,SIM-CUST-003,Park Jiho,58391,2026-03-28T11:06:45,KR,Incheon,37.458966,126.709402,dining-incheon-01,DINING,mobile-primary-sim-cust-003,E-PAY,11,5,0,0,0,0,0,NORMAL_BASELINE
SIM-CUST-003-A-STEALTH-LARGE-FOLLOWUP,SIM-CUST-003,Park Jiho,208128,2026-03-28T11:07:23,KR,Incheon,37.4563,126.7052,electronics-followup-01-sim-cust-003,ELECTRONICS,mobile-primary-sim-cust-003,E-PAY,11,5,0,0,0,0,1,SMALL_TEST_THEN_LARGE
SIM-CUST-008-NORMAL-0121,SIM-CUST-008,Yoon Sumin,56940,2026-03-28T11:21:10,KR,Incheon,37.466812,126.717962,grocery-incheon-01,GROCERY,mobile-primary-sim-cust-008,CARD,11,5,0,0,0,0,0,NORMAL_BASELINE
SIM-CUST-003-A-STEALTH-REPEAT-1,SIM-CUST-003,Park Jiho,91800,2026-03-28T11:21:23,KR,Incheon,37.4563,126.7052,same-amount-01-sim-cust-003,ONLINE,mobile-primary-sim-cust-003,E-PAY,11,5,0,0,0,0,0,STEALTH_PRECURSOR_REPEAT_FIRST
SIM-CUST-003-A-STEALTH-REPEAT-2,SIM-CUST-003,Park Jiho,91800,2026-03-28T11:24:23,KR,Incheon,37.4563,126.7052,same-amount-02-sim-cust-003,ONLINE,mobile-primary-sim-cust-003,E-PAY,11,5,0,0,0,0,1,SAME_AMOUNT_REPEATED
SIM-CUST-003-A-STEALTH-REPEAT-3,SIM-CUST-003,Park Jiho,91800,2026-03-28T11:27:23,KR,Incheon,37.4563,126.7052,same-amount-03-sim-cust-003,ONLINE,mobile-primary-sim-cust-003,E-PAY,11,5,0,0,0,0,1,SAME_AMOUNT_REPEATED
SIM-CUST-003-A-STEALTH-DISTRIBUTED-1,SIM-CUST-003,Park Jiho,81600,2026-03-28T11:43:23,KR,Incheon,37.4563,126.7052,distributed-cafe-01-sim-cust-003,CAFE,mobile-primary-sim-cust-003,E-PAY,11,5,0,0,0,0,1,RAPID_DISTRIBUTED_MERCHANTS
SIM-CUST-003-A-STEALTH-DISTRIBUTED-2,SIM-CUST-003,Park Jiho,88400,2026-03-28T11:49:23,KR,Incheon,37.4563,126.7052,distributed-grocery-01-sim-cust-003,GROCERY,mobile-primary-sim-cust-003,E-PAY,11,5,0,0,0,0,1,RAPID_DISTRIBUTED_MERCHANTS
SIM-CUST-003-A-STEALTH-DISTRIBUTED-3,SIM-CUST-003,Park Jiho,95200,2026-03-28T11:55:23,KR,Incheon,37.4563,126.7052,distributed-dining-01-sim-cust-003,DINING,mobile-primary-sim-cust-003,E-PAY,11,5,0,0,0,0,1,RAPID_DISTRIBUTED_MERCHANTS
SIM-CUST-003-A-STEALTH-NEW-CATEGORY,SIM-CUST-003,Park Jiho,161036,2026-03-28T12:23:23,KR,Incheon,37.4563,126.7052,new-category-jewelry-01-sim-cust-003,JEWELRY,mobile-primary-sim-cust-003,E-PAY,12,5,0,0,0,0,1,DOMESTIC_NEW_CATEGORY_HIGH_AMOUNT
SIM-CUST-015-N-MONTH-END-SPEND,SIM-CUST-015,Kwon Doyun,161190,2026-03-28T12:41:49,KR,Daejeon,36.3504,127.3845,shopping-daejeon-month-end,SHOPPING,mobile-primary-sim-cust-015,ACCOUNT,12,5,0,0,0,0,0,NORMAL_MONTH_END_SPEND
SIM-CUST-017-NORMAL-0121,SIM-CUST-017,Ahn Hyunwoo,56706,2026-03-28T12:48:43,KR,Busan,35.195842,129.074728,cafe-busan-01,CAFE,mobile-primary-sim-cust-017,E-PAY,12,5,0,0,0,0,0,NORMAL_BASELINE
SIM-CUST-009-N-LARGE-PAYDAY,SIM-CUST-009,Jang Jiwon,403362,2026-03-28T14:41:07,KR,Daegu,35.8714,128.6014,transfer-daegu-payday,TRANSFER,mobile-primary-sim-cust-009,ACCOUNT,14,5,0,0,0,0,0,NORMAL_PAYDAY_LARGE_PURCHASE
SIM-CUST-006-NORMAL-0121,SIM-CUST-006,Kang Yuna,134586,2026-03-28T16:15:36,KR,Seoul,37.555606,126.959252,transfer-seoul-01,TRANSFER,mobile-primary-sim-cust-006,ACCOUNT,16,5,0,0,0,0,0,NORMAL_BASELINE
SIM-CUST-018-NORMAL-0121,SIM-CUST-018,Song Sumin,58134,2026-03-28T16:51:00,KR,Incheon,37.438936,126.726808,dining-incheon-01,DINING,web-trusted-sim-cust-018,ACCOUNT,16,5,0,0,0,0,0,NORMAL_BASELINE
SIM-CUST-001-NORMAL-0121,SIM-CUST-001,Kim Minjun,48576,2026-03-28T18:00:11,KR,Seoul,37.562919,126.971529,dining-seoul-01,DINING,mobile-primary-sim-cust-001,CARD,18,5,0,0,0,0,0,NORMAL_BASELINE
SIM-CUST-020-A-STEALTH-SMALL-TEST,SIM-CUST-020,Moon Nari,7000,2026-03-28T18:03:12,KR,Daejeon,36.3504,127.3845,digital-test-01-sim-cust-020,DIGITAL,mobile-primary-sim-cust-020,E-PAY,18,5,0,0,0,0,0,STEALTH_PRECURSOR_SMALL_TEST
SIM-CUST-020-A-STEALTH-LARGE-FOLLOWUP,SIM-CUST-020,Moon Nari,147290,2026-03-28T18:07:12,KR,Daejeon,36.3504,127.3845,electronics-followup-01-sim-cust-020,ELECTRONICS,mobile-primary-sim-cust-020,E-PAY,18,5,0,0,0,0,1,SMALL_TEST_THEN_LARGE
SIM-CUST-020-A-STEALTH-REPEAT-1,SIM-CUST-020,Moon Nari,58050,2026-03-28T18:21:12,KR,Daejeon,36.3504,127.3845,same-amount-01-sim-cust-020,ONLINE,mobile-primary-sim-cust-020,E-PAY,18,5,0,0,0,0,0,STEALTH_PRECURSOR_REPEAT_FIRST
SIM-CUST-020-A-STEALTH-REPEAT-2,SIM-CUST-020,Moon Nari,58050,2026-03-28T18:24:12,KR,Daejeon,36.3504,127.3845,same-amount-02-sim-cust-020,ONLINE,mobile-primary-sim-cust-020,E-PAY,18,5,0,0,0,0,1,SAME_AMOUNT_REPEATED
SIM-CUST-020-A-STEALTH-REPEAT-3,SIM-CUST-020,Moon Nari,58050,2026-03-28T18:27:12,KR,Daejeon,36.3504,127.3845,same-amount-03-sim-cust-020,ONLINE,mobile-primary-sim-cust-020,E-PAY,18,5,0,0,0,0,1,SAME_AMOUNT_REPEATED
SIM-CUST-013-N-NEW-DEVICE,SIM-CUST-013,Seo Jiho,133770,2026-03-28T18:41:15,KR,Incheon,37.4563,126.7052,online-incheon-registered-device,ONLINE,tablet-registered-sim-cust-013,CARD,18,5,0,1,0,0,0,NORMAL_REGISTERED_NEW_DEVICE
SIM-CUST-020-A-STEALTH-DISTRIBUTED-1,SIM-CUST-020,Moon Nari,51600,2026-03-28T18:43:12,KR,Daejeon,36.3504,127.3845,distributed-cafe-01-sim-cust-020,CAFE,mobile-primary-sim-cust-020,E-PAY,18,5,0,0,0,0,1,RAPID_DISTRIBUTED_MERCHANTS
SIM-CUST-020-A-STEALTH-DISTRIBUTED-2,SIM-CUST-020,Moon Nari,55900,2026-03-28T18:49:12,KR,Daejeon,36.3504,127.3845,distributed-grocery-01-sim-cust-020,GROCERY,mobile-primary-sim-cust-020,E-PAY,18,5,0,0,0,0,1,RAPID_DISTRIBUTED_MERCHANTS
SIM-CUST-019-NORMAL-0121,SIM-CUST-019,Hong Jiwon,129685,2026-03-28T18:54:17,KR,Daegu,35.894275,128.577222,grocery-daegu-01,GROCERY,mobile-primary-sim-cust-019,CARD,18,5,0,0,0,0,0,NORMAL_BASELINE
SIM-CUST-020-A-STEALTH-DISTRIBUTED-3,SIM-CUST-020,Moon Nari,60200,2026-03-28T18:55:12,KR,Daejeon,36.3504,127.3845,distributed-dining-01-sim-cust-020,DINING,mobile-primary-sim-cust-020,E-PAY,18,5,0,0,0,0,1,RAPID_DISTRIBUTED_MERCHANTS
SIM-CUST-020-NORMAL-0121,SIM-CUST-020,Moon Nari,38553,2026-03-28T18:57:34,KR,Daejeon,36.356813,127.372555,cafe-daejeon-01,CAFE,mobile-primary-sim-cust-020,E-PAY,18,5,0,0,0,0,0,NORMAL_BASELINE
SIM-CUST-005-NORMAL-0121,SIM-CUST-005,Jung Doyun,94154,2026-03-28T19:12:19,KR,Daejeon,36.360906,127.393212,cafe-daejeon-01,CAFE,mobile-primary-sim-cust-005,CARD,19,5,0,0,0,0,0,NORMAL_BASELINE
SIM-CUST-007-NORMAL-0121,SIM-CUST-007,Cho Hyunwoo,69885,2026-03-28T19:18:53,KR,Busan,35.189581,129.083859,utility-busan-01,UTILITY,mobile-primary-sim-cust-007,E-PAY,19,5,0,0,0,0,0,NORMAL_BASELINE
SIM-CUST-020-A-STEALTH-NEW-CATEGORY,SIM-CUST-020,Moon Nari,104147,2026-03-28T19:23:12,KR,Daejeon,36.3504,127.3845,new-category-jewelry-01-sim-cust-020,JEWELRY,mobile-primary-sim-cust-020,E-PAY,19,5,0,0,0,0,1,DOMESTIC_NEW_CATEGORY_HIGH_AMOUNT
SIM-CUST-010-NORMAL-0121,SIM-CUST-010,Lim Nari,46413,2026-03-28T19:27:44,KR,Daejeon,36.357305,127.399031,grocery-daejeon-01,GROCERY,mobile-primary-sim-cust-010,CARD,19,5,0,0,0,0,0,NORMAL_BASELINE
SIM-CUST-014-NORMAL-0121,SIM-CUST-014,Shin Haein,91263,2026-03-28T19:39:52,KR,Daegu,35.867877,128.587513,cafe-daegu-01,CAFE,mobile-primary-sim-cust-014,E-PAY,19,5,0,0,0,0,0,NORMAL_BASELINE
SIM-CUST-014-A-NEW-METHOD,SIM-CUST-014,Shin Haein,298066,2026-03-28T20:17:32,KR,Daegu,35.8714,128.6014,online-daegu-fraud,ONLINE,new-browser-sim-cust-014,CARD,20,5,0,1,1,0,1,NEW_DEVICE_PAYMENT_METHOD
SIM-CUST-011-NORMAL-0121,SIM-CUST-011,Han Minjun,65541,2026-03-28T20:30:01,KR,Seoul,37.542487,126.980803,cafe-seoul-01,CAFE,mobile-primary-sim-cust-011,E-PAY,20,5,0,0,0,0,0,NORMAL_BASELINE
SIM-CUST-015-NORMAL-0121,SIM-CUST-015,Kwon Doyun,88630,2026-03-28T21:42:09,KR,Daejeon,36.347393,127.374244,cafe-daejeon-01,CAFE,mobile-primary-sim-cust-015,ACCOUNT,21,5,0,0,0,0,0,NORMAL_BASELINE
SIM-CUST-008-A-BURST-01,SIM-CUST-008,Yoon Sumin,185932,2026-03-29T01:05:42,KR,Incheon,37.4563,126.7052,online-burst-01,ONLINE,burst-device-sim-cust-008,E-PAY,1,6,0,1,1,1,1,BURST_DAWN_NEW_DEVICE_METHOD
SIM-CUST-008-A-BURST-02,SIM-CUST-008,Yoon Sumin,178074,2026-03-29T01:13:42,KR,Incheon,37.4563,126.7052,online-burst-02,ONLINE,burst-device-sim-cust-008,E-PAY,1,6,0,1,1,1,1,BURST_DAWN_NEW_DEVICE_METHOD
SIM-CUST-008-A-BURST-03,SIM-CUST-008,Yoon Sumin,146985,2026-03-29T01:21:42,KR,Incheon,37.4563,126.7052,online-burst-03,ONLINE,burst-device-sim-cust-008,E-PAY,1,6,0,1,1,1,1,BURST_DAWN_NEW_DEVICE_METHOD
SIM-CUST-009-NORMAL-0122,SIM-CUST-009,Jang Jiwon,160220,2026-03-29T08:31:01,KR,Daegu,35.889981,128.581717,dining-daegu-02,DINING,mobile-primary-sim-cust-009,ACCOUNT,8,6,0,0,0,0,0,NORMAL_BASELINE
SIM-CUST-014-N-MONTH-END-SPEND,SIM-CUST-014,Shin Haein,199164,2026-03-29T08:41:58,KR,Daegu,35.8714,128.6014,shopping-daegu-month-end,SHOPPING,mobile-primary-sim-cust-014,E-PAY,8,6,0,0,0,0,0,NORMAL_MONTH_END_SPEND
SIM-CUST-019-NORMAL-0122,SIM-CUST-019,Hong Jiwon,157725,2026-03-29T09:01:51,KR,Daegu,35.857965,128.619728,grocery-daegu-02,GROCERY,mobile-primary-sim-cust-019,CARD,9,6,0,0,0,0,0,NORMAL_BASELINE
SIM-CUST-008-NORMAL-0122,SIM-CUST-008,Yoon Sumin,63096,2026-03-29T10:28:44,KR,Incheon,37.445773,126.704729,medical-incheon-02,MEDICAL,mobile-primary-sim-cust-008,CARD,10,6,0,0,0,0,0,NORMAL_BASELINE
SIM-CUST-018-NORMAL-0122,SIM-CUST-018,Song Sumin,55150,2026-03-29T10:58:34,KR,Incheon,37.43989,126.693817,dining-incheon-02,DINING,mobile-primary-sim-cust-018,ACCOUNT,10,6,0,0,0,0,0,NORMAL_BASELINE
SIM-CUST-010-NORMAL-0122,SIM-CUST-010,Lim Nari,51828,2026-03-29T12:34:18,KR,Daejeon,36.348004,127.371219,utility-daejeon-02,UTILITY,mobile-primary-sim-cust-010,CARD,12,6,0,0,0,0,0,NORMAL_BASELINE
SIM-CUST-013-NORMAL-0122,SIM-CUST-013,Seo Jiho,98066,2026-03-29T12:43:09,KR,Incheon,37.443046,126.722586,grocery-incheon-02,GROCERY,mobile-primary-sim-cust-013,CARD,12,6,0,0,0,0,0,NORMAL_BASELINE
SIM-CUST-017-NORMAL-0122,SIM-CUST-017,Ahn Hyunwoo,68161,2026-03-29T12:55:17,KR,Busan,35.178835,129.066308,dining-busan-02,DINING,mobile-primary-sim-cust-017,E-PAY,12,6,0,0,0,0,0,NORMAL_BASELINE
SIM-CUST-002-A-STEALTH-SMALL-TEST,SIM-CUST-002,Lee Seoyeon,7000,2026-03-29T13:03:06,KR,Busan,35.1796,129.0756,digital-test-01-sim-cust-002,DIGITAL,mobile-primary-sim-cust-002,CARD,13,6,0,0,0,0,0,STEALTH_PRECURSOR_SMALL_TEST
SIM-CUST-020-NORMAL-0122,SIM-CUST-020,Moon Nari,43857,2026-03-29T13:04:08,KR,Daejeon,36.362127,127.384065,cafe-daejeon-02,CAFE,mobile-primary-sim-cust-020,E-PAY,13,6,0,0,0,0,0,NORMAL_BASELINE
SIM-CUST-002-A-STEALTH-LARGE-FOLLOWUP,SIM-CUST-002,Lee Seoyeon,153040,2026-03-29T13:07:06,KR,Busan,35.1796,129.0756,electronics-followup-01-sim-cust-002,ELECTRONICS,mobile-primary-sim-cust-002,CARD,13,6,0,0,0,0,1,SMALL_TEST_THEN_LARGE
SIM-CUST-002-A-STEALTH-REPEAT-1,SIM-CUST-002,Lee Seoyeon,58050,2026-03-29T13:21:06,KR,Busan,35.1796,129.0756,same-amount-01-sim-cust-002,ONLINE,mobile-primary-sim-cust-002,CARD,13,6,0,0,0,0,0,STEALTH_PRECURSOR_REPEAT_FIRST
SIM-CUST-002-A-STEALTH-REPEAT-2,SIM-CUST-002,Lee Seoyeon,58050,2026-03-29T13:24:06,KR,Busan,35.1796,129.0756,same-amount-02-sim-cust-002,ONLINE,mobile-primary-sim-cust-002,CARD,13,6,0,0,0,0,1,SAME_AMOUNT_REPEATED
SIM-CUST-002-A-STEALTH-REPEAT-3,SIM-CUST-002,Lee Seoyeon,58050,2026-03-29T13:27:06,KR,Busan,35.1796,129.0756,same-amount-03-sim-cust-002,ONLINE,mobile-primary-sim-cust-002,CARD,13,6,0,0,0,0,1,SAME_AMOUNT_REPEATED
SIM-CUST-005-N-TRAVEL-FOREIGN,SIM-CUST-005,Jung Doyun,172734,2026-03-29T13:41:25,US,New York,40.7128,-74.006,travel-new-york-01,HOTEL,mobile-primary-sim-cust-005,CARD,13,6,1,0,0,0,0,NORMAL_TRAVEL_FOREIGN
SIM-CUST-002-A-STEALTH-DISTRIBUTED-1,SIM-CUST-002,Lee Seoyeon,51600,2026-03-29T13:43:06,KR,Busan,35.1796,129.0756,distributed-cafe-01-sim-cust-002,CAFE,mobile-primary-sim-cust-002,CARD,13,6,0,0,0,0,1,RAPID_DISTRIBUTED_MERCHANTS
SIM-CUST-014-NORMAL-0122,SIM-CUST-014,Shin Haein,97487,2026-03-29T13:46:26,KR,Daegu,35.891783,128.60306,cafe-daegu-02,CAFE,mobile-primary-sim-cust-014,E-PAY,13,6,0,0,0,0,0,NORMAL_BASELINE
SIM-CUST-002-A-STEALTH-DISTRIBUTED-2,SIM-CUST-002,Lee Seoyeon,55900,2026-03-29T13:49:06,KR,Busan,35.1796,129.0756,distributed-grocery-01-sim-cust-002,GROCERY,mobile-primary-sim-cust-002,CARD,13,6,0,0,0,0,1,RAPID_DISTRIBUTED_MERCHANTS
SIM-CUST-002-A-STEALTH-DISTRIBUTED-3,SIM-CUST-002,Lee Seoyeon,60200,2026-03-29T13:55:06,KR,Busan,35.1796,129.0756,distributed-dining-01-sim-cust-002,DINING,mobile-primary-sim-cust-002,CARD,13,6,0,0,0,0,1,RAPID_DISTRIBUTED_MERCHANTS
SIM-CUST-002-A-STEALTH-NEW-CATEGORY,SIM-CUST-002,Lee Seoyeon,104198,2026-03-29T14:23:06,KR,Busan,35.1796,129.0756,new-category-jewelry-01-sim-cust-002,JEWELRY,mobile-primary-sim-cust-002,CARD,14,6,0,0,0,0,1,DOMESTIC_NEW_CATEGORY_HIGH_AMOUNT
SIM-CUST-012-NORMAL-0122,SIM-CUST-012,Oh Seoyeon,44843,2026-03-29T14:40:52,KR,Busan,35.200457,129.057049,grocery-busan-02,GROCERY,mobile-primary-sim-cust-012,ACCOUNT,14,6,0,0,0,0,0,NORMAL_BASELINE
SIM-CUST-012-N-NEW-DEVICE,SIM-CUST-012,Oh Seoyeon,35944,2026-03-29T14:41:24,KR,Busan,35.1796,129.0756,dining-busan-registered-device,DINING,tablet-registered-sim-cust-012,ACCOUNT,14,6,0,1,0,0,0,NORMAL_REGISTERED_NEW_DEVICE
SIM-CUST-006-NORMAL-0122,SIM-CUST-006,Kang Yuna,118193,2026-03-29T15:22:10,KR,Seoul,37.549034,126.977679,dining-seoul-02,DINING,mobile-primary-sim-cust-006,ACCOUNT,15,6,0,0,0,0,0,NORMAL_BASELINE
SIM-CUST-008-N-LARGE-PAYDAY,SIM-CUST-008,Yoon Sumin,126640,2026-03-29T15:41:16,KR,Incheon,37.4563,126.7052,medical-incheon-payday,MEDICAL,mobile-primary-sim-cust-008,CARD,15,6,0,0,0,0,0,NORMAL_PAYDAY_LARGE_PURCHASE
SIM-CUST-001-NORMAL-0122,SIM-CUST-001,Kim Minjun,46450,2026-03-29T18:07:45,KR,Seoul,37.562503,126.97751,cafe-seoul-02,CAFE,mobile-primary-sim-cust-001,CARD,18,6,0,0,0,0,0,NORMAL_BASELINE
SIM-CUST-002-NORMAL-0122,SIM-CUST-002,Lee Seoyeon,46807,2026-03-29T18:10:02,KR,Busan,35.198784,129.052487,dining-busan-02,DINING,mobile-primary-sim-cust-002,CARD,18,6,0,0,0,0,0,NORMAL_BASELINE
SIM-CUST-019-A-STEALTH-SMALL-TEST,SIM-CUST-019,Hong Jiwon,7000,2026-03-29T19:03:55,KR,Daegu,35.8714,128.6014,digital-test-01-sim-cust-019,DIGITAL,mobile-primary-sim-cust-019,CARD,19,6,0,0,0,0,0,STEALTH_PRECURSOR_SMALL_TEST
SIM-CUST-019-A-STEALTH-LARGE-FOLLOWUP,SIM-CUST-019,Hong Jiwon,466338,2026-03-29T19:07:55,KR,Daegu,35.8714,128.6014,electronics-followup-01-sim-cust-019,ELECTRONICS,mobile-primary-sim-cust-019,CARD,19,6,0,0,0,0,1,SMALL_TEST_THEN_LARGE
SIM-CUST-004-NORMAL-0122,SIM-CUST-004,Choi Haein,34572,2026-03-29T19:16:36,KR,Daegu,35.867,128.603934,transport-daegu-02,TRANSPORT,mobile-primary-sim-cust-004,CARD,19,6,0,0,0,0,0,NORMAL_BASELINE
SIM-CUST-019-A-STEALTH-REPEAT-1,SIM-CUST-019,Hong Jiwon,193050,2026-03-29T19:21:55,KR,Daegu,35.8714,128.6014,same-amount-01-sim-cust-019,ONLINE,mobile-primary-sim-cust-019,CARD,19,6,0,0,0,0,0,STEALTH_PRECURSOR_REPEAT_FIRST
SIM-CUST-019-A-STEALTH-REPEAT-2,SIM-CUST-019,Hong Jiwon,193050,2026-03-29T19:24:55,KR,Daegu,35.8714,128.6014,same-amount-02-sim-cust-019,ONLINE,mobile-primary-sim-cust-019,CARD,19,6,0,0,0,0,1,SAME_AMOUNT_REPEATED
SIM-CUST-007-NORMAL-0122,SIM-CUST-007,Cho Hyunwoo,66412,2026-03-29T19:25:27,KR,Busan,35.178367,129.068172,grocery-busan-02,GROCERY,mobile-primary-sim-cust-007,E-PAY,19,6,0,0,0,0,0,NORMAL_BASELINE
SIM-CUST-019-A-STEALTH-REPEAT-3,SIM-CUST-019,Hong Jiwon,193050,2026-03-29T19:27:55,KR,Daegu,35.8714,128.6014,same-amount-03-sim-cust-019,ONLINE,mobile-primary-sim-cust-019,CARD,19,6,0,0,0,0,1,SAME_AMOUNT_REPEATED
SIM-CUST-019-A-STEALTH-DISTRIBUTED-1,SIM-CUST-019,Hong Jiwon,171600,2026-03-29T19:43:55,KR,Daegu,35.8714,128.6014,distributed-cafe-01-sim-cust-019,CAFE,mobile-primary-sim-cust-019,CARD,19,6,0,0,0,0,1,RAPID_DISTRIBUTED_MERCHANTS
SIM-CUST-019-A-STEALTH-DISTRIBUTED-2,SIM-CUST-019,Hong Jiwon,185900,2026-03-29T19:49:55,KR,Daegu,35.8714,128.6014,distributed-grocery-01-sim-cust-019,GROCERY,mobile-primary-sim-cust-019,CARD,19,6,0,0,0,0,1,RAPID_DISTRIBUTED_MERCHANTS
SIM-CUST-016-NORMAL-0122,SIM-CUST-016,Hwang Yuna,78241,2026-03-29T19:52:00,KR,Seoul,37.548225,126.995997,grocery-seoul-02,GROCERY,mobile-primary-sim-cust-016,CARD,19,6,0,0,0,0,0,NORMAL_BASELINE
SIM-CUST-019-A-STEALTH-DISTRIBUTED-3,SIM-CUST-019,Hong Jiwon,200200,2026-03-29T19:55:55,KR,Daegu,35.8714,128.6014,distributed-dining-01-sim-cust-019,DINING,mobile-primary-sim-cust-019,CARD,19,6,0,0,0,0,1,RAPID_DISTRIBUTED_MERCHANTS
SIM-CUST-005-NORMAL-0122,SIM-CUST-005,Jung Doyun,96045,2026-03-29T20:19:53,KR,Daejeon,36.365815,127.385636,dining-daejeon-02,DINING,mobile-primary-sim-cust-005,CARD,20,6,0,0,0,0,0,NORMAL_BASELINE
SIM-CUST-019-A-STEALTH-NEW-CATEGORY,SIM-CUST-019,Hong Jiwon,355508,2026-03-29T20:23:55,KR,Daegu,35.8714,128.6014,new-category-jewelry-01-sim-cust-019,JEWELRY,mobile-primary-sim-cust-019,CARD,20,6,0,0,0,0,1,DOMESTIC_NEW_CATEGORY_HIGH_AMOUNT
SIM-CUST-011-NORMAL-0122,SIM-CUST-011,Han Minjun,64015,2026-03-29T20:37:35,KR,Seoul,37.544697,126.994857,dining-seoul-02,DINING,mobile-primary-sim-cust-011,E-PAY,20,6,0,0,0,0,0,NORMAL_BASELINE
SIM-CUST-003-NORMAL-0122,SIM-CUST-003,Park Jiho,62999,2026-03-29T22:13:19,KR,Incheon,37.447793,126.699192,grocery-incheon-02,GROCERY,mobile-primary-sim-cust-003,E-PAY,22,6,0,0,0,0,0,NORMAL_BASELINE
SIM-CUST-013-A-NEW-METHOD,SIM-CUST-013,Seo Jiho,304402,2026-03-29T22:17:41,KR,Incheon,37.4563,126.7052,online-incheon-fraud,ONLINE,new-browser-sim-cust-013,E-PAY,22,6,0,1,1,0,1,NEW_DEVICE_PAYMENT_METHOD
SIM-CUST-015-NORMAL-0122,SIM-CUST-015,Kwon Doyun,84713,2026-03-29T22:49:43,KR,Daejeon,36.355772,127.402457,online-daejeon-02,ONLINE,mobile-primary-sim-cust-015,ACCOUNT,22,6,0,0,0,0,0,NORMAL_BASELINE
SIM-CUST-007-A-BURST-01,SIM-CUST-007,Cho Hyunwoo,221467,2026-03-30T01:05:25,KR,Busan,35.1796,129.0756,online-burst-01,ONLINE,burst-device-sim-cust-007,E-PAY,1,0,0,1,0,1,1,BURST_DAWN_NEW_DEVICE_METHOD
SIM-CUST-007-A-BURST-02,SIM-CUST-007,Cho Hyunwoo,227269,2026-03-30T01:13:25,KR,Busan,35.1796,129.0756,online-burst-02,ONLINE,burst-device-sim-cust-007,E-PAY,1,0,0,1,0,1,1,BURST_DAWN_NEW_DEVICE_METHOD
SIM-CUST-007-A-BURST-03,SIM-CUST-007,Cho Hyunwoo,177655,2026-03-30T01:21:25,KR,Busan,35.1796,129.0756,online-burst-03,ONLINE,burst-device-sim-cust-007,E-PAY,1,0,0,1,0,1,1,BURST_DAWN_NEW_DEVICE_METHOD
SIM-CUST-015-A-DAWN-TRANSFER,SIM-CUST-015,Kwon Doyun,509211,2026-03-30T03:17:41,KR,Daejeon,36.3504,127.3845,transfer-daejeon-fraud,TRANSFER,mobile-primary-sim-cust-015,ACCOUNT,3,0,0,0,0,1,1,DAWN_HIGH_TRANSFER
SIM-CUST-004-NORMAL-0123,SIM-CUST-004,Choi Haein,36726,2026-03-30T07:23:10,KR,Daegu,35.867362,128.608533,transport-daegu-03,TRANSPORT,mobile-primary-sim-cust-004,CARD,7,0,0,0,0,0,0,NORMAL_BASELINE
SIM-CUST-016-NORMAL-0123,SIM-CUST-016,Hwang Yuna,74797,2026-03-30T08:59:34,KR,Seoul,37.546331,126.998874,online-seoul-03,ONLINE,mobile-primary-sim-cust-016,CARD,8,0,0,0,0,0,0,NORMAL_BASELINE
SIM-CUST-018-A-STEALTH-SMALL-TEST,SIM-CUST-018,Song Sumin,7000,2026-03-30T09:03:38,KR,Incheon,37.4563,126.7052,digital-test-01-sim-cust-018,DIGITAL,mobile-primary-sim-cust-018,ACCOUNT,9,0,0,0,0,0,0,STEALTH_PRECURSOR_SMALL_TEST
SIM-CUST-018-NORMAL-0123,SIM-CUST-018,Song Sumin,65351,2026-03-30T09:05:08,KR,Incheon,37.45099,126.68855,grocery-incheon-03,GROCERY,mobile-primary-sim-cust-018,ACCOUNT,9,0,0,0,0,0,0,NORMAL_BASELINE
SIM-CUST-018-A-STEALTH-LARGE-FOLLOWUP,SIM-CUST-018,Song Sumin,194938,2026-03-30T09:07:38,KR,Incheon,37.4563,126.7052,electronics-followup-01-sim-cust-018,ELECTRONICS,mobile-primary-sim-cust-018,ACCOUNT,9,0,0,0,0,0,1,SMALL_TEST_THEN_LARGE
SIM-CUST-018-A-STEALTH-REPEAT-1,SIM-CUST-018,Song Sumin,76950,2026-03-30T09:21:38,KR,Incheon,37.4563,126.7052,same-amount-01-sim-cust-018,ONLINE,mobile-primary-sim-cust-018,ACCOUNT,9,0,0,0,0,0,0,STEALTH_PRECURSOR_REPEAT_FIRST
SIM-CUST-018-A-STEALTH-REPEAT-2,SIM-CUST-018,Song Sumin,76950,2026-03-30T09:24:38,KR,Incheon,37.4563,126.7052,same-amount-02-sim-cust-018,ONLINE,mobile-primary-sim-cust-018,ACCOUNT,9,0,0,0,0,0,1,SAME_AMOUNT_REPEATED
SIM-CUST-018-A-STEALTH-REPEAT-3,SIM-CUST-018,Song Sumin,76950,2026-03-30T09:27:38,KR,Incheon,37.4563,126.7052,same-amount-03-sim-cust-018,ONLINE,mobile-primary-sim-cust-018,ACCOUNT,9,0,0,0,0,0,1,SAME_AMOUNT_REPEATED
SIM-CUST-018-A-STEALTH-DISTRIBUTED-1,SIM-CUST-018,Song Sumin,68400,2026-03-30T09:43:38,KR,Incheon,37.4563,126.7052,distributed-cafe-01-sim-cust-018,CAFE,mobile-primary-sim-cust-018,ACCOUNT,9,0,0,0,0,0,1,RAPID_DISTRIBUTED_MERCHANTS
SIM-CUST-018-A-STEALTH-DISTRIBUTED-2,SIM-CUST-018,Song Sumin,74100,2026-03-30T09:49:38,KR,Incheon,37.4563,126.7052,distributed-grocery-01-sim-cust-018,GROCERY,mobile-primary-sim-cust-018,ACCOUNT,9,0,0,0,0,0,1,RAPID_DISTRIBUTED_MERCHANTS
SIM-CUST-014-NORMAL-0123,SIM-CUST-014,Shin Haein,113564,2026-03-30T09:53:00,KR,Daegu,35.882778,128.623973,grocery-daegu-03,GROCERY,mobile-primary-sim-cust-014,E-PAY,9,0,0,0,0,0,0,NORMAL_BASELINE
SIM-CUST-018-A-STEALTH-DISTRIBUTED-3,SIM-CUST-018,Song Sumin,79800,2026-03-30T09:55:38,KR,Incheon,37.4563,126.7052,distributed-dining-01-sim-cust-018,DINING,mobile-primary-sim-cust-018,ACCOUNT,9,0,0,0,0,0,1,RAPID_DISTRIBUTED_MERCHANTS
SIM-CUST-019-NORMAL-0123,SIM-CUST-019,Hong Jiwon,151248,2026-03-30T10:08:25,KR,Daegu,35.883331,128.581531,grocery-daegu-03,GROCERY,web-trusted-sim-cust-019,CARD,10,0,0,0,0,0,0,NORMAL_BASELINE
SIM-CUST-018-A-STEALTH-NEW-CATEGORY,SIM-CUST-018,Song Sumin,157073,2026-03-30T10:23:38,KR,Incheon,37.4563,126.7052,new-category-jewelry-01-sim-cust-018,JEWELRY,mobile-primary-sim-cust-018,ACCOUNT,10,0,0,0,0,0,1,DOMESTIC_NEW_CATEGORY_HIGH_AMOUNT
SIM-CUST-003-NORMAL-0123,SIM-CUST-003,Park Jiho,73930,2026-03-30T11:20:53,KR,Incheon,37.465542,126.693066,grocery-incheon-03,GROCERY,mobile-primary-sim-cust-003,E-PAY,11,0,0,0,0,0,0,NORMAL_BASELINE
SIM-CUST-005-NORMAL-0123,SIM-CUST-005,Jung Doyun,82608,2026-03-30T11:26:27,KR,Daejeon,36.32823,127.372849,grocery-daejeon-03,GROCERY,mobile-primary-sim-cust-005,CARD,11,0,0,0,0,0,0,NORMAL_BASELINE
SIM-CUST-008-NORMAL-0123,SIM-CUST-008,Yoon Sumin,58037,2026-03-30T11:35:18,KR,Incheon,37.459264,126.703373,online-incheon-03,ONLINE,mobile-primary-sim-cust-008,CARD,11,0,0,0,0,0,0,NORMAL_BASELINE
SIM-CUST-013-NORMAL-0123,SIM-CUST-013,Seo Jiho,114849,2026-03-30T11:50:43,KR,Incheon,37.474266,126.711058,online-incheon-03,ONLINE,mobile-primary-sim-cust-013,CARD,11,0,0,0,0,0,0,NORMAL_BASELINE
SIM-CUST-001-NORMAL-0123,SIM-CUST-001,Kim Minjun,56290,2026-03-30T12:14:19,KR,Seoul,37.582935,126.988365,transport-seoul-03,TRANSPORT,mobile-primary-sim-cust-001,CARD,12,0,0,0,0,0,0,NORMAL_BASELINE
SIM-CUST-002-NORMAL-0123,SIM-CUST-002,Lee Seoyeon,46362,2026-03-30T12:17:36,KR,Busan,35.184462,129.058313,online-busan-03,ONLINE,mobile-primary-sim-cust-002,CARD,12,0,0,0,0,0,0,NORMAL_BASELINE
SIM-CUST-011-N-NEW-DEVICE,SIM-CUST-011,Han Minjun,52766,2026-03-30T12:41:33,KR,Seoul,37.5665,126.978,cafe-seoul-registered-device,CAFE,tablet-registered-sim-cust-011,E-PAY,12,0,0,1,0,0,0,NORMAL_REGISTERED_NEW_DEVICE
SIM-CUST-015-NORMAL-0123,SIM-CUST-015,Kwon Doyun,85793,2026-03-30T12:56:17,KR,Daejeon,36.335983,127.374648,cafe-daejeon-03,CAFE,mobile-primary-sim-cust-015,ACCOUNT,12,0,0,0,0,0,0,NORMAL_BASELINE
SIM-CUST-010-NORMAL-0123,SIM-CUST-010,Lim Nari,53814,2026-03-30T13:41:52,KR,Daejeon,36.353969,127.406275,utility-daejeon-03,UTILITY,mobile-primary-sim-cust-010,CARD,13,0,0,0,0,0,0,NORMAL_BASELINE
SIM-CUST-006-NORMAL-0123,SIM-CUST-006,Kang Yuna,139946,2026-03-30T14:29:44,KR,Seoul,37.56642,126.97157,grocery-seoul-03,GROCERY,mobile-primary-sim-cust-006,ACCOUNT,14,0,0,0,0,0,0,NORMAL_BASELINE
SIM-CUST-009-NORMAL-0123,SIM-CUST-009,Jang Jiwon,158582,2026-03-30T14:38:35,KR,Daegu,35.847065,128.60919,transfer-daegu-03,TRANSFER,mobile-primary-sim-cust-009,ACCOUNT,14,0,0,0,0,0,0,NORMAL_BASELINE
SIM-CUST-012-NORMAL-0123,SIM-CUST-012,Oh Seoyeon,44272,2026-03-30T14:47:26,KR,Busan,35.170282,129.054775,grocery-busan-03,GROCERY,mobile-primary-sim-cust-012,ACCOUNT,14,0,0,0,0,0,0,NORMAL_BASELINE
SIM-CUST-017-A-FOREIGN-HIGH,SIM-CUST-017,Ahn Hyunwoo,650000,2026-03-30T18:17:15,US,New York,40.7128,-74.006,online-new-york-fraud,ONLINE,unknown-mobile-sim-cust-017,E-PAY,18,0,1,1,0,0,1,FOREIGN_HIGH_AMOUNT_NEW_DEVICE
SIM-CUST-004-N-TRAVEL-FOREIGN,SIM-CUST-004,Choi Haein,71422,2026-03-30T18:41:34,JP,Tokyo,35.6762,139.6503,travel-tokyo-01,HOTEL,mobile-primary-sim-cust-004,CARD,18,0,1,0,0,0,0,NORMAL_TRAVEL_FOREIGN
SIM-CUST-020-NORMAL-0123,SIM-CUST-020,Moon Nari,44450,2026-03-30T19:11:42,KR,Daejeon,36.363294,127.402829,dining-daejeon-03,DINING,mobile-primary-sim-cust-020,E-PAY,19,0,0,0,0,0,0,NORMAL_BASELINE
SIM-CUST-017-NORMAL-0123,SIM-CUST-017,Ahn Hyunwoo,68670,2026-03-30T20:02:51,KR,Busan,35.16401,129.096785,medical-busan-03,MEDICAL,mobile-primary-sim-cust-017,E-PAY,20,0,0,0,0,0,0,NORMAL_BASELINE
SIM-CUST-007-NORMAL-0123,SIM-CUST-007,Cho Hyunwoo,73652,2026-03-30T20:32:01,KR,Busan,35.172031,129.079334,online-busan-03,ONLINE,mobile-primary-sim-cust-007,E-PAY,20,0,0,0,0,0,0,NORMAL_BASELINE
SIM-CUST-013-N-MONTH-END-SPEND,SIM-CUST-013,Seo Jiho,198677,2026-03-30T20:41:07,KR,Incheon,37.4563,126.7052,shopping-incheon-month-end,SHOPPING,mobile-primary-sim-cust-013,CARD,20,0,0,0,0,0,0,NORMAL_MONTH_END_SPEND
SIM-CUST-011-NORMAL-0123,SIM-CUST-011,Han Minjun,70600,2026-03-30T20:44:09,KR,Seoul,37.547704,126.990649,dining-seoul-03,DINING,mobile-primary-sim-cust-011,E-PAY,20,0,0,0,0,0,0,NORMAL_BASELINE
SIM-CUST-007-N-LARGE-PAYDAY,SIM-CUST-007,Cho Hyunwoo,180519,2026-03-30T21:41:25,KR,Busan,35.1796,129.0756,shopping-busan-payday,SHOPPING,mobile-primary-sim-cust-007,E-PAY,21,0,0,0,0,0,0,NORMAL_PAYDAY_LARGE_PURCHASE
SIM-CUST-012-A-NEW-METHOD,SIM-CUST-012,Oh Seoyeon,180000,2026-03-30T22:17:50,KR,Busan,35.1796,129.0756,online-busan-fraud,ONLINE,new-browser-sim-cust-012,E-PAY,22,0,0,1,1,0,1,NEW_DEVICE_PAYMENT_METHOD
SIM-CUST-014-A-DAWN-TRANSFER,SIM-CUST-014,Shin Haein,562036,2026-03-31T02:17:50,KR,Daegu,35.8714,128.6014,transfer-daegu-fraud,TRANSFER,mobile-primary-sim-cust-014,ACCOUNT,2,1,0,0,1,1,1,DAWN_HIGH_TRANSFER
SIM-CUST-020-NORMAL-0124,SIM-CUST-020,Moon Nari,47240,2026-03-31T09:18:16,KR,Daejeon,36.369232,127.401904,online-daejeon-04,ONLINE,mobile-primary-sim-cust-020,E-PAY,9,1,0,0,0,0,0,NORMAL_BASELINE
SIM-CUST-002-NORMAL-0124,SIM-CUST-002,Lee Seoyeon,49792,2026-03-31T09:24:10,KR,Busan,35.195052,129.058877,online-busan-04,ONLINE,mobile-primary-sim-cust-002,CARD,9,1,0,0,0,0,0,NORMAL_BASELINE
SIM-CUST-006-NORMAL-0124,SIM-CUST-006,Kang Yuna,147063,2026-03-31T09:36:18,KR,Seoul,37.589082,126.955802,transfer-seoul-04,TRANSFER,mobile-primary-sim-cust-006,ACCOUNT,9,1,0,0,0,0,0,NORMAL_BASELINE
SIM-CUST-008-NORMAL-0124,SIM-CUST-008,Yoon Sumin,57994,2026-03-31T09:42:52,KR,Incheon,37.446308,126.712228,online-incheon-04,ONLINE,mobile-primary-sim-cust-008,CARD,9,1,0,0,0,0,0,NORMAL_BASELINE
SIM-CUST-006-N-LARGE-PAYDAY,SIM-CUST-006,Kang Yuna,311775,2026-03-31T10:41:34,KR,Seoul,37.5665,126.978,transfer-seoul-payday,TRANSFER,mobile-primary-sim-cust-006,ACCOUNT,10,1,0,0,0,0,0,NORMAL_PAYDAY_LARGE_PURCHASE
SIM-CUST-001-NORMAL-0124,SIM-CUST-001,Kim Minjun,56893,2026-03-31T12:21:53,KR,Seoul,37.574023,126.983796,grocery-seoul-04,GROCERY,mobile-primary-sim-cust-001,CARD,12,1,0,0,0,0,0,NORMAL_BASELINE
SIM-CUST-005-NORMAL-0124,SIM-CUST-005,Jung Doyun,99923,2026-03-31T12:33:01,KR,Daejeon,36.332721,127.362602,transport-daejeon-04,TRANSPORT,mobile-primary-sim-cust-005,CARD,12,1,0,0,0,0,0,NORMAL_BASELINE
SIM-CUST-003-N-TRAVEL-FOREIGN,SIM-CUST-003,Park Jiho,104086,2026-03-31T12:41:43,VN,Ho Chi Minh City,10.8231,106.6297,travel-ho-chi-minh-city-01,HOTEL,mobile-primary-sim-cust-003,E-PAY,12,1,1,0,0,0,0,NORMAL_TRAVEL_FOREIGN
SIM-CUST-013-NORMAL-0124,SIM-CUST-013,Seo Jiho,101430,2026-03-31T12:57:17,KR,Incheon,37.438384,126.71743,online-incheon-04,ONLINE,mobile-primary-sim-cust-013,CARD,12,1,0,0,0,0,0,NORMAL_BASELINE
SIM-CUST-010-N-NEW-DEVICE,SIM-CUST-010,Lim Nari,47237,2026-03-31T13:41:42,KR,Daejeon,36.3504,127.3845,utility-daejeon-registered-device,UTILITY,tablet-registered-sim-cust-010,CARD,13,1,0,1,0,0,0,NORMAL_REGISTERED_NEW_DEVICE
SIM-CUST-009-NORMAL-0124,SIM-CUST-009,Jang Jiwon,183360,2026-03-31T13:45:09,KR,Daegu,35.89469,128.606494,dining-daegu-04,DINING,mobile-primary-sim-cust-009,ACCOUNT,13,1,0,0,0,0,0,NORMAL_BASELINE
SIM-CUST-018-NORMAL-0124,SIM-CUST-018,Song Sumin,56677,2026-03-31T15:12:42,KR,Incheon,37.474384,126.721914,transfer-incheon-04,TRANSFER,mobile-primary-sim-cust-018,ACCOUNT,15,1,0,0,0,0,0,NORMAL_BASELINE
SIM-CUST-012-NORMAL-0124,SIM-CUST-012,Oh Seoyeon,42139,2026-03-31T15:54:00,KR,Busan,35.198377,129.084728,grocery-busan-04,GROCERY,mobile-primary-sim-cust-012,ACCOUNT,15,1,0,0,0,0,0,NORMAL_BASELINE
SIM-CUST-012-N-MONTH-END-SPEND,SIM-CUST-012,Oh Seoyeon,81530,2026-03-31T16:41:16,KR,Busan,35.1796,129.0756,shopping-busan-month-end,SHOPPING,mobile-primary-sim-cust-012,ACCOUNT,16,1,0,0,0,0,0,NORMAL_MONTH_END_SPEND
SIM-CUST-014-NORMAL-0124,SIM-CUST-014,Shin Haein,104400,2026-03-31T18:00:34,KR,Daegu,35.875294,128.577645,dining-daegu-04,DINING,mobile-primary-sim-cust-014,E-PAY,18,1,0,0,0,0,0,NORMAL_BASELINE
SIM-CUST-019-NORMAL-0124,SIM-CUST-019,Hong Jiwon,142316,2026-03-31T18:15:59,KR,Daegu,35.883301,128.587324,grocery-daegu-04,GROCERY,mobile-primary-sim-cust-019,CARD,18,1,0,0,0,0,0,NORMAL_BASELINE
SIM-CUST-010-NORMAL-0124,SIM-CUST-010,Lim Nari,46162,2026-03-31T18:48:26,KR,Daejeon,36.362981,127.374252,utility-daejeon-04,UTILITY,mobile-primary-sim-cust-010,CARD,18,1,0,0,0,0,0,NORMAL_BASELINE
SIM-CUST-016-NORMAL-0124,SIM-CUST-016,Hwang Yuna,76830,2026-03-31T19:06:08,KR,Seoul,37.54674,126.994315,dining-seoul-04,DINING,mobile-primary-sim-cust-016,CARD,19,1,0,0,0,0,0,NORMAL_BASELINE
SIM-CUST-004-NORMAL-0124,SIM-CUST-004,Choi Haein,43742,2026-03-31T19:30:44,KR,Daegu,35.873583,128.577376,transport-daegu-04,TRANSPORT,mobile-primary-sim-cust-004,CARD,19,1,0,0,0,0,0,NORMAL_BASELINE
SIM-CUST-017-NORMAL-0124,SIM-CUST-017,Ahn Hyunwoo,70046,2026-03-31T20:09:25,KR,Busan,35.191375,129.060347,medical-busan-04,MEDICAL,mobile-primary-sim-cust-017,E-PAY,20,1,0,0,0,0,0,NORMAL_BASELINE
SIM-CUST-003-NORMAL-0124,SIM-CUST-003,Park Jiho,76487,2026-03-31T20:27:27,KR,Incheon,37.45583,126.688612,transport-incheon-04,TRANSPORT,mobile-primary-sim-cust-003,E-PAY,20,1,0,0,0,0,0,NORMAL_BASELINE
SIM-CUST-015-NORMAL-0124,SIM-CUST-015,Kwon Doyun,96943,2026-03-31T21:03:51,KR,Daejeon,36.35083,127.403012,transport-daejeon-04,TRANSPORT,mobile-primary-sim-cust-015,ACCOUNT,21,1,0,0,0,0,0,NORMAL_BASELINE
SIM-CUST-007-NORMAL-0124,SIM-CUST-007,Cho Hyunwoo,86569,2026-03-31T21:39:35,KR,Busan,35.194438,129.066893,shopping-busan-04,SHOPPING,mobile-primary-sim-cust-007,E-PAY,21,1,0,0,0,0,0,NORMAL_BASELINE
SIM-CUST-011-NORMAL-0124,SIM-CUST-011,Han Minjun,63424,2026-03-31T21:51:43,KR,Seoul,37.571455,126.961997,utility-seoul-04,UTILITY,mobile-primary-sim-cust-011,E-PAY,21,1,0,0,0,0,0,NORMAL_BASELINE
SIM-CUST-005-A-BURST-01,SIM-CUST-005,Jung Doyun,212751,2026-04-01T01:05:51,KR,Daejeon,36.3504,127.3845,online-burst-01,ONLINE,burst-device-sim-cust-005,E-PAY,1,2,0,1,1,1,1,BURST_DAWN_NEW_DEVICE_METHOD
SIM-CUST-005-A-BURST-02,SIM-CUST-005,Jung Doyun,278044,2026-04-01T01:13:51,KR,Daejeon,36.3504,127.3845,online-burst-02,ONLINE,burst-device-sim-cust-005,E-PAY,1,2,0,1,1,1,1,BURST_DAWN_NEW_DEVICE_METHOD
SIM-CUST-005-A-BURST-03,SIM-CUST-005,Jung Doyun,283598,2026-04-01T01:21:51,KR,Daejeon,36.3504,127.3845,online-burst-03,ONLINE,burst-device-sim-cust-005,E-PAY,1,2,0,1,1,1,1,BURST_DAWN_NEW_DEVICE_METHOD
SIM-CUST-013-A-DAWN-TRANSFER,SIM-CUST-013,Seo Jiho,604890,2026-04-01T03:17:59,KR,Incheon,37.4563,126.7052,transfer-incheon-fraud,TRANSFER,mobile-primary-sim-cust-013,ACCOUNT,3,2,0,0,1,1,1,DAWN_HIGH_TRANSFER
SIM-CUST-016-NORMAL-0125,SIM-CUST-016,Hwang Yuna,82907,2026-04-01T08:13:42,KR,Seoul,37.573748,126.980704,dining-seoul-05,DINING,mobile-primary-sim-cust-016,CARD,8,2,0,0,0,0,0,NORMAL_BASELINE
SIM-CUST-009-N-NEW-DEVICE,SIM-CUST-009,Jang Jiwon,197132,2026-04-01T08:41:51,KR,Daegu,35.8714,128.6014,transfer-daegu-registered-device,TRANSFER,tablet-registered-sim-cust-009,ACCOUNT,8,2,0,1,0,0,0,NORMAL_REGISTERED_NEW_DEVICE
SIM-CUST-014-NORMAL-0125,SIM-CUST-014,Shin Haein,108695,2026-04-01T09:07:08,KR,Daegu,35.851847,128.59193,grocery-daegu-05,GROCERY,mobile-primary-sim-cust-014,E-PAY,9,2,0,0,0,0,0,NORMAL_BASELINE
SIM-CUST-019-NORMAL-0125,SIM-CUST-019,Hong Jiwon,142608,2026-04-01T09:22:33,KR,Daegu,35.875775,128.582414,grocery-daegu-05,GROCERY,mobile-primary-sim-cust-019,CARD,9,2,0,0,0,0,0,NORMAL_BASELINE
SIM-CUST-020-NORMAL-0125,SIM-CUST-020,Moon Nari,54102,2026-04-01T09:25:50,KR,Daejeon,36.345821,127.376424,cafe-daejeon-05,CAFE,web-trusted-sim-cust-020,E-PAY,9,2,0,0,0,0,0,NORMAL_BASELINE
SIM-CUST-013-NORMAL-0125,SIM-CUST-013,Seo Jiho,125032,2026-04-01T10:04:51,KR,Incheon,37.458634,126.704008,online-incheon-05,ONLINE,mobile-primary-sim-cust-013,CARD,10,2,0,0,0,0,0,NORMAL_BASELINE
SIM-CUST-007-NORMAL-0125,SIM-CUST-007,Cho Hyunwoo,84019,2026-04-01T10:46:09,KR,Busan,35.174641,129.071272,online-busan-05,ONLINE,mobile-primary-sim-cust-007,E-PAY,10,2,0,0,0,0,0,NORMAL_BASELINE
SIM-CUST-011-N-MONTH-END-SPEND,SIM-CUST-011,Han Minjun,110853,2026-04-01T11:41:25,KR,Seoul,37.5665,126.978,shopping-seoul-month-end,SHOPPING,mobile-primary-sim-cust-011,E-PAY,11,2,0,0,0,0,0,NORMAL_MONTH_END_SPEND
SIM-CUST-003-NORMAL-0125,SIM-CUST-003,Park Jiho,80588,2026-04-01T12:34:01,KR,Incheon,37.455716,126.726045,online-incheon-05,ONLINE,mobile-primary-sim-cust-003,E-PAY,12,2,0,0,0,0,0,NORMAL_BASELINE
SIM-CUST-002-NORMAL-0125,SIM-CUST-002,Lee Seoyeon,46902,2026-04-01T13:31:44,KR,Busan,35.190579,129.099079,cafe-busan-05,CAFE,mobile-primary-sim-cust-002,CARD,13,2,0,0,0,0,0,NORMAL_BASELINE
SIM-CUST-005-NORMAL-0125,SIM-CUST-005,Jung Doyun,100111,2026-04-01T13:40:35,KR,Daejeon,36.343334,127.38213,dining-daejeon-05,DINING,mobile-primary-sim-cust-005,CARD,13,2,0,0,0,0,0,NORMAL_BASELINE
SIM-CUST-009-NORMAL-0125,SIM-CUST-009,Jang Jiwon,187508,2026-04-01T13:52:43,KR,Daegu,35.877237,128.610933,transfer-daegu-05,TRANSFER,mobile-primary-sim-cust-009,ACCOUNT,13,2,0,0,0,0,0,NORMAL_BASELINE
SIM-CUST-006-NORMAL-0125,SIM-CUST-006,Kang Yuna,139850,2026-04-01T15:43:52,KR,Seoul,37.55111,126.995077,transfer-seoul-05,TRANSFER,mobile-primary-sim-cust-006,ACCOUNT,15,2,0,0,0,0,0,NORMAL_BASELINE
SIM-CUST-008-NORMAL-0125,SIM-CUST-008,Yoon Sumin,67901,2026-04-01T15:49:26,KR,Incheon,37.445684,126.689169,medical-incheon-05,MEDICAL,mobile-primary-sim-cust-008,CARD,15,2,0,0,0,0,0,NORMAL_BASELINE
SIM-CUST-012-NORMAL-0125,SIM-CUST-012,Oh Seoyeon,41381,2026-04-01T16:01:34,KR,Busan,35.19413,129.085587,transport-busan-05,TRANSPORT,mobile-primary-sim-cust-012,ACCOUNT,16,2,0,0,0,0,0,NORMAL_BASELINE
SIM-CUST-018-NORMAL-0125,SIM-CUST-018,Song Sumin,63655,2026-04-01T16:19:16,KR,Incheon,37.454047,126.71571,dining-incheon-05,DINING,mobile-primary-sim-cust-018,ACCOUNT,16,2,0,0,0,0,0,NORMAL_BASELINE
SIM-CUST-001-NORMAL-0125,SIM-CUST-001,Kim Minjun,58105,2026-04-01T18:28:27,KR,Seoul,37.582787,126.982624,dining-seoul-05,DINING,mobile-primary-sim-cust-001,CARD,18,2,0,0,0,0,0,NORMAL_BASELINE
SIM-CUST-004-NORMAL-0125,SIM-CUST-004,Choi Haein,39217,2026-04-01T18:37:18,KR,Daegu,35.873626,128.600634,dining-daegu-05,DINING,mobile-primary-sim-cust-004,CARD,18,2,0,0,0,0,0,NORMAL_BASELINE
SIM-CUST-002-N-TRAVEL-FOREIGN,SIM-CUST-002,Lee Seoyeon,66836,2026-04-01T19:41:52,US,New York,40.7128,-74.006,travel-new-york-01,HOTEL,mobile-primary-sim-cust-002,CARD,19,2,1,0,0,0,0,NORMAL_TRAVEL_FOREIGN
SIM-CUST-017-NORMAL-0125,SIM-CUST-017,Ahn Hyunwoo,73431,2026-04-01T20:16:59,KR,Busan,35.17575,129.091529,medical-busan-05,MEDICAL,mobile-primary-sim-cust-017,E-PAY,20,2,0,0,0,0,0,NORMAL_BASELINE
SIM-CUST-010-NORMAL-0125,SIM-CUST-010,Lim Nari,54002,2026-04-01T20:55:00,KR,Daejeon,36.348663,127.390556,grocery-daejeon-05,GROCERY,mobile-primary-sim-cust-010,CARD,20,2,0,0,0,0,0,NORMAL_BASELINE
SIM-CUST-011-NORMAL-0125,SIM-CUST-011,Han Minjun,67881,2026-04-01T20:58:17,KR,Seoul,37.543457,126.981754,grocery-seoul-05,GROCERY,mobile-primary-sim-cust-011,E-PAY,20,2,0,0,0,0,0,NORMAL_BASELINE
SIM-CUST-015-NORMAL-0125,SIM-CUST-015,Kwon Doyun,106547,2026-04-01T21:10:25,KR,Daejeon,36.333921,127.376711,grocery-daejeon-05,GROCERY,mobile-primary-sim-cust-015,ACCOUNT,21,2,0,0,0,0,0,NORMAL_BASELINE
SIM-CUST-010-A-NEW-METHOD,SIM-CUST-010,Lim Nari,180000,2026-04-01T21:17:08,KR,Daejeon,36.3504,127.3845,online-daejeon-fraud,ONLINE,new-browser-sim-cust-010,E-PAY,21,2,0,1,1,0,1,NEW_DEVICE_PAYMENT_METHOD
SIM-CUST-015-A-FOREIGN-HIGH,SIM-CUST-015,Kwon Doyun,724401,2026-04-01T21:17:33,CN,Shanghai,31.2304,121.4737,online-shanghai-fraud,ONLINE,unknown-mobile-sim-cust-015,ACCOUNT,21,2,1,1,0,0,1,FOREIGN_HIGH_AMOUNT_NEW_DEVICE
SIM-CUST-005-N-LARGE-PAYDAY,SIM-CUST-005,Jung Doyun,197739,2026-04-01T21:41:43,KR,Daejeon,36.3504,127.3845,dining-daejeon-payday,DINING,mobile-primary-sim-cust-005,CARD,21,2,0,0,0,0,0,NORMAL_PAYDAY_LARGE_PURCHASE
SIM-CUST-004-A-BURST-01,SIM-CUST-004,Choi Haein,98457,2026-04-02T01:05:34,KR,Daegu,35.8714,128.6014,online-burst-01,ONLINE,burst-device-sim-cust-004,E-PAY,1,3,0,1,1,1,1,BURST_DAWN_NEW_DEVICE_METHOD
SIM-CUST-004-A-BURST-02,SIM-CUST-004,Choi Haein,90574,2026-04-02T01:13:34,KR,Daegu,35.8714,128.6014,online-burst-02,ONLINE,burst-device-sim-cust-004,E-PAY,1,3,0,1,1,1,1,BURST_DAWN_NEW_DEVICE_METHOD
SIM-CUST-012-A-DAWN-TRANSFER,SIM-CUST-012,Oh Seoyeon,420000,2026-04-02T01:17:08,KR,Busan,35.1796,129.0756,transfer-busan-fraud,TRANSFER,mobile-primary-sim-cust-012,ACCOUNT,1,3,0,0,0,1,1,DAWN_HIGH_TRANSFER
SIM-CUST-004-A-BURST-03,SIM-CUST-004,Choi Haein,99291,2026-04-02T01:21:34,KR,Daegu,35.8714,128.6014,online-burst-03,ONLINE,burst-device-sim-cust-004,E-PAY,1,3,0,1,1,1,1,BURST_DAWN_NEW_DEVICE_METHOD
SIM-CUST-016-NORMAL-0126,SIM-CUST-016,Hwang Yuna,82830,2026-04-02T08:20:16,KR,Seoul,37.54416,126.98394,grocery-seoul-06,GROCERY,mobile-primary-sim-cust-016,CARD,8,3,0,0,0,0,0,NORMAL_BASELINE
SIM-CUST-014-NORMAL-0126,SIM-CUST-014,Shin Haein,125438,2026-04-02T09:14:42,KR,Daegu,35.851169,128.584863,online-daegu-06,ONLINE,mobile-primary-sim-cust-014,E-PAY,9,3,0,0,0,0,0,NORMAL_BASELINE
SIM-CUST-001-N-TRAVEL-FOREIGN,SIM-CUST-001,Kim Minjun,79287,2026-04-02T09:41:01,JP,Tokyo,35.6762,139.6503,travel-tokyo-01,HOTEL,mobile-primary-sim-cust-001,CARD,9,3,1,0,0,0,0,NORMAL_TRAVEL_FOREIGN
SIM-CUST-004-N-LARGE-PAYDAY,SIM-CUST-004,Choi Haein,96863,2026-04-02T09:41:52,KR,Daegu,35.8714,128.6014,transport-daegu-payday,TRANSPORT,mobile-primary-sim-cust-004,CARD,9,3,0,0,0,0,0,NORMAL_PAYDAY_LARGE_PURCHASE
SIM-CUST-018-NORMAL-0126,SIM-CUST-018,Song Sumin,67943,2026-04-02T10:26:50,KR,Incheon,37.433414,126.729343,transfer-incheon-06,TRANSFER,mobile-primary-sim-cust-018,ACCOUNT,10,3,0,0,0,0,0,NORMAL_BASELINE
SIM-CUST-008-NORMAL-0126,SIM-CUST-008,Yoon Sumin,71654,2026-04-02T10:56:00,KR,Incheon,37.455953,126.728731,medical-incheon-06,MEDICAL,mobile-primary-sim-cust-008,CARD,10,3,0,0,0,0,0,NORMAL_BASELINE
SIM-CUST-013-NORMAL-0126,SIM-CUST-013,Seo Jiho,110620,2026-04-02T11:11:25,KR,Incheon,37.460738,126.698567,online-incheon-06,ONLINE,mobile-primary-sim-cust-013,CARD,11,3,0,0,0,0,0,NORMAL_BASELINE
SIM-CUST-015-NORMAL-0126,SIM-CUST-015,Kwon Doyun,107021,2026-04-02T11:17:59,KR,Daejeon,36.351567,127.378399,cafe-daejeon-06,CAFE,mobile-primary-sim-cust-015,ACCOUNT,11,3,0,0,0,0,0,NORMAL_BASELINE
SIM-CUST-017-NORMAL-0126,SIM-CUST-017,Ahn Hyunwoo,66004,2026-04-02T11:23:33,KR,Busan,35.169405,129.052041,medical-busan-06,MEDICAL,mobile-primary-sim-cust-017,E-PAY,11,3,0,0,0,0,0,NORMAL_BASELINE
SIM-CUST-019-NORMAL-0126,SIM-CUST-019,Hong Jiwon,181558,2026-04-02T11:29:07,KR,Daegu,35.891055,128.581074,cafe-daegu-06,CAFE,mobile-primary-sim-cust-019,CARD,11,3,0,0,0,0,0,NORMAL_BASELINE
SIM-CUST-001-NORMAL-0126,SIM-CUST-001,Kim Minjun,65181,2026-04-02T11:35:01,KR,Seoul,37.545833,126.997082,online-seoul-06,ONLINE,mobile-primary-sim-cust-001,CARD,11,3,0,0,0,0,0,NORMAL_BASELINE
SIM-CUST-006-NORMAL-0126,SIM-CUST-006,Kang Yuna,132441,2026-04-02T15:50:26,KR,Seoul,37.579907,126.965448,online-seoul-06,ONLINE,mobile-primary-sim-cust-006,ACCOUNT,15,3,0,0,0,0,0,NORMAL_BASELINE
SIM-CUST-009-NORMAL-0126,SIM-CUST-009,Jang Jiwon,193182,2026-04-02T15:59:17,KR,Daegu,35.850782,128.583156,dining-daegu-06,DINING,mobile-primary-sim-cust-009,ACCOUNT,15,3,0,0,0,0,0,NORMAL_BASELINE
SIM-CUST-012-NORMAL-0126,SIM-CUST-012,Oh Seoyeon,51643,2026-04-02T16:08:08,KR,Busan,35.169133,129.05851,dining-busan-06,DINING,mobile-primary-sim-cust-012,ACCOUNT,16,3,0,0,0,0,0,NORMAL_BASELINE
SIM-CUST-008-N-NEW-DEVICE,SIM-CUST-008,Yoon Sumin,58018,2026-04-02T16:41:00,KR,Incheon,37.4563,126.7052,medical-incheon-registered-device,MEDICAL,tablet-registered-sim-cust-008,CARD,16,3,0,1,0,0,0,NORMAL_REGISTERED_NEW_DEVICE
SIM-CUST-020-NORMAL-0126,SIM-CUST-020,Moon Nari,55418,2026-04-02T18:32:24,KR,Daejeon,36.326546,127.39878,dining-daejeon-06,DINING,mobile-primary-sim-cust-020,E-PAY,18,3,0,0,0,0,0,NORMAL_BASELINE
SIM-CUST-002-NORMAL-0126,SIM-CUST-002,Lee Seoyeon,52932,2026-04-02T18:38:18,KR,Busan,35.177046,129.077301,cafe-busan-06,CAFE,mobile-primary-sim-cust-002,CARD,18,3,0,0,0,0,0,NORMAL_BASELINE
SIM-CUST-010-NORMAL-0126,SIM-CUST-010,Lim Nari,53792,2026-04-02T19:02:34,KR,Daejeon,36.343776,127.384377,grocery-daejeon-06,GROCERY,mobile-primary-sim-cust-010,CARD,19,3,0,0,0,0,0,NORMAL_BASELINE
SIM-CUST-004-NORMAL-0126,SIM-CUST-004,Choi Haein,40767,2026-04-02T19:44:52,KR,Daegu,35.855391,128.592344,grocery-daegu-06,GROCERY,mobile-primary-sim-cust-004,CARD,19,3,0,0,0,0,0,NORMAL_BASELINE
SIM-CUST-014-A-FOREIGN-HIGH,SIM-CUST-014,Shin Haein,793986,2026-04-02T20:17:42,JP,Tokyo,35.6762,139.6503,hotel-tokyo-fraud,HOTEL,unknown-mobile-sim-cust-014,E-PAY,20,3,1,1,0,0,1,FOREIGN_HIGH_AMOUNT_NEW_DEVICE
SIM-CUST-010-N-MONTH-END-SPEND,SIM-CUST-010,Lim Nari,74116,2026-04-02T20:41:34,KR,Daejeon,36.3504,127.3845,shopping-daejeon-month-end,SHOPPING,mobile-primary-sim-cust-010,CARD,20,3,0,0,0,0,0,NORMAL_MONTH_END_SPEND
SIM-CUST-005-NORMAL-0126,SIM-CUST-005,Jung Doyun,108109,2026-04-02T20:47:09,KR,Daejeon,36.368642,127.396621,online-daejeon-06,ONLINE,mobile-primary-sim-cust-005,CARD,20,3,0,0,0,0,0,NORMAL_BASELINE
SIM-CUST-011-NORMAL-0126,SIM-CUST-011,Han Minjun,74345,2026-04-02T21:05:51,KR,Seoul,37.584073,126.95475,cafe-seoul-06,CAFE,mobile-primary-sim-cust-011,E-PAY,21,3,0,0,0,0,0,NORMAL_BASELINE
SIM-CUST-003-NORMAL-0126,SIM-CUST-003,Park Jiho,87590,2026-04-02T21:41:35,KR,Incheon,37.457497,126.722153,transport-incheon-06,TRANSPORT,mobile-primary-sim-cust-003,E-PAY,21,3,0,0,0,0,0,NORMAL_BASELINE
SIM-CUST-007-NORMAL-0126,SIM-CUST-007,Cho Hyunwoo,79155,2026-04-02T21:53:43,KR,Busan,35.178719,129.053903,shopping-busan-06,SHOPPING,mobile-primary-sim-cust-007,E-PAY,21,3,0,0,0,0,0,NORMAL_BASELINE
SIM-CUST-009-A-NEW-METHOD,SIM-CUST-009,Jang Jiwon,447339,2026-04-02T22:17:17,KR,Daegu,35.8714,128.6014,online-daegu-fraud,ONLINE,new-browser-sim-cust-009,E-PAY,22,3,0,1,1,0,1,NEW_DEVICE_PAYMENT_METHOD
SIM-CUST-020-A-BURST-01,SIM-CUST-020,Moon Nari,106037,2026-04-03T01:05:06,KR,Daejeon,36.3504,127.3845,online-burst-01,ONLINE,burst-device-sim-cust-020,E-PAY,1,4,0,1,0,1,1,BURST_DAWN_NEW_DEVICE_METHOD
SIM-CUST-003-A-BURST-01,SIM-CUST-003,Park Jiho,209566,2026-04-03T01:05:17,KR,Incheon,37.4563,126.7052,online-burst-01,ONLINE,burst-device-sim-cust-003,E-PAY,1,4,0,1,0,1,1,BURST_DAWN_NEW_DEVICE_METHOD
SIM-CUST-020-A-BURST-02,SIM-CUST-020,Moon Nari,130441,2026-04-03T01:13:06,KR,Daejeon,36.3504,127.3845,online-burst-02,ONLINE,burst-device-sim-cust-020,E-PAY,1,4,0,1,0,1,1,BURST_DAWN_NEW_DEVICE_METHOD
SIM-CUST-003-A-BURST-02,SIM-CUST-003,Park Jiho,201245,2026-04-03T01:13:17,KR,Incheon,37.4563,126.7052,online-burst-02,ONLINE,burst-device-sim-cust-003,E-PAY,1,4,0,1,0,1,1,BURST_DAWN_NEW_DEVICE_METHOD
SIM-CUST-020-A-BURST-03,SIM-CUST-020,Moon Nari,112316,2026-04-03T01:21:06,KR,Daejeon,36.3504,127.3845,online-burst-03,ONLINE,burst-device-sim-cust-020,E-PAY,1,4,0,1,0,1,1,BURST_DAWN_NEW_DEVICE_METHOD
SIM-CUST-003-A-BURST-03,SIM-CUST-003,Park Jiho,228569,2026-04-03T01:21:17,KR,Incheon,37.4563,126.7052,online-burst-03,ONLINE,burst-device-sim-cust-003,E-PAY,1,4,0,1,0,1,1,BURST_DAWN_NEW_DEVICE_METHOD
SIM-CUST-004-NORMAL-0127,SIM-CUST-004,Choi Haein,38876,2026-04-03T08:51:26,KR,Daegu,35.860447,128.616833,transport-daegu-07,TRANSPORT,mobile-primary-sim-cust-004,CARD,8,4,0,0,0,0,0,NORMAL_BASELINE
SIM-CUST-009-NORMAL-0127,SIM-CUST-009,Jang Jiwon,138211,2026-04-03T09:06:51,KR,Daegu,35.894926,128.619351,transfer-daegu-07,TRANSFER,mobile-primary-sim-cust-009,ACCOUNT,9,4,0,0,0,0,0,NORMAL_BASELINE
SIM-CUST-018-NORMAL-0127,SIM-CUST-018,Song Sumin,56830,2026-04-03T10:33:24,KR,Incheon,37.471242,126.714076,transfer-incheon-07,TRANSFER,mobile-primary-sim-cust-018,ACCOUNT,10,4,0,0,0,0,0,NORMAL_BASELINE
SIM-CUST-019-NORMAL-0127,SIM-CUST-019,Hong Jiwon,130139,2026-04-03T10:36:41,KR,Daegu,35.858916,128.606316,cafe-daegu-07,CAFE,mobile-primary-sim-cust-019,CARD,10,4,0,0,0,0,0,NORMAL_BASELINE
SIM-CUST-001-NORMAL-0127,SIM-CUST-001,Kim Minjun,53188,2026-04-03T10:42:35,KR,Seoul,37.574909,126.96982,dining-seoul-07,DINING,mobile-primary-sim-cust-001,CARD,10,4,0,0,0,0,0,NORMAL_BASELINE
SIM-CUST-003-NORMAL-0127,SIM-CUST-003,Park Jiho,71138,2026-04-03T10:48:09,KR,Incheon,37.469517,126.70082,utility-incheon-07,UTILITY,mobile-primary-sim-cust-003,E-PAY,10,4,0,0,0,0,0,NORMAL_BASELINE
SIM-CUST-007-NORMAL-0127,SIM-CUST-007,Cho Hyunwoo,76061,2026-04-03T11:00:17,KR,Busan,35.193816,129.072368,online-busan-07,ONLINE,mobile-primary-sim-cust-007,E-PAY,11,4,0,0,0,0,0,NORMAL_BASELINE
SIM-CUST-011-NORMAL-0127,SIM-CUST-011,Han Minjun,61362,2026-04-03T11:12:25,KR,Seoul,37.568721,126.974153,grocery-seoul-07,GROCERY,mobile-primary-sim-cust-011,E-PAY,11,4,0,0,0,0,0,NORMAL_BASELINE
SIM-CUST-013-NORMAL-0127,SIM-CUST-013,Seo Jiho,110577,2026-04-03T11:18:59,KR,Incheon,37.436667,126.701045,grocery-incheon-07,GROCERY,mobile-primary-sim-cust-013,CARD,11,4,0,0,0,0,0,NORMAL_BASELINE
SIM-CUST-002-NORMAL-0127,SIM-CUST-002,Lee Seoyeon,46167,2026-04-03T12:45:52,KR,Busan,35.199799,129.060301,transport-busan-07,TRANSPORT,mobile-primary-sim-cust-002,CARD,12,4,0,0,0,0,0,NORMAL_BASELINE
SIM-CUST-014-NORMAL-0127,SIM-CUST-014,Shin Haein,88055,2026-04-03T13:21:16,KR,Daegu,35.86656,128.618304,cafe-daegu-07,CAFE,mobile-primary-sim-cust-014,E-PAY,13,4,0,0,0,0,0,NORMAL_BASELINE
SIM-CUST-009-N-MONTH-END-SPEND,SIM-CUST-009,Jang Jiwon,253706,2026-04-03T13:41:43,KR,Daegu,35.8714,128.6014,shopping-daegu-month-end,SHOPPING,mobile-primary-sim-cust-009,ACCOUNT,13,4,0,0,0,0,0,NORMAL_MONTH_END_SPEND
SIM-CUST-012-NORMAL-0127,SIM-CUST-012,Oh Seoyeon,38570,2026-04-03T15:15:42,KR,Busan,35.198308,129.084058,online-busan-07,ONLINE,mobile-primary-sim-cust-012,ACCOUNT,15,4,0,0,0,0,0,NORMAL_BASELINE
SIM-CUST-006-NORMAL-0127,SIM-CUST-006,Kang Yuna,140426,2026-04-03T15:57:00,KR,Seoul,37.551459,126.989766,transfer-seoul-07,TRANSFER,mobile-primary-sim-cust-006,ACCOUNT,15,4,0,0,0,0,0,NORMAL_BASELINE
SIM-CUST-008-NORMAL-0127,SIM-CUST-008,Yoon Sumin,59479,2026-04-03T16:03:34,KR,Incheon,37.459579,126.723617,dining-incheon-07,DINING,mobile-primary-sim-cust-008,CARD,16,4,0,0,0,0,0,NORMAL_BASELINE
SIM-CUST-010-NORMAL-0127,SIM-CUST-010,Lim Nari,43731,2026-04-03T18:09:08,KR,Daejeon,36.33709,127.391768,grocery-daejeon-07,GROCERY,mobile-primary-sim-cust-010,CARD,18,4,0,0,0,0,0,NORMAL_BASELINE
SIM-CUST-016-NORMAL-0127,SIM-CUST-016,Hwang Yuna,63226,2026-04-03T18:27:50,KR,Seoul,37.591289,126.954106,cafe-seoul-07,CAFE,mobile-primary-sim-cust-016,CARD,18,4,0,0,0,0,0,NORMAL_BASELINE
SIM-CUST-020-NORMAL-0127,SIM-CUST-020,Moon Nari,44663,2026-04-03T18:39:58,KR,Daejeon,36.345539,127.405855,cafe-daejeon-07,CAFE,mobile-primary-sim-cust-020,E-PAY,18,4,0,0,0,0,0,NORMAL_BASELINE
SIM-CUST-007-N-NEW-DEVICE,SIM-CUST-007,Cho Hyunwoo,91095,2026-04-03T19:41:09,KR,Busan,35.1796,129.0756,shopping-busan-registered-device,SHOPPING,tablet-registered-sim-cust-007,E-PAY,19,4,0,1,0,0,0,NORMAL_REGISTERED_NEW_DEVICE
SIM-CUST-008-A-NEW-METHOD,SIM-CUST-008,Yoon Sumin,189897,2026-04-03T20:17:26,KR,Incheon,37.4563,126.7052,online-incheon-fraud,ONLINE,new-browser-sim-cust-008,E-PAY,20,4,0,1,1,0,1,NEW_DEVICE_PAYMENT_METHOD
SIM-CUST-015-NORMAL-0127,SIM-CUST-015,Kwon Doyun,100658,2026-04-03T20:24:33,KR,Daejeon,36.349503,127.3837,cafe-daejeon-07,CAFE,mobile-primary-sim-cust-015,ACCOUNT,20,4,0,0,0,0,0,NORMAL_BASELINE
SIM-CUST-005-NORMAL-0127,SIM-CUST-005,Jung Doyun,88783,2026-04-03T20:54:43,KR,Daejeon,36.365242,127.394306,grocery-daejeon-07,GROCERY,mobile-primary-sim-cust-005,CARD,20,4,0,0,0,0,0,NORMAL_BASELINE
SIM-CUST-013-A-FOREIGN-HIGH,SIM-CUST-013,Seo Jiho,1084252,2026-04-03T21:17:51,US,New York,40.7128,-74.006,online-new-york-fraud,ONLINE,unknown-mobile-sim-cust-013,CARD,21,4,1,1,0,0,1,FOREIGN_HIGH_AMOUNT_NEW_DEVICE
SIM-CUST-017-NORMAL-0127,SIM-CUST-017,Ahn Hyunwoo,55300,2026-04-03T21:30:07,KR,Busan,35.177847,129.09609,dining-busan-07,DINING,mobile-primary-sim-cust-017,E-PAY,21,4,0,0,0,0,0,NORMAL_BASELINE
SIM-CUST-003-N-LARGE-PAYDAY,SIM-CUST-003,Park Jiho,163297,2026-04-03T22:41:01,KR,Incheon,37.4563,126.7052,online-incheon-payday,ONLINE,mobile-primary-sim-cust-003,E-PAY,22,4,0,0,0,0,0,NORMAL_PAYDAY_LARGE_PURCHASE
SIM-CUST-002-A-BURST-01,SIM-CUST-002,Lee Seoyeon,143593,2026-04-04T01:05:00,KR,Busan,35.1796,129.0756,online-burst-01,ONLINE,burst-device-sim-cust-002,E-PAY,1,5,0,1,1,1,1,BURST_DAWN_NEW_DEVICE_METHOD
SIM-CUST-019-A-BURST-01,SIM-CUST-019,Hong Jiwon,341931,2026-04-04T01:05:49,KR,Daegu,35.8714,128.6014,online-burst-01,ONLINE,burst-device-sim-cust-019,E-PAY,1,5,0,1,1,1,1,BURST_DAWN_NEW_DEVICE_METHOD
SIM-CUST-002-A-BURST-02,SIM-CUST-002,Lee Seoyeon,96271,2026-04-04T01:13:00,KR,Busan,35.1796,129.0756,online-burst-02,ONLINE,burst-device-sim-cust-002,E-PAY,1,5,0,1,1,1,1,BURST_DAWN_NEW_DEVICE_METHOD
SIM-CUST-019-A-BURST-02,SIM-CUST-019,Hong Jiwon,408255,2026-04-04T01:13:49,KR,Daegu,35.8714,128.6014,online-burst-02,ONLINE,burst-device-sim-cust-019,E-PAY,1,5,0,1,1,1,1,BURST_DAWN_NEW_DEVICE_METHOD
SIM-CUST-002-A-BURST-03,SIM-CUST-002,Lee Seoyeon,102517,2026-04-04T01:21:00,KR,Busan,35.1796,129.0756,online-burst-03,ONLINE,burst-device-sim-cust-002,E-PAY,1,5,0,1,1,1,1,BURST_DAWN_NEW_DEVICE_METHOD
SIM-CUST-019-A-BURST-03,SIM-CUST-019,Hong Jiwon,339987,2026-04-04T01:21:49,KR,Daegu,35.8714,128.6014,online-burst-03,ONLINE,burst-device-sim-cust-019,E-PAY,1,5,0,1,1,1,1,BURST_DAWN_NEW_DEVICE_METHOD
SIM-CUST-010-A-DAWN-TRANSFER,SIM-CUST-010,Lim Nari,420000,2026-04-04T02:17:26,KR,Daejeon,36.3504,127.3845,transfer-daejeon-fraud,TRANSFER,mobile-primary-sim-cust-010,ACCOUNT,2,5,0,0,1,1,1,DAWN_HIGH_TRANSFER
SIM-CUST-016-A-STEALTH-SMALL-TEST,SIM-CUST-016,Hwang Yuna,7000,2026-04-04T08:03:44,KR,Seoul,37.5665,126.978,digital-test-01-sim-cust-016,DIGITAL,mobile-primary-sim-cust-016,CARD,8,5,0,0,0,0,0,STEALTH_PRECURSOR_SMALL_TEST
SIM-CUST-016-A-STEALTH-LARGE-FOLLOWUP,SIM-CUST-016,Hwang Yuna,215699,2026-04-04T08:07:44,KR,Seoul,37.5665,126.978,electronics-followup-01-sim-cust-016,ELECTRONICS,mobile-primary-sim-cust-016,CARD,8,5,0,0,0,0,1,SMALL_TEST_THEN_LARGE
SIM-CUST-016-A-STEALTH-REPEAT-1,SIM-CUST-016,Hwang Yuna,94500,2026-04-04T08:21:44,KR,Seoul,37.5665,126.978,same-amount-01-sim-cust-016,ONLINE,mobile-primary-sim-cust-016,CARD,8,5,0,0,0,0,0,STEALTH_PRECURSOR_REPEAT_FIRST
SIM-CUST-016-A-STEALTH-REPEAT-2,SIM-CUST-016,Hwang Yuna,94500,2026-04-04T08:24:44,KR,Seoul,37.5665,126.978,same-amount-02-sim-cust-016,ONLINE,mobile-primary-sim-cust-016,CARD,8,5,0,0,0,0,1,SAME_AMOUNT_REPEATED
SIM-CUST-016-A-STEALTH-REPEAT-3,SIM-CUST-016,Hwang Yuna,94500,2026-04-04T08:27:44,KR,Seoul,37.5665,126.978,same-amount-03-sim-cust-016,ONLINE,mobile-primary-sim-cust-016,CARD,8,5,0,0,0,0,1,SAME_AMOUNT_REPEATED
SIM-CUST-002-N-LARGE-PAYDAY,SIM-CUST-002,Lee Seoyeon,110750,2026-04-04T08:41:10,KR,Busan,35.1796,129.0756,cafe-busan-payday,CAFE,mobile-primary-sim-cust-002,CARD,8,5,0,0,0,0,0,NORMAL_PAYDAY_LARGE_PURCHASE
SIM-CUST-016-A-STEALTH-DISTRIBUTED-1,SIM-CUST-016,Hwang Yuna,84000,2026-04-04T08:43:44,KR,Seoul,37.5665,126.978,distributed-cafe-01-sim-cust-016,CAFE,mobile-primary-sim-cust-016,CARD,8,5,0,0,0,0,1,RAPID_DISTRIBUTED_MERCHANTS
SIM-CUST-020-NORMAL-0128,SIM-CUST-020,Moon Nari,46666,2026-04-04T08:46:32,KR,Daejeon,36.345533,127.40641,grocery-daejeon-08,GROCERY,mobile-primary-sim-cust-020,E-PAY,8,5,0,0,0,0,0,NORMAL_BASELINE
SIM-CUST-016-A-STEALTH-DISTRIBUTED-2,SIM-CUST-016,Hwang Yuna,91000,2026-04-04T08:49:44,KR,Seoul,37.5665,126.978,distributed-grocery-01-sim-cust-016,GROCERY,mobile-primary-sim-cust-016,CARD,8,5,0,0,0,0,1,RAPID_DISTRIBUTED_MERCHANTS
SIM-CUST-016-A-STEALTH-DISTRIBUTED-3,SIM-CUST-016,Hwang Yuna,98000,2026-04-04T08:55:44,KR,Seoul,37.5665,126.978,distributed-dining-01-sim-cust-016,DINING,mobile-primary-sim-cust-016,CARD,8,5,0,0,0,0,1,RAPID_DISTRIBUTED_MERCHANTS
SIM-CUST-006-NORMAL-0128,SIM-CUST-006,Kang Yuna,144254,2026-04-04T09:04:34,KR,Seoul,37.565141,126.987072,grocery-seoul-08,GROCERY,mobile-primary-sim-cust-006,ACCOUNT,9,5,0,0,0,0,0,NORMAL_BASELINE
SIM-CUST-009-NORMAL-0128,SIM-CUST-009,Jang Jiwon,147238,2026-04-04T09:13:25,KR,Daegu,35.858489,128.618504,grocery-daegu-08,GROCERY,mobile-primary-sim-cust-009,ACCOUNT,9,5,0,0,0,0,0,NORMAL_BASELINE
SIM-CUST-016-A-STEALTH-NEW-CATEGORY,SIM-CUST-016,Hwang Yuna,176586,2026-04-04T09:23:44,KR,Seoul,37.5665,126.978,new-category-jewelry-01-sim-cust-016,JEWELRY,mobile-primary-sim-cust-016,CARD,9,5,0,0,0,0,1,DOMESTIC_NEW_CATEGORY_HIGH_AMOUNT
SIM-CUST-008-N-MONTH-END-SPEND,SIM-CUST-008,Yoon Sumin,120889,2026-04-04T10:41:52,KR,Incheon,37.4563,126.7052,shopping-incheon-month-end,SHOPPING,mobile-primary-sim-cust-008,CARD,10,5,0,0,0,0,0,NORMAL_MONTH_END_SPEND
SIM-CUST-013-NORMAL-0128,SIM-CUST-013,Seo Jiho,103282,2026-04-04T12:25:33,KR,Incheon,37.437306,126.699671,online-incheon-08,ONLINE,mobile-primary-sim-cust-013,CARD,12,5,0,0,0,0,0,NORMAL_BASELINE
SIM-CUST-017-NORMAL-0128,SIM-CUST-017,Ahn Hyunwoo,61469,2026-04-04T12:37:41,KR,Busan,35.162449,129.072807,grocery-busan-08,GROCERY,mobile-primary-sim-cust-017,E-PAY,12,5,0,0,0,0,0,NORMAL_BASELINE
SIM-CUST-001-NORMAL-0128,SIM-CUST-001,Kim Minjun,49861,2026-04-04T12:49:09,KR,Seoul,37.552106,126.992892,online-seoul-08,ONLINE,mobile-primary-sim-cust-001,CARD,12,5,0,0,0,0,0,NORMAL_BASELINE
SIM-CUST-012-NORMAL-0128,SIM-CUST-012,Oh Seoyeon,43919,2026-04-04T14:22:16,KR,Busan,35.199606,129.073843,grocery-busan-08,GROCERY,mobile-primary-sim-cust-012,ACCOUNT,14,5,0,0,0,0,0,NORMAL_BASELINE
SIM-CUST-008-NORMAL-0128,SIM-CUST-008,Yoon Sumin,64617,2026-04-04T15:10:08,KR,Incheon,37.44996,126.716848,transport-incheon-08,TRANSPORT,mobile-primary-sim-cust-008,CARD,15,5,0,0,0,0,0,NORMAL_BASELINE
SIM-CUST-018-NORMAL-0128,SIM-CUST-018,Song Sumin,62223,2026-04-04T15:40:58,KR,Incheon,37.47574,126.703531,cafe-incheon-08,CAFE,mobile-primary-sim-cust-018,ACCOUNT,15,5,0,0,0,0,0,NORMAL_BASELINE
SIM-CUST-006-N-NEW-DEVICE,SIM-CUST-006,Kang Yuna,123441,2026-04-04T16:41:18,KR,Seoul,37.5665,126.978,transfer-seoul-registered-device,TRANSFER,tablet-registered-sim-cust-006,ACCOUNT,16,5,0,1,0,0,0,NORMAL_REGISTERED_NEW_DEVICE
SIM-CUST-010-NORMAL-0128,SIM-CUST-010,Lim Nari,46358,2026-04-04T18:16:42,KR,Daejeon,36.350488,127.386833,utility-daejeon-08,UTILITY,mobile-primary-sim-cust-010,CARD,18,5,0,0,0,0,0,NORMAL_BASELINE
SIM-CUST-014-NORMAL-0128,SIM-CUST-014,Shin Haein,102113,2026-04-04T18:28:50,KR,Daegu,35.858021,128.61477,dining-daegu-08,DINING,mobile-primary-sim-cust-014,E-PAY,18,5,0,0,0,0,0,NORMAL_BASELINE
SIM-CUST-016-NORMAL-0128,SIM-CUST-016,Hwang Yuna,64999,2026-04-04T18:34:24,KR,Seoul,37.55888,126.996379,cafe-seoul-08,CAFE,mobile-primary-sim-cust-016,CARD,18,5,0,0,0,0,0,NORMAL_BASELINE
SIM-CUST-004-NORMAL-0128,SIM-CUST-004,Choi Haein,39655,2026-04-04T18:58:00,KR,Daegu,35.89638,128.625099,grocery-daegu-08,GROCERY,mobile-primary-sim-cust-004,CARD,18,5,0,0,0,0,0,NORMAL_BASELINE
SIM-CUST-007-NORMAL-0128,SIM-CUST-007,Cho Hyunwoo,71936,2026-04-04T19:07:51,KR,Busan,35.187731,129.054495,cafe-busan-08,CAFE,mobile-primary-sim-cust-007,E-PAY,19,5,0,0,0,0,0,NORMAL_BASELINE
SIM-CUST-019-NORMAL-0128,SIM-CUST-019,Hong Jiwon,157312,2026-04-04T19:43:15,KR,Daegu,35.848609,128.61085,cafe-daegu-08,CAFE,mobile-primary-sim-cust-019,CARD,19,5,0,0,0,0,0,NORMAL_BASELINE
SIM-CUST-002-NORMAL-0128,SIM-CUST-002,Lee Seoyeon,49648,2026-04-04T19:52:26,KR,Busan,35.177684,129.064689,utility-busan-08,UTILITY,mobile-primary-sim-cust-002,CARD,19,5,0,0,0,0,0,NORMAL_BASELINE
SIM-CUST-007-A-NEW-METHOD,SIM-CUST-007,Cho Hyunwoo,293977,2026-04-04T20:17:35,KR,Busan,35.1796,129.0756,online-busan-fraud,ONLINE,new-browser-sim-cust-007,CARD,20,5,0,1,1,0,1,NEW_DEVICE_PAYMENT_METHOD
SIM-CUST-015-NORMAL-0128,SIM-CUST-015,Kwon Doyun,105382,2026-04-04T20:31:07,KR,Daejeon,36.342518,127.374965,transport-daejeon-08,TRANSPORT,mobile-primary-sim-cust-015,ACCOUNT,20,5,0,0,0,0,0,NORMAL_BASELINE
SIM-CUST-005-NORMAL-0128,SIM-CUST-005,Jung Doyun,100361,2026-04-04T21:01:17,KR,Daejeon,36.344778,127.407335,cafe-daejeon-08,CAFE,mobile-primary-sim-cust-005,CARD,21,5,0,0,0,0,0,NORMAL_BASELINE
SIM-CUST-012-A-FOREIGN-HIGH,SIM-CUST-012,Oh Seoyeon,650000,2026-04-04T21:17:00,VN,Ho Chi Minh City,10.8231,106.6297,shopping-ho-chi-minh-city-fraud,SHOPPING,unknown-mobile-sim-cust-012,ACCOUNT,21,5,1,1,0,0,1,FOREIGN_HIGH_AMOUNT_NEW_DEVICE
SIM-CUST-011-NORMAL-0128,SIM-CUST-011,Han Minjun,62233,2026-04-04T21:19:59,KR,Seoul,37.588811,126.978972,cafe-seoul-08,CAFE,mobile-primary-sim-cust-011,E-PAY,21,5,0,0,0,0,0,NORMAL_BASELINE
SIM-CUST-003-NORMAL-0128,SIM-CUST-003,Park Jiho,73915,2026-04-04T22:55:43,KR,Incheon,37.431757,126.705487,online-incheon-08,ONLINE,mobile-primary-sim-cust-003,E-PAY,22,5,0,0,0,0,0,NORMAL_BASELINE
SIM-CUST-018-A-BURST-01,SIM-CUST-018,Song Sumin,141987,2026-04-05T01:05:32,KR,Incheon,37.4563,126.7052,online-burst-01,ONLINE,burst-device-sim-cust-018,E-PAY,1,6,0,1,1,1,1,BURST_DAWN_NEW_DEVICE_METHOD
SIM-CUST-018-A-BURST-02,SIM-CUST-018,Song Sumin,168017,2026-04-05T01:13:32,KR,Incheon,37.4563,126.7052,online-burst-02,ONLINE,burst-device-sim-cust-018,E-PAY,1,6,0,1,1,1,1,BURST_DAWN_NEW_DEVICE_METHOD
SIM-CUST-018-A-BURST-03,SIM-CUST-018,Song Sumin,190277,2026-04-05T01:21:32,KR,Incheon,37.4563,126.7052,online-burst-03,ONLINE,burst-device-sim-cust-018,E-PAY,1,6,0,1,1,1,1,BURST_DAWN_NEW_DEVICE_METHOD
SIM-CUST-009-A-DAWN-TRANSFER,SIM-CUST-009,Jang Jiwon,831035,2026-04-05T03:17:35,KR,Daegu,35.8714,128.6014,transfer-daegu-fraud,TRANSFER,mobile-primary-sim-cust-009,ACCOUNT,3,6,0,0,0,1,1,DAWN_HIGH_TRANSFER
SIM-CUST-004-NORMAL-0129,SIM-CUST-004,Choi Haein,35962,2026-04-05T07:05:34,KR,Daegu,35.873084,128.615962,transport-daegu-09,TRANSPORT,mobile-primary-sim-cust-004,CARD,7,6,0,0,0,0,0,NORMAL_BASELINE
SIM-CUST-016-NORMAL-0129,SIM-CUST-016,Hwang Yuna,71911,2026-04-05T08:41:58,KR,Seoul,37.589237,126.966805,shopping-seoul-09,SHOPPING,mobile-primary-sim-cust-016,CARD,8,6,0,0,0,0,0,NORMAL_BASELINE
SIM-CUST-008-NORMAL-0129,SIM-CUST-008,Yoon Sumin,56802,2026-04-05T09:17:42,KR,Incheon,37.434226,126.696184,online-incheon-09,ONLINE,mobile-primary-sim-cust-008,CARD,9,6,0,0,0,0,0,NORMAL_BASELINE
SIM-CUST-012-NORMAL-0129,SIM-CUST-012,Oh Seoyeon,39594,2026-04-05T09:29:50,KR,Busan,35.202577,129.070447,dining-busan-09,DINING,mobile-primary-sim-cust-012,ACCOUNT,9,6,0,0,0,0,0,NORMAL_BASELINE
SIM-CUST-020-NORMAL-0129,SIM-CUST-020,Moon Nari,45937,2026-04-05T09:53:06,KR,Daejeon,36.36578,127.402505,utility-daejeon-09,UTILITY,mobile-primary-sim-cust-020,E-PAY,9,6,0,0,0,0,0,NORMAL_BASELINE
SIM-CUST-015-NORMAL-0129,SIM-CUST-015,Kwon Doyun,100365,2026-04-05T11:38:41,KR,Daejeon,36.361838,127.36548,transport-daejeon-09,TRANSPORT,mobile-primary-sim-cust-015,ACCOUNT,11,6,0,0,0,0,0,NORMAL_BASELINE
SIM-CUST-007-N-MONTH-END-SPEND,SIM-CUST-007,Cho Hyunwoo,154575,2026-04-05T11:41:01,KR,Busan,35.1796,129.0756,shopping-busan-month-end,SHOPPING,mobile-primary-sim-cust-007,E-PAY,11,6,0,0,0,0,0,NORMAL_MONTH_END_SPEND
SIM-CUST-001-N-LARGE-PAYDAY,SIM-CUST-001,Kim Minjun,140421,2026-04-05T11:41:19,KR,Seoul,37.5665,126.978,grocery-seoul-payday,GROCERY,mobile-primary-sim-cust-001,CARD,11,6,0,0,0,0,0,NORMAL_PAYDAY_LARGE_PURCHASE
SIM-CUST-001-NORMAL-0129,SIM-CUST-001,Kim Minjun,56566,2026-04-05T11:56:43,KR,Seoul,37.585505,126.98079,grocery-seoul-09,GROCERY,mobile-primary-sim-cust-001,CARD,11,6,0,0,0,0,0,NORMAL_BASELINE
SIM-CUST-003-NORMAL-0129,SIM-CUST-003,Park Jiho,74678,2026-04-05T12:02:17,KR,Incheon,37.477995,126.725838,online-incheon-09,ONLINE,mobile-primary-sim-cust-003,E-PAY,12,6,0,0,0,0,0,NORMAL_BASELINE
SIM-CUST-010-NORMAL-0129,SIM-CUST-010,Lim Nari,55014,2026-04-05T12:23:16,KR,Daejeon,36.33032,127.363067,dining-daejeon-09,DINING,mobile-primary-sim-cust-010,CARD,12,6,0,0,0,0,0,NORMAL_BASELINE
SIM-CUST-014-NORMAL-0129,SIM-CUST-014,Shin Haein,109021,2026-04-05T12:35:24,KR,Daegu,35.888116,128.578225,grocery-daegu-09,GROCERY,mobile-primary-sim-cust-014,E-PAY,12,6,0,0,0,0,0,NORMAL_BASELINE
SIM-CUST-011-NORMAL-0129,SIM-CUST-011,Han Minjun,66147,2026-04-05T13:26:33,KR,Seoul,37.570354,126.987755,cafe-seoul-09,CAFE,mobile-primary-sim-cust-011,E-PAY,13,6,0,0,0,0,0,NORMAL_BASELINE
SIM-CUST-005-N-NEW-DEVICE,SIM-CUST-005,Jung Doyun,110156,2026-04-05T13:41:27,KR,Daejeon,36.3504,127.3845,dining-daejeon-registered-device,DINING,tablet-registered-sim-cust-005,CARD,13,6,0,1,0,0,0,NORMAL_REGISTERED_NEW_DEVICE
SIM-CUST-017-NORMAL-0129,SIM-CUST-017,Ahn Hyunwoo,61430,2026-04-05T13:44:15,KR,Busan,35.168397,129.085915,medical-busan-09,MEDICAL,mobile-primary-sim-cust-017,E-PAY,13,6,0,0,0,0,0,NORMAL_BASELINE
SIM-CUST-002-NORMAL-0129,SIM-CUST-002,Lee Seoyeon,44865,2026-04-05T13:59:00,KR,Busan,35.162703,129.060585,grocery-busan-09,GROCERY,mobile-primary-sim-cust-002,CARD,13,6,0,0,0,0,0,NORMAL_BASELINE
SIM-CUST-006-NORMAL-0129,SIM-CUST-006,Kang Yuna,122286,2026-04-05T14:11:08,KR,Seoul,37.577912,126.990236,utility-seoul-09,UTILITY,mobile-primary-sim-cust-006,ACCOUNT,14,6,0,0,0,0,0,NORMAL_BASELINE
SIM-CUST-009-NORMAL-0129,SIM-CUST-009,Jang Jiwon,157155,2026-04-05T14:20:59,KR,Daegu,35.869571,128.600099,transfer-daegu-09,TRANSFER,mobile-primary-sim-cust-009,ACCOUNT,14,6,0,0,0,0,0,NORMAL_BASELINE
SIM-CUST-018-NORMAL-0129,SIM-CUST-018,Song Sumin,62138,2026-04-05T16:47:32,KR,Incheon,37.467218,126.717667,grocery-incheon-09,GROCERY,mobile-primary-sim-cust-018,ACCOUNT,16,6,0,0,0,0,0,NORMAL_BASELINE
SIM-CUST-013-NORMAL-0129,SIM-CUST-013,Seo Jiho,115506,2026-04-05T18:32:07,KR,Incheon,37.475961,126.711194,online-incheon-09,ONLINE,mobile-primary-sim-cust-013,CARD,18,6,0,0,0,0,0,NORMAL_BASELINE
SIM-CUST-019-NORMAL-0129,SIM-CUST-019,Hong Jiwon,161324,2026-04-05T18:50:49,KR,Daegu,35.882833,128.622711,grocery-daegu-09,GROCERY,mobile-primary-sim-cust-019,CARD,18,6,0,0,0,0,0,NORMAL_BASELINE
SIM-CUST-005-NORMAL-0129,SIM-CUST-005,Jung Doyun,94757,2026-04-05T21:08:51,KR,Daejeon,36.326048,127.372067,dining-daejeon-09,DINING,mobile-primary-sim-cust-005,CARD,21,6,0,0,0,0,0,NORMAL_BASELINE
SIM-CUST-007-NORMAL-0129,SIM-CUST-007,Cho Hyunwoo,71573,2026-04-05T21:14:25,KR,Busan,35.184404,129.066869,online-busan-09,ONLINE,mobile-primary-sim-cust-007,E-PAY,21,6,0,0,0,0,0,NORMAL_BASELINE
SIM-CUST-008-A-DAWN-TRANSFER,SIM-CUST-008,Yoon Sumin,420000,2026-04-06T01:17:44,KR,Incheon,37.4563,126.7052,transfer-incheon-fraud,TRANSFER,mobile-primary-sim-cust-008,ACCOUNT,1,0,0,0,1,1,1,DAWN_HIGH_TRANSFER
SIM-CUST-004-NORMAL-0130,SIM-CUST-004,Choi Haein,43291,2026-04-06T07:12:08,KR,Daegu,35.875185,128.625533,dining-daegu-10,DINING,mobile-primary-sim-cust-004,CARD,7,0,0,0,0,0,0,NORMAL_BASELINE
SIM-CUST-020-NORMAL-0130,SIM-CUST-020,Moon Nari,41301,2026-04-06T08:00:40,KR,Daejeon,36.352431,127.363718,grocery-daejeon-10,GROCERY,mobile-primary-sim-cust-020,E-PAY,8,0,0,0,0,0,0,NORMAL_BASELINE
SIM-CUST-009-NORMAL-0130,SIM-CUST-009,Jang Jiwon,184592,2026-04-06T08:27:33,KR,Daegu,35.883339,128.598663,transfer-daegu-10,TRANSFER,mobile-primary-sim-cust-009,ACCOUNT,8,0,0,0,0,0,0,NORMAL_BASELINE
SIM-CUST-013-NORMAL-0130,SIM-CUST-013,Seo Jiho,110325,2026-04-06T09:39:41,KR,Incheon,37.438265,126.724321,utility-incheon-10,UTILITY,mobile-primary-sim-cust-013,CARD,9,0,0,0,0,0,0,NORMAL_BASELINE
SIM-CUST-016-NORMAL-0130,SIM-CUST-016,Hwang Yuna,80234,2026-04-06T09:48:32,KR,Seoul,37.577181,126.97754,utility-seoul-10,UTILITY,mobile-primary-sim-cust-016,CARD,9,0,0,0,0,0,0,NORMAL_BASELINE
SIM-CUST-007-NORMAL-0130,SIM-CUST-007,Cho Hyunwoo,74371,2026-04-06T10:21:59,KR,Busan,35.202394,129.05408,online-busan-10,ONLINE,mobile-primary-sim-cust-007,E-PAY,10,0,0,0,0,0,0,NORMAL_BASELINE
SIM-CUST-008-NORMAL-0130,SIM-CUST-008,Yoon Sumin,56460,2026-04-06T10:24:16,KR,Incheon,37.449358,126.712012,grocery-incheon-10,GROCERY,mobile-primary-sim-cust-008,CARD,10,0,0,0,0,0,0,NORMAL_BASELINE
SIM-CUST-015-NORMAL-0130,SIM-CUST-015,Kwon Doyun,99129,2026-04-06T11:45:15,KR,Daejeon,36.371035,127.404815,grocery-daejeon-10,GROCERY,mobile-primary-sim-cust-015,ACCOUNT,11,0,0,0,0,0,0,NORMAL_BASELINE
SIM-CUST-010-NORMAL-0130,SIM-CUST-010,Lim Nari,49132,2026-04-06T12:30:50,KR,Daejeon,36.359155,127.372001,cafe-daejeon-10,CAFE,mobile-primary-sim-cust-010,CARD,12,0,0,0,0,0,0,NORMAL_BASELINE
SIM-CUST-019-NORMAL-0130,SIM-CUST-019,Hong Jiwon,145188,2026-04-06T12:57:23,KR,Daegu,35.86699,128.592937,online-daegu-10,ONLINE,mobile-primary-sim-cust-019,CARD,12,0,0,0,0,0,0,NORMAL_BASELINE
SIM-CUST-006-N-MONTH-END-SPEND,SIM-CUST-006,Kang Yuna,256038,2026-04-06T14:41:10,KR,Seoul,37.5665,126.978,shopping-seoul-month-end,SHOPPING,mobile-primary-sim-cust-006,ACCOUNT,14,0,0,0,0,0,0,NORMAL_MONTH_END_SPEND
SIM-CUST-018-NORMAL-0130,SIM-CUST-018,Song Sumin,60664,2026-04-06T14:54:06,KR,Incheon,37.456458,126.705186,grocery-incheon-10,GROCERY,mobile-primary-sim-cust-018,ACCOUNT,14,0,0,0,0,0,0,NORMAL_BASELINE
SIM-CUST-012-NORMAL-0130,SIM-CUST-012,Oh Seoyeon,42807,2026-04-06T15:36:24,KR,Busan,35.170464,129.100422,dining-busan-10,DINING,mobile-primary-sim-cust-012,ACCOUNT,15,0,0,0,0,0,0,NORMAL_BASELINE
SIM-CUST-006-NORMAL-0130,SIM-CUST-006,Kang Yuna,128095,2026-04-06T16:18:42,KR,Seoul,37.573426,126.962936,grocery-seoul-10,GROCERY,mobile-primary-sim-cust-006,ACCOUNT,16,0,0,0,0,0,0,NORMAL_BASELINE
SIM-CUST-001-NORMAL-0130,SIM-CUST-001,Kim Minjun,51055,2026-04-06T18:03:17,KR,Seoul,37.577504,126.977429,utility-seoul-10,UTILITY,web-trusted-sim-cust-001,CARD,18,0,0,0,0,0,0,NORMAL_BASELINE
SIM-CUST-002-NORMAL-0130,SIM-CUST-002,Lee Seoyeon,44028,2026-04-06T18:06:34,KR,Busan,35.186659,129.094306,cafe-busan-10,CAFE,mobile-primary-sim-cust-002,CARD,18,0,0,0,0,0,0,NORMAL_BASELINE
SIM-CUST-004-N-NEW-DEVICE,SIM-CUST-004,Choi Haein,42928,2026-04-06T18:41:36,KR,Daegu,35.8714,128.6014,transport-daegu-registered-device,TRANSPORT,tablet-registered-sim-cust-004,CARD,18,0,0,1,0,0,0,NORMAL_REGISTERED_NEW_DEVICE
SIM-CUST-014-NORMAL-0130,SIM-CUST-014,Shin Haein,103206,2026-04-06T19:42:58,KR,Daegu,35.846679,128.61092,cafe-daegu-10,CAFE,mobile-primary-sim-cust-014,E-PAY,19,0,0,0,0,0,0,NORMAL_BASELINE
SIM-CUST-017-NORMAL-0130,SIM-CUST-017,Ahn Hyunwoo,67713,2026-04-06T19:51:49,KR,Busan,35.17074,129.051448,medical-busan-10,MEDICAL,mobile-primary-sim-cust-017,E-PAY,19,0,0,0,0,0,0,NORMAL_BASELINE
SIM-CUST-005-NORMAL-0130,SIM-CUST-005,Jung Doyun,103855,2026-04-06T20:15:25,KR,Daejeon,36.347553,127.370777,online-daejeon-10,ONLINE,mobile-primary-sim-cust-005,CARD,20,0,0,0,0,0,0,NORMAL_BASELINE
SIM-CUST-005-A-NEW-METHOD,SIM-CUST-005,Jung Doyun,269068,2026-04-06T20:17:53,KR,Daejeon,36.3504,127.3845,online-daejeon-fraud,ONLINE,new-browser-sim-cust-005,E-PAY,20,0,0,1,1,0,1,NEW_DEVICE_PAYMENT_METHOD
SIM-CUST-011-NORMAL-0130,SIM-CUST-011,Han Minjun,76550,2026-04-06T20:33:07,KR,Seoul,37.571809,126.97853,utility-seoul-10,UTILITY,mobile-primary-sim-cust-011,E-PAY,20,0,0,0,0,0,0,NORMAL_BASELINE
SIM-CUST-010-A-FOREIGN-HIGH,SIM-CUST-010,Lim Nari,650000,2026-04-06T21:17:18,JP,Tokyo,35.6762,139.6503,hotel-tokyo-fraud,HOTEL,unknown-mobile-sim-cust-010,CARD,21,0,1,1,0,0,1,FOREIGN_HIGH_AMOUNT_NEW_DEVICE
SIM-CUST-003-NORMAL-0130,SIM-CUST-003,Park Jiho,65389,2026-04-06T22:09:51,KR,Incheon,37.458882,126.680793,grocery-incheon-10,GROCERY,mobile-primary-sim-cust-003,E-PAY,22,0,0,0,0,0,0,NORMAL_BASELINE
SIM-CUST-007-A-DAWN-TRANSFER,SIM-CUST-007,Cho Hyunwoo,503777,2026-04-07T02:17:53,KR,Busan,35.1796,129.0756,transfer-busan-fraud,TRANSFER,mobile-primary-sim-cust-007,ACCOUNT,2,1,0,0,1,1,1,DAWN_HIGH_TRANSFER
SIM-CUST-016-NORMAL-0131,SIM-CUST-016,Hwang Yuna,72420,2026-04-07T08:55:06,KR,Seoul,37.564106,126.97992,transport-seoul-11,TRANSPORT,mobile-primary-sim-cust-016,CARD,8,1,0,0,0,0,0,NORMAL_BASELINE
SIM-CUST-018-NORMAL-0131,SIM-CUST-018,Song Sumin,64690,2026-04-07T09:01:40,KR,Incheon,37.449675,126.695122,transfer-incheon-11,TRANSFER,mobile-primary-sim-cust-018,ACCOUNT,9,1,0,0,0,0,0,NORMAL_BASELINE
SIM-CUST-019-NORMAL-0131,SIM-CUST-019,Hong Jiwon,148471,2026-04-07T09:04:57,KR,Daegu,35.875184,128.576405,grocery-daegu-11,GROCERY,mobile-primary-sim-cust-019,CARD,9,1,0,0,0,0,0,NORMAL_BASELINE
SIM-CUST-020-NORMAL-0131,SIM-CUST-020,Moon Nari,49131,2026-04-07T09:07:14,KR,Daejeon,36.341795,127.367461,cafe-daejeon-11,CAFE,mobile-primary-sim-cust-020,E-PAY,9,1,0,0,0,0,0,NORMAL_BASELINE
SIM-CUST-006-NORMAL-0131,SIM-CUST-006,Kang Yuna,129406,2026-04-07T09:25:16,KR,Seoul,37.547146,126.984645,online-seoul-11,ONLINE,mobile-primary-sim-cust-006,ACCOUNT,9,1,0,0,0,0,0,NORMAL_BASELINE
SIM-CUST-007-NORMAL-0131,SIM-CUST-007,Cho Hyunwoo,83918,2026-04-07T10:28:33,KR,Busan,35.195593,129.06697,dining-busan-11,DINING,mobile-primary-sim-cust-007,E-PAY,10,1,0,0,0,0,0,NORMAL_BASELINE
SIM-CUST-008-NORMAL-0131,SIM-CUST-008,Yoon Sumin,61162,2026-04-07T11:31:50,KR,Incheon,37.463247,126.684041,medical-incheon-11,MEDICAL,mobile-primary-sim-cust-008,CARD,11,1,0,0,0,0,0,NORMAL_BASELINE
SIM-CUST-003-N-NEW-DEVICE,SIM-CUST-003,Park Jiho,87524,2026-04-07T11:41:45,KR,Incheon,37.4563,126.7052,online-incheon-registered-device,ONLINE,tablet-registered-sim-cust-003,E-PAY,11,1,0,1,0,0,0,NORMAL_REGISTERED_NEW_DEVICE
SIM-CUST-017-NORMAL-0131,SIM-CUST-017,Ahn Hyunwoo,68478,2026-04-07T11:58:23,KR,Busan,35.173041,129.066363,online-busan-11,ONLINE,mobile-primary-sim-cust-017,E-PAY,11,1,0,0,0,0,0,NORMAL_BASELINE
SIM-CUST-013-NORMAL-0131,SIM-CUST-013,Seo Jiho,129630,2026-04-07T12:46:15,KR,Incheon,37.449187,126.722992,online-incheon-11,ONLINE,mobile-primary-sim-cust-013,CARD,12,1,0,0,0,0,0,NORMAL_BASELINE
SIM-CUST-009-NORMAL-0131,SIM-CUST-009,Jang Jiwon,186427,2026-04-07T13:34:07,KR,Daegu,35.875661,128.586467,grocery-daegu-11,GROCERY,mobile-primary-sim-cust-009,ACCOUNT,13,1,0,0,0,0,0,NORMAL_BASELINE
SIM-CUST-012-NORMAL-0131,SIM-CUST-012,Oh Seoyeon,48045,2026-04-07T15:43:58,KR,Busan,35.160316,129.073329,dining-busan-11,DINING,mobile-primary-sim-cust-012,ACCOUNT,15,1,0,0,0,0,0,NORMAL_BASELINE
SIM-CUST-002-NORMAL-0131,SIM-CUST-002,Lee Seoyeon,50054,2026-04-07T18:13:08,KR,Busan,35.180395,129.056834,utility-busan-11,UTILITY,mobile-primary-sim-cust-002,CARD,18,1,0,0,0,0,0,NORMAL_BASELINE
SIM-CUST-009-A-FOREIGN-HIGH,SIM-CUST-009,Jang Jiwon,1695205,2026-04-07T18:17:27,US,New York,40.7128,-74.006,online-new-york-fraud,ONLINE,unknown-mobile-sim-cust-009,ACCOUNT,18,1,1,1,0,0,1,FOREIGN_HIGH_AMOUNT_NEW_DEVICE
SIM-CUST-004-NORMAL-0131,SIM-CUST-004,Choi Haein,43106,2026-04-07T18:19:42,KR,Daegu,35.888661,128.585205,grocery-daegu-11,GROCERY,mobile-primary-sim-cust-004,CARD,18,1,0,0,0,0,0,NORMAL_BASELINE
SIM-CUST-010-NORMAL-0131,SIM-CUST-010,Lim Nari,53393,2026-04-07T18:37:24,KR,Daejeon,36.332293,127.40225,utility-daejeon-11,UTILITY,mobile-primary-sim-cust-010,CARD,18,1,0,0,0,0,0,NORMAL_BASELINE
SIM-CUST-014-NORMAL-0131,SIM-CUST-014,Shin Haein,108715,2026-04-07T18:49:32,KR,Daegu,35.862051,128.609,online-daegu-11,ONLINE,mobile-primary-sim-cust-014,E-PAY,18,1,0,0,0,0,0,NORMAL_BASELINE
SIM-CUST-001-NORMAL-0131,SIM-CUST-001,Kim Minjun,57337,2026-04-07T20:10:51,KR,Seoul,37.577092,126.975409,grocery-seoul-11,GROCERY,mobile-primary-sim-cust-001,CARD,20,1,0,0,0,0,0,NORMAL_BASELINE
SIM-CUST-004-A-NEW-METHOD,SIM-CUST-004,Choi Haein,180000,2026-04-07T20:17:02,KR,Daegu,35.8714,128.6014,online-daegu-fraud,ONLINE,new-browser-sim-cust-004,E-PAY,20,1,0,1,1,0,1,NEW_DEVICE_PAYMENT_METHOD
SIM-CUST-003-NORMAL-0131,SIM-CUST-003,Park Jiho,76038,2026-04-07T21:16:25,KR,Incheon,37.445634,126.705311,dining-incheon-11,DINING,mobile-primary-sim-cust-003,E-PAY,21,1,0,0,0,0,0,NORMAL_BASELINE
SIM-CUST-005-NORMAL-0131,SIM-CUST-005,Jung Doyun,100971,2026-04-07T21:22:59,KR,Daejeon,36.363155,127.386831,dining-daejeon-11,DINING,mobile-primary-sim-cust-005,CARD,21,1,0,0,0,0,0,NORMAL_BASELINE
SIM-CUST-011-NORMAL-0131,SIM-CUST-011,Han Minjun,75116,2026-04-07T21:40:41,KR,Seoul,37.553355,126.962404,cafe-seoul-11,CAFE,mobile-primary-sim-cust-011,E-PAY,21,1,0,0,0,0,0,NORMAL_BASELINE
SIM-CUST-005-N-MONTH-END-SPEND,SIM-CUST-005,Jung Doyun,136243,2026-04-07T21:41:19,KR,Daejeon,36.3504,127.3845,shopping-daejeon-month-end,SHOPPING,mobile-primary-sim-cust-005,CARD,21,1,0,0,0,0,0,NORMAL_MONTH_END_SPEND
SIM-CUST-015-NORMAL-0131,SIM-CUST-015,Kwon Doyun,108812,2026-04-07T22:52:49,KR,Daejeon,36.351606,127.370919,online-daejeon-11,ONLINE,mobile-primary-sim-cust-015,ACCOUNT,22,1,0,0,0,0,0,NORMAL_BASELINE
SIM-CUST-002-NORMAL-0132,SIM-CUST-002,Lee Seoyeon,45859,2026-04-08T08:20:42,KR,Busan,35.199865,129.057967,dining-busan-12,DINING,mobile-primary-sim-cust-002,CARD,8,2,0,0,0,0,0,NORMAL_BASELINE
SIM-CUST-016-NORMAL-0132,SIM-CUST-016,Hwang Yuna,80166,2026-04-08T09:02:40,KR,Seoul,37.585298,127.000313,shopping-seoul-12,SHOPPING,mobile-primary-sim-cust-016,CARD,9,2,0,0,0,0,0,NORMAL_BASELINE
SIM-CUST-001-NORMAL-0132,SIM-CUST-001,Kim Minjun,54751,2026-04-08T09:17:25,KR,Seoul,37.576089,126.96831,grocery-seoul-12,GROCERY,mobile-primary-sim-cust-001,CARD,9,2,0,0,0,0,0,NORMAL_BASELINE
SIM-CUST-004-N-MONTH-END-SPEND,SIM-CUST-004,Choi Haein,62725,2026-04-08T09:41:28,KR,Daegu,35.8714,128.6014,shopping-daegu-month-end,SHOPPING,mobile-primary-sim-cust-004,CARD,9,2,0,0,0,0,0,NORMAL_MONTH_END_SPEND
SIM-CUST-007-NORMAL-0132,SIM-CUST-007,Cho Hyunwoo,89596,2026-04-08T10:35:07,KR,Busan,35.198963,129.095763,shopping-busan-12,SHOPPING,mobile-primary-sim-cust-007,E-PAY,10,2,0,0,0,0,0,NORMAL_BASELINE
SIM-CUST-008-NORMAL-0132,SIM-CUST-008,Yoon Sumin,60479,2026-04-08T10:38:24,KR,Incheon,37.436025,126.717831,dining-incheon-12,DINING,mobile-primary-sim-cust-008,CARD,10,2,0,0,0,0,0,NORMAL_BASELINE
SIM-CUST-015-NORMAL-0132,SIM-CUST-015,Kwon Doyun,92264,2026-04-08T11:59:23,KR,Daejeon,36.35672,127.407101,grocery-daejeon-12,GROCERY,mobile-primary-sim-cust-015,ACCOUNT,11,2,0,0,0,0,0,NORMAL_BASELINE
SIM-CUST-014-NORMAL-0132,SIM-CUST-014,Shin Haein,108854,2026-04-08T12:56:06,KR,Daegu,35.87414,128.613384,grocery-daegu-12,GROCERY,mobile-primary-sim-cust-014,E-PAY,12,2,0,0,0,0,0,NORMAL_BASELINE
SIM-CUST-020-NORMAL-0132,SIM-CUST-020,Moon Nari,50268,2026-04-08T13:14:48,KR,Daejeon,36.326142,127.376253,dining-daejeon-12,DINING,mobile-primary-sim-cust-020,E-PAY,13,2,0,0,0,0,0,NORMAL_BASELINE
SIM-CUST-011-NORMAL-0132,SIM-CUST-011,Han Minjun,66226,2026-04-08T13:47:15,KR,Seoul,37.54821,126.980604,online-seoul-12,ONLINE,mobile-primary-sim-cust-011,E-PAY,13,2,0,0,0,0,0,NORMAL_BASELINE
SIM-CUST-006-NORMAL-0132,SIM-CUST-006,Kang Yuna,150595,2026-04-08T14:32:50,KR,Seoul,37.570735,126.97279,transfer-seoul-12,TRANSFER,mobile-primary-sim-cust-006,ACCOUNT,14,2,0,0,0,0,0,NORMAL_BASELINE
SIM-CUST-009-NORMAL-0132,SIM-CUST-009,Jang Jiwon,170192,2026-04-08T14:41:41,KR,Daegu,35.863093,128.581533,online-daegu-12,ONLINE,mobile-primary-sim-cust-009,ACCOUNT,14,2,0,0,0,0,0,NORMAL_BASELINE
SIM-CUST-018-NORMAL-0132,SIM-CUST-018,Song Sumin,62448,2026-04-08T16:08:14,KR,Incheon,37.446276,126.681394,utility-incheon-12,UTILITY,mobile-primary-sim-cust-018,ACCOUNT,16,2,0,0,0,0,0,NORMAL_BASELINE
SIM-CUST-012-NORMAL-0132,SIM-CUST-012,Oh Seoyeon,45869,2026-04-08T16:50:32,KR,Busan,35.186611,129.066609,dining-busan-12,DINING,mobile-primary-sim-cust-012,ACCOUNT,16,2,0,0,0,0,0,NORMAL_BASELINE
SIM-CUST-002-N-NEW-DEVICE,SIM-CUST-002,Lee Seoyeon,37470,2026-04-08T18:41:54,KR,Busan,35.1796,129.0756,cafe-busan-registered-device,CAFE,tablet-registered-sim-cust-002,CARD,18,2,0,1,0,0,0,NORMAL_REGISTERED_NEW_DEVICE
SIM-CUST-013-NORMAL-0132,SIM-CUST-013,Seo Jiho,129511,2026-04-08T18:53:49,KR,Incheon,37.457553,126.705852,online-incheon-12,ONLINE,mobile-primary-sim-cust-013,CARD,18,2,0,0,0,0,0,NORMAL_BASELINE
SIM-CUST-019-NORMAL-0132,SIM-CUST-019,Hong Jiwon,155695,2026-04-08T19:11:31,KR,Daegu,35.869018,128.611197,grocery-daegu-12,GROCERY,mobile-primary-sim-cust-019,CARD,19,2,0,0,0,0,0,NORMAL_BASELINE
SIM-CUST-004-NORMAL-0132,SIM-CUST-004,Choi Haein,42834,2026-04-08T19:26:16,KR,Daegu,35.864339,128.605978,transport-daegu-12,TRANSPORT,mobile-primary-sim-cust-004,CARD,19,2,0,0,0,0,0,NORMAL_BASELINE
SIM-CUST-005-NORMAL-0132,SIM-CUST-005,Jung Doyun,104398,2026-04-08T20:29:33,KR,Daejeon,36.335075,127.381941,dining-daejeon-12,DINING,mobile-primary-sim-cust-005,CARD,20,2,0,0,0,0,0,NORMAL_BASELINE
SIM-CUST-010-NORMAL-0132,SIM-CUST-010,Lim Nari,46832,2026-04-08T20:44:58,KR,Daejeon,36.340374,127.400615,utility-daejeon-12,UTILITY,mobile-primary-sim-cust-010,CARD,20,2,0,0,0,0,0,NORMAL_BASELINE
SIM-CUST-017-NORMAL-0132,SIM-CUST-017,Ahn Hyunwoo,61056,2026-04-08T21:05:57,KR,Busan,35.176313,129.066794,grocery-busan-12,GROCERY,mobile-primary-sim-cust-017,E-PAY,21,2,0,0,0,0,0,NORMAL_BASELINE
SIM-CUST-003-A-NEW-METHOD,SIM-CUST-003,Park Jiho,220310,2026-04-08T21:17:11,KR,Incheon,37.4563,126.7052,online-incheon-fraud,ONLINE,new-browser-sim-cust-003,CARD,21,2,0,1,1,0,1,NEW_DEVICE_PAYMENT_METHOD
SIM-CUST-008-A-FOREIGN-HIGH,SIM-CUST-008,Yoon Sumin,650000,2026-04-08T21:17:36,VN,Ho Chi Minh City,10.8231,106.6297,shopping-ho-chi-minh-city-fraud,SHOPPING,unknown-mobile-sim-cust-008,CARD,21,2,1,1,0,0,1,FOREIGN_HIGH_AMOUNT_NEW_DEVICE
SIM-CUST-020-A-NEW-METHOD,SIM-CUST-020,Moon Nari,180000,2026-04-08T22:17:00,KR,Daejeon,36.3504,127.3845,online-daejeon-fraud,ONLINE,new-browser-sim-cust-020,CARD,22,2,0,1,1,0,1,NEW_DEVICE_PAYMENT_METHOD
SIM-CUST-003-NORMAL-0132,SIM-CUST-003,Park Jiho,82136,2026-04-08T22:23:59,KR,Incheon,37.476789,126.685551,dining-incheon-12,DINING,mobile-primary-sim-cust-003,E-PAY,22,2,0,0,0,0,0,NORMAL_BASELINE
SIM-CUST-005-A-DAWN-TRANSFER,SIM-CUST-005,Jung Doyun,467579,2026-04-09T01:17:11,KR,Daejeon,36.3504,127.3845,transfer-daejeon-fraud,TRANSFER,mobile-primary-sim-cust-005,ACCOUNT,1,3,0,0,1,1,1,DAWN_HIGH_TRANSFER
SIM-CUST-016-NORMAL-0133,SIM-CUST-016,Hwang Yuna,88942,2026-04-09T08:09:14,KR,Seoul,37.570844,126.996137,dining-seoul-01,DINING,mobile-primary-sim-cust-016,CARD,8,3,0,0,0,0,0,NORMAL_BASELINE
SIM-CUST-019-NORMAL-0133,SIM-CUST-019,Hong Jiwon,181716,2026-04-09T09:18:05,KR,Daegu,35.874985,128.609765,dining-daegu-01,DINING,mobile-primary-sim-cust-019,CARD,9,3,0,0,0,0,0,NORMAL_BASELINE
SIM-CUST-004-NORMAL-0133,SIM-CUST-004,Choi Haein,41713,2026-04-09T09:33:50,KR,Daegu,35.874555,128.585812,utility-daegu-01,UTILITY,mobile-primary-sim-cust-004,CARD,9,3,0,0,0,0,0,NORMAL_BASELINE
SIM-CUST-012-NORMAL-0133,SIM-CUST-012,Oh Seoyeon,49826,2026-04-09T09:57:06,KR,Busan,35.15772,129.091027,transport-busan-01,TRANSPORT,mobile-primary-sim-cust-012,ACCOUNT,9,3,0,0,0,0,0,NORMAL_BASELINE
SIM-CUST-013-NORMAL-0133,SIM-CUST-013,Seo Jiho,115692,2026-04-09T10:00:23,KR,Incheon,37.46726,126.697165,cafe-incheon-01,CAFE,mobile-primary-sim-cust-013,CARD,10,3,0,0,0,0,0,NORMAL_BASELINE
SIM-CUST-003-NORMAL-0133,SIM-CUST-003,Park Jiho,72898,2026-04-09T10:30:33,KR,Incheon,37.462289,126.692821,grocery-incheon-01,GROCERY,mobile-primary-sim-cust-003,E-PAY,10,3,0,0,0,0,0,NORMAL_BASELINE
SIM-CUST-006-NORMAL-0133,SIM-CUST-006,Kang Yuna,127323,2026-04-09T10:39:24,KR,Seoul,37.580674,126.976764,transfer-seoul-01,TRANSFER,mobile-primary-sim-cust-006,ACCOUNT,10,3,0,0,0,0,0,NORMAL_BASELINE
SIM-CUST-007-NORMAL-0133,SIM-CUST-007,Cho Hyunwoo,87677,2026-04-09T10:42:41,KR,Busan,35.177249,129.065175,dining-busan-01,DINING,mobile-primary-sim-cust-007,E-PAY,10,3,0,0,0,0,0,NORMAL_BASELINE
SIM-CUST-011-A-STEALTH-SMALL-TEST,SIM-CUST-011,Han Minjun,7000,2026-04-09T11:03:19,KR,Seoul,37.5665,126.978,digital-test-01-sim-cust-011,DIGITAL,mobile-primary-sim-cust-011,E-PAY,11,3,0,0,0,0,0,STEALTH_PRECURSOR_SMALL_TEST
SIM-CUST-011-A-STEALTH-LARGE-FOLLOWUP,SIM-CUST-011,Han Minjun,191019,2026-04-09T11:07:19,KR,Seoul,37.5665,126.978,electronics-followup-01-sim-cust-011,ELECTRONICS,mobile-primary-sim-cust-011,E-PAY,11,3,0,0,0,0,1,SMALL_TEST_THEN_LARGE
SIM-CUST-011-A-STEALTH-REPEAT-1,SIM-CUST-011,Han Minjun,85050,2026-04-09T11:21:19,KR,Seoul,37.5665,126.978,same-amount-01-sim-cust-011,ONLINE,mobile-primary-sim-cust-011,E-PAY,11,3,0,0,0,0,0,STEALTH_PRECURSOR_REPEAT_FIRST
SIM-CUST-011-A-STEALTH-REPEAT-2,SIM-CUST-011,Han Minjun,85050,2026-04-09T11:24:19,KR,Seoul,37.5665,126.978,same-amount-02-sim-cust-011,ONLINE,mobile-primary-sim-cust-011,E-PAY,11,3,0,0,0,0,1,SAME_AMOUNT_REPEATED
SIM-CUST-011-A-STEALTH-REPEAT-3,SIM-CUST-011,Han Minjun,85050,2026-04-09T11:27:19,KR,Seoul,37.5665,126.978,same-amount-03-sim-cust-011,ONLINE,mobile-primary-sim-cust-011,E-PAY,11,3,0,0,0,0,1,SAME_AMOUNT_REPEATED
SIM-CUST-011-A-STEALTH-DISTRIBUTED-1,SIM-CUST-011,Han Minjun,75600,2026-04-09T11:43:19,KR,Seoul,37.5665,126.978,distributed-cafe-01-sim-cust-011,CAFE,mobile-primary-sim-cust-011,E-PAY,11,3,0,0,0,0,1,RAPID_DISTRIBUTED_MERCHANTS
SIM-CUST-011-A-STEALTH-DISTRIBUTED-2,SIM-CUST-011,Han Minjun,81900,2026-04-09T11:49:19,KR,Seoul,37.5665,126.978,distributed-grocery-01-sim-cust-011,GROCERY,mobile-primary-sim-cust-011,E-PAY,11,3,0,0,0,0,1,RAPID_DISTRIBUTED_MERCHANTS
SIM-CUST-011-A-STEALTH-DISTRIBUTED-3,SIM-CUST-011,Han Minjun,88200,2026-04-09T11:55:19,KR,Seoul,37.5665,126.978,distributed-dining-01-sim-cust-011,DINING,mobile-primary-sim-cust-011,E-PAY,11,3,0,0,0,0,1,RAPID_DISTRIBUTED_MERCHANTS
SIM-CUST-017-NORMAL-0133,SIM-CUST-017,Ahn Hyunwoo,75145,2026-04-09T12:12:31,KR,Busan,35.156327,129.064745,medical-busan-01,MEDICAL,mobile-primary-sim-cust-017,E-PAY,12,3,0,0,0,0,0,NORMAL_BASELINE
SIM-CUST-011-A-STEALTH-NEW-CATEGORY,SIM-CUST-011,Han Minjun,156862,2026-04-09T12:23:19,KR,Seoul,37.5665,126.978,new-category-jewelry-01-sim-cust-011,JEWELRY,mobile-primary-sim-cust-011,E-PAY,12,3,0,0,0,0,1,DOMESTIC_NEW_CATEGORY_HIGH_AMOUNT
SIM-CUST-001-N-NEW-DEVICE,SIM-CUST-001,Kim Minjun,52303,2026-04-09T12:41:03,KR,Seoul,37.5665,126.978,grocery-seoul-registered-device,GROCERY,tablet-registered-sim-cust-001,CARD,12,3,0,1,0,0,0,NORMAL_REGISTERED_NEW_DEVICE
SIM-CUST-020-NORMAL-0133,SIM-CUST-020,Moon Nari,51246,2026-04-09T13:21:22,KR,Daejeon,36.345647,127.367017,utility-daejeon-01,UTILITY,mobile-primary-sim-cust-020,E-PAY,13,3,0,0,0,0,0,NORMAL_BASELINE
SIM-CUST-002-NORMAL-0133,SIM-CUST-002,Lee Seoyeon,53831,2026-04-09T13:27:16,KR,Busan,35.195435,129.094831,cafe-busan-01,CAFE,web-trusted-sim-cust-002,CARD,13,3,0,0,0,0,0,NORMAL_BASELINE
SIM-CUST-018-NORMAL-0133,SIM-CUST-018,Song Sumin,57662,2026-04-09T15:15:48,KR,Incheon,37.453077,126.712123,transfer-incheon-01,TRANSFER,mobile-primary-sim-cust-018,ACCOUNT,15,3,0,0,0,0,0,NORMAL_BASELINE
SIM-CUST-009-NORMAL-0133,SIM-CUST-009,Jang Jiwon,173440,2026-04-09T15:48:15,KR,Daegu,35.871185,128.605333,grocery-daegu-01,GROCERY,mobile-primary-sim-cust-009,ACCOUNT,15,3,0,0,0,0,0,NORMAL_BASELINE
SIM-CUST-008-NORMAL-0133,SIM-CUST-008,Yoon Sumin,63350,2026-04-09T16:45:58,KR,Incheon,37.47355,126.720194,medical-incheon-01,MEDICAL,mobile-primary-sim-cust-008,CARD,16,3,0,0,0,0,0,NORMAL_BASELINE
SIM-CUST-001-NORMAL-0133,SIM-CUST-001,Kim Minjun,60111,2026-04-09T18:24:59,KR,Seoul,37.558688,127.002832,grocery-seoul-01,GROCERY,mobile-primary-sim-cust-001,CARD,18,3,0,0,0,0,0,NORMAL_BASELINE
SIM-CUST-014-NORMAL-0133,SIM-CUST-014,Shin Haein,100446,2026-04-09T19:03:40,KR,Daegu,35.881363,128.595184,utility-daegu-01,UTILITY,mobile-primary-sim-cust-014,E-PAY,19,3,0,0,0,0,0,NORMAL_BASELINE
SIM-CUST-010-NORMAL-0133,SIM-CUST-010,Lim Nari,57719,2026-04-09T19:51:32,KR,Daejeon,36.36329,127.360095,utility-daejeon-01,UTILITY,mobile-primary-sim-cust-010,CARD,19,3,0,0,0,0,0,NORMAL_BASELINE
SIM-CUST-011-NORMAL-0133,SIM-CUST-011,Han Minjun,65635,2026-04-09T20:54:49,KR,Seoul,37.572616,126.956718,grocery-seoul-01,GROCERY,mobile-primary-sim-cust-011,E-PAY,20,3,0,0,0,0,0,NORMAL_BASELINE
SIM-CUST-015-NORMAL-0133,SIM-CUST-015,Kwon Doyun,106345,2026-04-09T21:06:57,KR,Daejeon,36.352138,127.396563,transport-daejeon-01,TRANSPORT,mobile-primary-sim-cust-015,ACCOUNT,21,3,0,0,0,0,0,NORMAL_BASELINE
SIM-CUST-019-A-NEW-METHOD,SIM-CUST-019,Hong Jiwon,534970,2026-04-09T21:17:09,KR,Daegu,35.8714,128.6014,online-daegu-fraud,ONLINE,new-browser-sim-cust-019,E-PAY,21,3,0,1,1,0,1,NEW_DEVICE_PAYMENT_METHOD
SIM-CUST-002-A-NEW-METHOD,SIM-CUST-002,Lee Seoyeon,180000,2026-04-09T21:17:20,KR,Busan,35.1796,129.0756,online-busan-fraud,ONLINE,new-browser-sim-cust-002,E-PAY,21,3,0,1,1,0,1,NEW_DEVICE_PAYMENT_METHOD
SIM-CUST-007-A-FOREIGN-HIGH,SIM-CUST-007,Cho Hyunwoo,709246,2026-04-09T21:17:45,CN,Shanghai,31.2304,121.4737,online-shanghai-fraud,ONLINE,unknown-mobile-sim-cust-007,E-PAY,21,3,1,1,0,0,1,FOREIGN_HIGH_AMOUNT_NEW_DEVICE
SIM-CUST-005-NORMAL-0133,SIM-CUST-005,Jung Doyun,111394,2026-04-09T21:36:07,KR,Daejeon,36.362154,127.365468,dining-daejeon-01,DINING,mobile-primary-sim-cust-005,CARD,21,3,0,0,0,0,0,NORMAL_BASELINE
SIM-CUST-003-N-MONTH-END-SPEND,SIM-CUST-003,Park Jiho,109501,2026-04-09T21:41:37,KR,Incheon,37.4563,126.7052,shopping-incheon-month-end,SHOPPING,mobile-primary-sim-cust-003,E-PAY,21,3,0,0,0,0,0,NORMAL_MONTH_END_SPEND
SIM-CUST-016-A-BURST-01,SIM-CUST-016,Hwang Yuna,198881,2026-04-10T01:05:38,KR,Seoul,37.5665,126.978,online-burst-01,ONLINE,burst-device-sim-cust-016,E-PAY,1,4,0,1,1,1,1,BURST_DAWN_NEW_DEVICE_METHOD
SIM-CUST-016-A-BURST-02,SIM-CUST-016,Hwang Yuna,157965,2026-04-10T01:13:38,KR,Seoul,37.5665,126.978,online-burst-02,ONLINE,burst-device-sim-cust-016,E-PAY,1,4,0,1,1,1,1,BURST_DAWN_NEW_DEVICE_METHOD
SIM-CUST-016-A-BURST-03,SIM-CUST-016,Hwang Yuna,179447,2026-04-10T01:21:38,KR,Seoul,37.5665,126.978,online-burst-03,ONLINE,burst-device-sim-cust-016,E-PAY,1,4,0,1,1,1,1,BURST_DAWN_NEW_DEVICE_METHOD
SIM-CUST-004-A-DAWN-TRANSFER,SIM-CUST-004,Choi Haein,420000,2026-04-10T02:17:20,KR,Daegu,35.8714,128.6014,transfer-daegu-fraud,TRANSFER,mobile-primary-sim-cust-004,ACCOUNT,2,4,0,0,1,1,1,DAWN_HIGH_TRANSFER
SIM-CUST-014-NORMAL-0134,SIM-CUST-014,Shin Haein,99621,2026-04-10T08:10:14,KR,Daegu,35.85471,128.59828,utility-daegu-02,UTILITY,mobile-primary-sim-cust-014,E-PAY,8,4,0,0,0,0,0,NORMAL_BASELINE
SIM-CUST-020-NORMAL-0134,SIM-CUST-020,Moon Nari,44377,2026-04-10T08:28:56,KR,Daejeon,36.334111,127.408585,grocery-daejeon-02,GROCERY,mobile-primary-sim-cust-020,E-PAY,8,4,0,0,0,0,0,NORMAL_BASELINE
SIM-CUST-002-NORMAL-0134,SIM-CUST-002,Lee Seoyeon,40709,2026-04-10T08:34:50,KR,Busan,35.173298,129.069908,grocery-busan-02,GROCERY,mobile-primary-sim-cust-002,CARD,8,4,0,0,0,0,0,NORMAL_BASELINE
SIM-CUST-015-NORMAL-0134,SIM-CUST-015,Kwon Doyun,79946,2026-04-10T10:13:31,KR,Daejeon,36.353735,127.371899,transport-daejeon-02,TRANSPORT,mobile-primary-sim-cust-015,ACCOUNT,10,4,0,0,0,0,0,NORMAL_BASELINE
SIM-CUST-018-NORMAL-0134,SIM-CUST-018,Song Sumin,56488,2026-04-10T10:22:22,KR,Incheon,37.469238,126.687192,grocery-incheon-02,GROCERY,mobile-primary-sim-cust-018,ACCOUNT,10,4,0,0,0,0,0,NORMAL_BASELINE
SIM-CUST-019-NORMAL-0134,SIM-CUST-019,Hong Jiwon,127561,2026-04-10T10:25:39,KR,Daegu,35.883274,128.613022,grocery-daegu-02,GROCERY,mobile-primary-sim-cust-019,CARD,10,4,0,0,0,0,0,NORMAL_BASELINE
SIM-CUST-005-NORMAL-0134,SIM-CUST-005,Jung Doyun,86529,2026-04-10T11:43:41,KR,Daejeon,36.331903,127.388699,grocery-daejeon-02,GROCERY,mobile-primary-sim-cust-005,CARD,11,4,0,0,0,0,0,NORMAL_BASELINE
SIM-CUST-008-NORMAL-0134,SIM-CUST-008,Yoon Sumin,58775,2026-04-10T11:52:32,KR,Incheon,37.436092,126.709202,dining-incheon-02,DINING,mobile-primary-sim-cust-008,CARD,11,4,0,0,0,0,0,NORMAL_BASELINE
SIM-CUST-003-NORMAL-0134,SIM-CUST-003,Park Jiho,64384,2026-04-10T12:37:07,KR,Incheon,37.449953,126.700501,online-incheon-02,ONLINE,mobile-primary-sim-cust-003,E-PAY,12,4,0,0,0,0,0,NORMAL_BASELINE
SIM-CUST-011-NORMAL-0134,SIM-CUST-011,Han Minjun,63287,2026-04-10T13:01:23,KR,Seoul,37.549666,126.975803,cafe-seoul-02,CAFE,mobile-primary-sim-cust-011,E-PAY,13,4,0,0,0,0,0,NORMAL_BASELINE
SIM-CUST-002-N-MONTH-END-SPEND,SIM-CUST-002,Lee Seoyeon,80610,2026-04-10T13:41:46,KR,Busan,35.1796,129.0756,shopping-busan-month-end,SHOPPING,mobile-primary-sim-cust-002,CARD,13,4,0,0,0,0,0,NORMAL_MONTH_END_SPEND
SIM-CUST-012-NORMAL-0134,SIM-CUST-012,Oh Seoyeon,37102,2026-04-10T15:04:40,KR,Busan,35.165175,129.051747,transport-busan-02,TRANSPORT,mobile-primary-sim-cust-012,ACCOUNT,15,4,0,0,0,0,0,NORMAL_BASELINE
SIM-CUST-009-NORMAL-0134,SIM-CUST-009,Jang Jiwon,143002,2026-04-10T15:55:49,KR,Daegu,35.870775,128.600705,cafe-daegu-02,CAFE,mobile-primary-sim-cust-009,ACCOUNT,15,4,0,0,0,0,0,NORMAL_BASELINE
SIM-CUST-006-NORMAL-0134,SIM-CUST-006,Kang Yuna,129024,2026-04-10T16:46:58,KR,Seoul,37.553936,126.977996,transfer-seoul-02,TRANSFER,mobile-primary-sim-cust-006,ACCOUNT,16,4,0,0,0,0,0,NORMAL_BASELINE
SIM-CUST-001-NORMAL-0134,SIM-CUST-001,Kim Minjun,52867,2026-04-10T18:31:33,KR,Seoul,37.555046,126.96557,grocery-seoul-02,GROCERY,mobile-primary-sim-cust-001,CARD,18,4,0,0,0,0,0,NORMAL_BASELINE
SIM-CUST-004-NORMAL-0134,SIM-CUST-004,Choi Haein,32266,2026-04-10T18:40:24,KR,Daegu,35.848298,128.579208,cafe-daegu-02,CAFE,mobile-primary-sim-cust-004,CARD,18,4,0,0,0,0,0,NORMAL_BASELINE
SIM-CUST-013-NORMAL-0134,SIM-CUST-013,Seo Jiho,93259,2026-04-10T19:07:57,KR,Incheon,37.470548,126.713122,online-incheon-02,ONLINE,mobile-primary-sim-cust-013,CARD,19,4,0,0,0,0,0,NORMAL_BASELINE
SIM-CUST-016-NORMAL-0134,SIM-CUST-016,Hwang Yuna,71992,2026-04-10T19:16:48,KR,Seoul,37.570872,126.991731,shopping-seoul-02,SHOPPING,mobile-primary-sim-cust-016,CARD,19,4,0,0,0,0,0,NORMAL_BASELINE
SIM-CUST-018-A-NEW-METHOD,SIM-CUST-018,Song Sumin,191508,2026-04-10T20:17:18,KR,Incheon,37.4563,126.7052,online-incheon-fraud,ONLINE,new-browser-sim-cust-018,E-PAY,20,4,0,1,1,0,1,NEW_DEVICE_PAYMENT_METHOD
SIM-CUST-017-NORMAL-0134,SIM-CUST-017,Ahn Hyunwoo,52777,2026-04-10T20:19:05,KR,Busan,35.180185,129.086739,dining-busan-02,DINING,mobile-primary-sim-cust-017,E-PAY,20,4,0,0,0,0,0,NORMAL_BASELINE
SIM-CUST-010-NORMAL-0134,SIM-CUST-010,Lim Nari,50452,2026-04-10T20:58:06,KR,Daejeon,36.368673,127.370879,transport-daejeon-02,TRANSPORT,mobile-primary-sim-cust-010,CARD,20,4,0,0,0,0,0,NORMAL_BASELINE
SIM-CUST-007-NORMAL-0134,SIM-CUST-007,Cho Hyunwoo,66665,2026-04-10T21:49:15,KR,Busan,35.188676,129.06643,cafe-busan-02,CAFE,mobile-primary-sim-cust-007,E-PAY,21,4,0,0,0,0,0,NORMAL_BASELINE
SIM-CUST-020-A-DAWN-TRANSFER,SIM-CUST-020,Moon Nari,420000,2026-04-11T02:17:18,KR,Daejeon,36.3504,127.3845,transfer-daejeon-fraud,TRANSFER,mobile-primary-sim-cust-020,ACCOUNT,2,5,0,0,1,1,1,DAWN_HIGH_TRANSFER
SIM-CUST-003-A-DAWN-TRANSFER,SIM-CUST-003,Park Jiho,420000,2026-04-11T02:17:29,KR,Incheon,37.4563,126.7052,transfer-incheon-fraud,TRANSFER,mobile-primary-sim-cust-003,ACCOUNT,2,5,0,0,1,1,1,DAWN_HIGH_TRANSFER
SIM-CUST-016-NORMAL-0135,SIM-CUST-016,Hwang Yuna,69299,2026-04-11T07:23:22,KR,Seoul,37.578019,126.989628,cafe-seoul-03,CAFE,mobile-primary-sim-cust-016,CARD,7,5,0,0,0,0,0,NORMAL_BASELINE
SIM-CUST-014-NORMAL-0135,SIM-CUST-014,Shin Haein,93660,2026-04-11T08:17:48,KR,Daegu,35.854936,128.616558,utility-daegu-03,UTILITY,mobile-primary-sim-cust-014,E-PAY,8,5,0,0,0,0,0,NORMAL_BASELINE
SIM-CUST-002-NORMAL-0135,SIM-CUST-002,Lee Seoyeon,37580,2026-04-11T08:41:24,KR,Busan,35.201141,129.092559,grocery-busan-03,GROCERY,mobile-primary-sim-cust-002,CARD,8,5,0,0,0,0,0,NORMAL_BASELINE
SIM-CUST-020-NORMAL-0135,SIM-CUST-020,Moon Nari,41258,2026-04-11T09:35:30,KR,Daejeon,36.348236,127.389209,cafe-daejeon-03,CAFE,mobile-primary-sim-cust-020,E-PAY,9,5,0,0,0,0,0,NORMAL_BASELINE
SIM-CUST-001-NORMAL-0135,SIM-CUST-001,Kim Minjun,48903,2026-04-11T09:38:07,KR,Seoul,37.578644,127.000544,dining-seoul-03,DINING,mobile-primary-sim-cust-001,CARD,9,5,0,0,0,0,0,NORMAL_BASELINE
SIM-CUST-019-NORMAL-0135,SIM-CUST-019,Hong Jiwon,130582,2026-04-11T10:32:13,KR,Daegu,35.86115,128.579464,online-daegu-03,ONLINE,mobile-primary-sim-cust-019,CARD,10,5,0,0,0,0,0,NORMAL_BASELINE
SIM-CUST-008-NORMAL-0135,SIM-CUST-008,Yoon Sumin,57264,2026-04-11T10:59:06,KR,Incheon,37.449951,126.704445,medical-incheon-03,MEDICAL,mobile-primary-sim-cust-008,CARD,10,5,0,0,0,0,0,NORMAL_BASELINE
SIM-CUST-013-NORMAL-0135,SIM-CUST-013,Seo Jiho,111467,2026-04-11T12:14:31,KR,Incheon,37.455487,126.728328,online-incheon-03,ONLINE,mobile-primary-sim-cust-013,CARD,12,5,0,0,0,0,0,NORMAL_BASELINE
SIM-CUST-015-NORMAL-0135,SIM-CUST-015,Kwon Doyun,83693,2026-04-11T12:20:05,KR,Daejeon,36.372217,127.402376,online-daejeon-03,ONLINE,mobile-primary-sim-cust-015,ACCOUNT,12,5,0,0,0,0,0,NORMAL_BASELINE
SIM-CUST-001-N-MONTH-END-SPEND,SIM-CUST-001,Kim Minjun,83291,2026-04-11T12:41:55,KR,Seoul,37.5665,126.978,shopping-seoul-month-end,SHOPPING,mobile-primary-sim-cust-001,CARD,12,5,0,0,0,0,0,NORMAL_MONTH_END_SPEND
SIM-CUST-010-NORMAL-0135,SIM-CUST-010,Lim Nari,46378,2026-04-11T13:05:40,KR,Daejeon,36.364699,127.397381,grocery-daejeon-03,GROCERY,mobile-primary-sim-cust-010,CARD,13,5,0,0,0,0,0,NORMAL_BASELINE
SIM-CUST-011-NORMAL-0135,SIM-CUST-011,Han Minjun,68351,2026-04-11T13:08:57,KR,Seoul,37.548662,126.963188,dining-seoul-03,DINING,mobile-primary-sim-cust-011,E-PAY,13,5,0,0,0,0,0,NORMAL_BASELINE
SIM-CUST-005-NORMAL-0135,SIM-CUST-005,Jung Doyun,85828,2026-04-11T13:50:15,KR,Daejeon,36.372275,127.361497,dining-daejeon-03,DINING,mobile-primary-sim-cust-005,CARD,13,5,0,0,0,0,0,NORMAL_BASELINE
SIM-CUST-009-NORMAL-0135,SIM-CUST-009,Jang Jiwon,167988,2026-04-11T14:02:23,KR,Daegu,35.891654,128.619782,dining-daegu-03,DINING,mobile-primary-sim-cust-009,ACCOUNT,14,5,0,0,0,0,0,NORMAL_BASELINE
SIM-CUST-018-NORMAL-0135,SIM-CUST-018,Song Sumin,51321,2026-04-11T14:29:56,KR,Incheon,37.476325,126.725383,grocery-incheon-03,GROCERY,mobile-primary-sim-cust-018,ACCOUNT,14,5,0,0,0,0,0,NORMAL_BASELINE
SIM-CUST-012-NORMAL-0135,SIM-CUST-012,Oh Seoyeon,41594,2026-04-11T15:11:14,KR,Busan,35.15878,129.054063,dining-busan-03,DINING,mobile-primary-sim-cust-012,ACCOUNT,15,5,0,0,0,0,0,NORMAL_BASELINE
SIM-CUST-006-NORMAL-0135,SIM-CUST-006,Kang Yuna,136468,2026-04-11T16:53:32,KR,Seoul,37.579478,126.956003,transfer-seoul-03,TRANSFER,mobile-primary-sim-cust-006,ACCOUNT,16,5,0,0,0,0,0,NORMAL_BASELINE
SIM-CUST-004-NORMAL-0135,SIM-CUST-004,Choi Haein,35612,2026-04-11T19:47:58,KR,Daegu,35.846434,128.622295,transport-daegu-03,TRANSPORT,mobile-primary-sim-cust-004,CARD,19,5,0,0,0,0,0,NORMAL_BASELINE
SIM-CUST-005-A-FOREIGN-HIGH,SIM-CUST-005,Jung Doyun,922249,2026-04-11T20:17:03,US,New York,40.7128,-74.006,online-new-york-fraud,ONLINE,unknown-mobile-sim-cust-005,CARD,20,5,1,1,0,0,1,FOREIGN_HIGH_AMOUNT_NEW_DEVICE
SIM-CUST-017-NORMAL-0135,SIM-CUST-017,Ahn Hyunwoo,53815,2026-04-11T21:26:39,KR,Busan,35.157995,129.058178,medical-busan-03,MEDICAL,mobile-primary-sim-cust-017,E-PAY,21,5,0,0,0,0,0,NORMAL_BASELINE
SIM-CUST-003-NORMAL-0135,SIM-CUST-003,Park Jiho,69953,2026-04-11T21:44:41,KR,Incheon,37.446299,126.721603,online-incheon-03,ONLINE,mobile-primary-sim-cust-003,E-PAY,21,5,0,0,0,0,0,NORMAL_BASELINE
SIM-CUST-007-NORMAL-0135,SIM-CUST-007,Cho Hyunwoo,75823,2026-04-11T21:56:49,KR,Busan,35.200525,129.097434,online-busan-03,ONLINE,mobile-primary-sim-cust-007,E-PAY,21,5,0,0,0,0,0,NORMAL_BASELINE
SIM-CUST-019-A-DAWN-TRANSFER,SIM-CUST-019,Hong Jiwon,813421,2026-04-12T02:17:27,KR,Daegu,35.8714,128.6014,transfer-daegu-fraud,TRANSFER,mobile-primary-sim-cust-019,ACCOUNT,2,6,0,0,1,1,1,DAWN_HIGH_TRANSFER
SIM-CUST-002-A-DAWN-TRANSFER,SIM-CUST-002,Lee Seoyeon,420000,2026-04-12T02:17:38,KR,Busan,35.1796,129.0756,transfer-busan-fraud,TRANSFER,mobile-primary-sim-cust-002,ACCOUNT,2,6,0,0,1,1,1,DAWN_HIGH_TRANSFER
SIM-CUST-016-NORMAL-0136,SIM-CUST-016,Hwang Yuna,74099,2026-04-12T08:30:56,KR,Seoul,37.59098,126.994787,transport-seoul-04,TRANSPORT,mobile-primary-sim-cust-016,CARD,8,6,0,0,0,0,0,NORMAL_BASELINE
SIM-CUST-020-NORMAL-0136,SIM-CUST-020,Moon Nari,43108,2026-04-12T08:42:04,KR,Daejeon,36.359493,127.371261,cafe-daejeon-04,CAFE,mobile-primary-sim-cust-020,E-PAY,8,6,0,0,0,0,0,NORMAL_BASELINE
SIM-CUST-004-NORMAL-0136,SIM-CUST-004,Choi Haein,34461,2026-04-12T08:54:32,KR,Daegu,35.855273,128.616521,online-daegu-04,ONLINE,mobile-primary-sim-cust-004,CARD,8,6,0,0,0,0,0,NORMAL_BASELINE
SIM-CUST-009-NORMAL-0136,SIM-CUST-009,Jang Jiwon,155174,2026-04-12T09:09:57,KR,Daegu,35.8675,128.592193,dining-daegu-04,DINING,mobile-primary-sim-cust-009,ACCOUNT,9,6,0,0,0,0,0,NORMAL_BASELINE
SIM-CUST-003-NORMAL-0136,SIM-CUST-003,Park Jiho,73326,2026-04-12T10:51:15,KR,Incheon,37.469279,126.684875,cafe-incheon-04,CAFE,web-trusted-sim-cust-003,E-PAY,10,6,0,0,0,0,0,NORMAL_BASELINE
SIM-CUST-008-NORMAL-0136,SIM-CUST-008,Yoon Sumin,53108,2026-04-12T11:06:40,KR,Incheon,37.442194,126.705369,utility-incheon-04,UTILITY,mobile-primary-sim-cust-008,CARD,11,6,0,0,0,0,0,NORMAL_BASELINE
SIM-CUST-015-NORMAL-0136,SIM-CUST-015,Kwon Doyun,90548,2026-04-12T11:27:39,KR,Daejeon,36.327412,127.389957,dining-daejeon-04,DINING,mobile-primary-sim-cust-015,ACCOUNT,11,6,0,0,0,0,0,NORMAL_BASELINE
SIM-CUST-019-NORMAL-0136,SIM-CUST-019,Hong Jiwon,129984,2026-04-12T12:39:47,KR,Daegu,35.852294,128.622012,grocery-daegu-04,GROCERY,mobile-primary-sim-cust-019,CARD,12,6,0,0,0,0,0,NORMAL_BASELINE
SIM-CUST-014-NORMAL-0136,SIM-CUST-014,Shin Haein,104960,2026-04-12T13:24:22,KR,Daegu,35.867307,128.576863,utility-daegu-04,UTILITY,mobile-primary-sim-cust-014,E-PAY,13,6,0,0,0,0,0,NORMAL_BASELINE
SIM-CUST-005-NORMAL-0136,SIM-CUST-005,Jung Doyun,93151,2026-04-12T13:57:49,KR,Daejeon,36.356668,127.401657,cafe-daejeon-04,CAFE,mobile-primary-sim-cust-005,CARD,13,6,0,0,0,0,0,NORMAL_BASELINE
SIM-CUST-006-NORMAL-0136,SIM-CUST-006,Kang Yuna,130201,2026-04-12T14:00:06,KR,Seoul,37.581073,126.959291,cafe-seoul-04,CAFE,mobile-primary-sim-cust-006,ACCOUNT,14,6,0,0,0,0,0,NORMAL_BASELINE
SIM-CUST-018-NORMAL-0136,SIM-CUST-018,Song Sumin,56238,2026-04-12T14:36:30,KR,Incheon,37.45456,126.724319,grocery-incheon-04,GROCERY,mobile-primary-sim-cust-018,ACCOUNT,14,6,0,0,0,0,0,NORMAL_BASELINE
SIM-CUST-012-NORMAL-0136,SIM-CUST-012,Oh Seoyeon,44361,2026-04-12T15:18:48,KR,Busan,35.177171,129.071586,dining-busan-04,DINING,mobile-primary-sim-cust-012,ACCOUNT,15,6,0,0,0,0,0,NORMAL_BASELINE
SIM-CUST-013-NORMAL-0136,SIM-CUST-013,Seo Jiho,106291,2026-04-12T18:21:05,KR,Incheon,37.477671,126.71897,cafe-incheon-04,CAFE,mobile-primary-sim-cust-013,CARD,18,6,0,0,0,0,0,NORMAL_BASELINE
SIM-CUST-007-NORMAL-0136,SIM-CUST-007,Cho Hyunwoo,75026,2026-04-12T19:03:23,KR,Busan,35.185175,129.076121,transport-busan-04,TRANSPORT,mobile-primary-sim-cust-007,E-PAY,19,6,0,0,0,0,0,NORMAL_BASELINE
SIM-CUST-010-NORMAL-0136,SIM-CUST-010,Lim Nari,42187,2026-04-12T19:12:14,KR,Daejeon,36.36769,127.38094,utility-daejeon-04,UTILITY,mobile-primary-sim-cust-010,CARD,19,6,0,0,0,0,0,NORMAL_BASELINE
SIM-CUST-001-NORMAL-0136,SIM-CUST-001,Kim Minjun,48263,2026-04-12T19:45:41,KR,Seoul,37.56571,126.989229,grocery-seoul-04,GROCERY,mobile-primary-sim-cust-001,CARD,19,6,0,0,0,0,0,NORMAL_BASELINE
SIM-CUST-002-NORMAL-0136,SIM-CUST-002,Lee Seoyeon,39202,2026-04-12T19:48:58,KR,Busan,35.156515,129.09647,cafe-busan-04,CAFE,mobile-primary-sim-cust-002,CARD,19,6,0,0,0,0,0,NORMAL_BASELINE
SIM-CUST-017-NORMAL-0136,SIM-CUST-017,Ahn Hyunwoo,63717,2026-04-12T20:33:13,KR,Busan,35.159193,129.068616,medical-busan-04,MEDICAL,mobile-primary-sim-cust-017,E-PAY,20,6,0,0,0,0,0,NORMAL_BASELINE
SIM-CUST-011-NORMAL-0136,SIM-CUST-011,Han Minjun,69956,2026-04-12T21:15:31,KR,Seoul,37.57634,126.962631,dining-seoul-04,DINING,mobile-primary-sim-cust-011,E-PAY,21,6,0,0,0,0,0,NORMAL_BASELINE
SIM-CUST-004-A-FOREIGN-HIGH,SIM-CUST-004,Choi Haein,650000,2026-04-12T21:17:12,VN,Ho Chi Minh City,10.8231,106.6297,shopping-ho-chi-minh-city-fraud,SHOPPING,unknown-mobile-sim-cust-004,CARD,21,6,1,1,0,0,1,FOREIGN_HIGH_AMOUNT_NEW_DEVICE
SIM-CUST-018-A-DAWN-TRANSFER,SIM-CUST-018,Song Sumin,420000,2026-04-13T02:17:36,KR,Incheon,37.4563,126.7052,transfer-incheon-fraud,TRANSFER,mobile-primary-sim-cust-018,ACCOUNT,2,0,0,0,0,1,1,DAWN_HIGH_TRANSFER
SIM-CUST-016-NORMAL-0137,SIM-CUST-016,Hwang Yuna,70278,2026-04-13T07:37:30,KR,Seoul,37.547475,126.957455,cafe-seoul-05,CAFE,mobile-primary-sim-cust-016,CARD,7,0,0,0,0,0,0,NORMAL_BASELINE
SIM-CUST-009-NORMAL-0137,SIM-CUST-009,Jang Jiwon,161236,2026-04-13T08:16:31,KR,Daegu,35.890857,128.582247,transfer-daegu-05,TRANSFER,mobile-primary-sim-cust-009,ACCOUNT,8,0,0,0,0,0,0,NORMAL_BASELINE
SIM-CUST-014-NORMAL-0137,SIM-CUST-014,Shin Haein,92779,2026-04-13T08:31:56,KR,Daegu,35.892499,128.610234,grocery-daegu-05,GROCERY,mobile-primary-sim-cust-014,E-PAY,8,0,0,0,0,0,0,NORMAL_BASELINE
SIM-CUST-004-NORMAL-0137,SIM-CUST-004,Choi Haein,33186,2026-04-13T09:01:06,KR,Daegu,35.881635,128.583483,transport-daegu-05,TRANSPORT,mobile-primary-sim-cust-004,CARD,9,0,0,0,0,0,0,NORMAL_BASELINE
SIM-CUST-006-NORMAL-0137,SIM-CUST-006,Kang Yuna,127369,2026-04-13T10:07:40,KR,Seoul,37.573732,126.970366,transfer-seoul-05,TRANSFER,mobile-primary-sim-cust-006,ACCOUNT,10,0,0,0,0,0,0,NORMAL_BASELINE
SIM-CUST-008-NORMAL-0137,SIM-CUST-008,Yoon Sumin,59104,2026-04-13T10:13:14,KR,Incheon,37.465783,126.727825,online-incheon-05,ONLINE,mobile-primary-sim-cust-008,CARD,10,0,0,0,0,0,0,NORMAL_BASELINE
SIM-CUST-012-NORMAL-0137,SIM-CUST-012,Oh Seoyeon,38879,2026-04-13T10:25:22,KR,Busan,35.196127,129.055222,cafe-busan-05,CAFE,mobile-primary-sim-cust-012,ACCOUNT,10,0,0,0,0,0,0,NORMAL_BASELINE
SIM-CUST-019-NORMAL-0137,SIM-CUST-019,Hong Jiwon,152415,2026-04-13T10:46:21,KR,Daegu,35.884455,128.618137,grocery-daegu-05,GROCERY,mobile-primary-sim-cust-019,CARD,10,0,0,0,0,0,0,NORMAL_BASELINE
SIM-CUST-007-NORMAL-0137,SIM-CUST-007,Cho Hyunwoo,66723,2026-04-13T11:10:57,KR,Busan,35.199654,129.098995,online-busan-05,ONLINE,mobile-primary-sim-cust-007,E-PAY,11,0,0,0,0,0,0,NORMAL_BASELINE
SIM-CUST-005-NORMAL-0137,SIM-CUST-005,Jung Doyun,89966,2026-04-13T13:04:23,KR,Daejeon,36.343304,127.398702,grocery-daejeon-05,GROCERY,mobile-primary-sim-cust-005,CARD,13,0,0,0,0,0,0,NORMAL_BASELINE
SIM-CUST-011-NORMAL-0137,SIM-CUST-011,Han Minjun,65527,2026-04-13T13:22:05,KR,Seoul,37.567071,126.961202,cafe-seoul-05,CAFE,mobile-primary-sim-cust-011,E-PAY,13,0,0,0,0,0,0,NORMAL_BASELINE
SIM-CUST-017-NORMAL-0137,SIM-CUST-017,Ahn Hyunwoo,60054,2026-04-13T13:40:47,KR,Busan,35.192143,129.075223,medical-busan-05,MEDICAL,mobile-primary-sim-cust-017,E-PAY,13,0,0,0,0,0,0,NORMAL_BASELINE
SIM-CUST-002-NORMAL-0137,SIM-CUST-002,Lee Seoyeon,39548,2026-04-13T13:55:32,KR,Busan,35.189877,129.07303,dining-busan-05,DINING,mobile-primary-sim-cust-002,CARD,13,0,0,0,0,0,0,NORMAL_BASELINE
SIM-CUST-018-NORMAL-0137,SIM-CUST-018,Song Sumin,63490,2026-04-13T15:43:04,KR,Incheon,37.443568,126.687477,transfer-incheon-05,TRANSFER,mobile-primary-sim-cust-018,ACCOUNT,15,0,0,0,0,0,0,NORMAL_BASELINE
SIM-CUST-013-NORMAL-0137,SIM-CUST-013,Seo Jiho,110453,2026-04-13T18:28:39,KR,Incheon,37.460743,126.709236,online-incheon-05,ONLINE,mobile-primary-sim-cust-013,CARD,18,0,0,0,0,0,0,NORMAL_BASELINE
SIM-CUST-020-NORMAL-0137,SIM-CUST-020,Moon Nari,41074,2026-04-13T18:49:38,KR,Daejeon,36.352736,127.360308,cafe-daejeon-05,CAFE,mobile-primary-sim-cust-020,E-PAY,18,0,0,0,0,0,0,NORMAL_BASELINE
SIM-CUST-020-A-FOREIGN-HIGH,SIM-CUST-020,Moon Nari,650000,2026-04-13T19:17:10,VN,Ho Chi Minh City,10.8231,106.6297,shopping-ho-chi-minh-city-fraud,SHOPPING,unknown-mobile-sim-cust-020,E-PAY,19,0,1,1,0,0,1,FOREIGN_HIGH_AMOUNT_NEW_DEVICE
SIM-CUST-010-NORMAL-0137,SIM-CUST-010,Lim Nari,46686,2026-04-13T19:19:48,KR,Daejeon,36.353322,127.378235,utility-daejeon-05,UTILITY,mobile-primary-sim-cust-010,CARD,19,0,0,0,0,0,0,NORMAL_BASELINE
SIM-CUST-001-NORMAL-0137,SIM-CUST-001,Kim Minjun,49599,2026-04-13T20:52:15,KR,Seoul,37.546526,126.962706,grocery-seoul-05,GROCERY,mobile-primary-sim-cust-001,CARD,20,0,0,0,0,0,0,NORMAL_BASELINE
SIM-CUST-003-NORMAL-0137,SIM-CUST-003,Park Jiho,67965,2026-04-13T20:58:49,KR,Incheon,37.463137,126.715342,grocery-incheon-05,GROCERY,mobile-primary-sim-cust-003,E-PAY,20,0,0,0,0,0,0,NORMAL_BASELINE
SIM-CUST-003-A-FOREIGN-HIGH,SIM-CUST-003,Park Jiho,735452,2026-04-13T21:17:21,CN,Shanghai,31.2304,121.4737,online-shanghai-fraud,ONLINE,unknown-mobile-sim-cust-003,E-PAY,21,0,1,1,0,0,1,FOREIGN_HIGH_AMOUNT_NEW_DEVICE
SIM-CUST-015-NORMAL-0137,SIM-CUST-015,Kwon Doyun,97764,2026-04-13T21:34:13,KR,Daejeon,36.362067,127.405373,transport-daejeon-05,TRANSPORT,mobile-primary-sim-cust-015,ACCOUNT,21,0,0,0,0,0,0,NORMAL_BASELINE
SIM-CUST-004-NORMAL-0138,SIM-CUST-004,Choi Haein,39670,2026-04-14T07:08:40,KR,Daegu,35.894428,128.59508,online-daegu-06,ONLINE,mobile-primary-sim-cust-004,CARD,7,1,0,0,0,0,0,NORMAL_BASELINE
SIM-CUST-002-NORMAL-0138,SIM-CUST-002,Lee Seoyeon,38733,2026-04-14T08:02:06,KR,Busan,35.165383,129.058076,utility-busan-06,UTILITY,mobile-primary-sim-cust-002,CARD,8,1,0,0,0,0,0,NORMAL_BASELINE
SIM-CUST-018-NORMAL-0138,SIM-CUST-018,Song Sumin,51809,2026-04-14T09:50:38,KR,Incheon,37.454554,126.699528,transfer-incheon-06,TRANSFER,mobile-primary-sim-cust-018,ACCOUNT,9,1,0,0,0,0,0,NORMAL_BASELINE
SIM-CUST-020-NORMAL-0138,SIM-CUST-020,Moon Nari,47978,2026-04-14T09:56:12,KR,Daejeon,36.367944,127.399419,cafe-daejeon-06,CAFE,mobile-primary-sim-cust-020,E-PAY,9,1,0,0,0,0,0,NORMAL_BASELINE
SIM-CUST-003-NORMAL-0138,SIM-CUST-003,Park Jiho,67996,2026-04-14T10:05:23,KR,Incheon,37.470519,126.708493,grocery-incheon-06,GROCERY,mobile-primary-sim-cust-003,E-PAY,10,1,0,0,0,0,0,NORMAL_BASELINE
SIM-CUST-007-NORMAL-0138,SIM-CUST-007,Cho Hyunwoo,80837,2026-04-14T10:17:31,KR,Busan,35.172562,129.093662,dining-busan-06,DINING,mobile-primary-sim-cust-007,E-PAY,10,1,0,0,0,0,0,NORMAL_BASELINE
SIM-CUST-001-NORMAL-0138,SIM-CUST-001,Kim Minjun,50361,2026-04-14T10:59:49,KR,Seoul,37.576901,126.959329,grocery-seoul-06,GROCERY,mobile-primary-sim-cust-001,CARD,10,1,0,0,0,0,0,NORMAL_BASELINE
SIM-CUST-015-NORMAL-0138,SIM-CUST-015,Kwon Doyun,83792,2026-04-14T11:41:47,KR,Daejeon,36.336779,127.388784,grocery-daejeon-06,GROCERY,mobile-primary-sim-cust-015,ACCOUNT,11,1,0,0,0,0,0,NORMAL_BASELINE
SIM-CUST-011-NORMAL-0138,SIM-CUST-011,Han Minjun,68324,2026-04-14T12:29:39,KR,Seoul,37.560447,127.001201,cafe-seoul-06,CAFE,mobile-primary-sim-cust-011,E-PAY,12,1,0,0,0,0,0,NORMAL_BASELINE
SIM-CUST-019-NORMAL-0138,SIM-CUST-019,Hong Jiwon,130324,2026-04-14T12:53:55,KR,Daegu,35.891458,128.600087,grocery-daegu-06,GROCERY,mobile-primary-sim-cust-019,CARD,12,1,0,0,0,0,0,NORMAL_BASELINE
SIM-CUST-005-NORMAL-0138,SIM-CUST-005,Jung Doyun,98996,2026-04-14T13:11:57,KR,Daejeon,36.35143,127.398813,grocery-daejeon-06,GROCERY,mobile-primary-sim-cust-005,CARD,13,1,0,0,0,0,0,NORMAL_BASELINE
SIM-CUST-006-A-STEALTH-SMALL-TEST,SIM-CUST-006,Kang Yuna,7000,2026-04-14T14:03:54,KR,Seoul,37.5665,126.978,digital-test-01-sim-cust-006,DIGITAL,mobile-primary-sim-cust-006,ACCOUNT,14,1,0,0,0,0,0,STEALTH_PRECURSOR_SMALL_TEST
SIM-CUST-006-A-STEALTH-LARGE-FOLLOWUP,SIM-CUST-006,Kang Yuna,350657,2026-04-14T14:07:54,KR,Seoul,37.5665,126.978,electronics-followup-01-sim-cust-006,ELECTRONICS,mobile-primary-sim-cust-006,ACCOUNT,14,1,0,0,0,0,1,SMALL_TEST_THEN_LARGE
SIM-CUST-006-A-STEALTH-REPEAT-1,SIM-CUST-006,Kang Yuna,168750,2026-04-14T14:21:54,KR,Seoul,37.5665,126.978,same-amount-01-sim-cust-006,ONLINE,mobile-primary-sim-cust-006,ACCOUNT,14,1,0,0,0,0,0,STEALTH_PRECURSOR_REPEAT_FIRST
SIM-CUST-009-NORMAL-0138,SIM-CUST-009,Jang Jiwon,151762,2026-04-14T14:23:05,KR,Daegu,35.881276,128.57744,utility-daegu-06,UTILITY,mobile-primary-sim-cust-009,ACCOUNT,14,1,0,0,0,0,0,NORMAL_BASELINE
SIM-CUST-006-A-STEALTH-REPEAT-2,SIM-CUST-006,Kang Yuna,168750,2026-04-14T14:24:54,KR,Seoul,37.5665,126.978,same-amount-02-sim-cust-006,ONLINE,mobile-primary-sim-cust-006,ACCOUNT,14,1,0,0,0,0,1,SAME_AMOUNT_REPEATED
SIM-CUST-006-A-STEALTH-REPEAT-3,SIM-CUST-006,Kang Yuna,168750,2026-04-14T14:27:54,KR,Seoul,37.5665,126.978,same-amount-03-sim-cust-006,ONLINE,mobile-primary-sim-cust-006,ACCOUNT,14,1,0,0,0,0,1,SAME_AMOUNT_REPEATED
SIM-CUST-006-A-STEALTH-DISTRIBUTED-1,SIM-CUST-006,Kang Yuna,150000,2026-04-14T14:43:54,KR,Seoul,37.5665,126.978,distributed-cafe-01-sim-cust-006,CAFE,mobile-primary-sim-cust-006,ACCOUNT,14,1,0,0,0,0,1,RAPID_DISTRIBUTED_MERCHANTS
SIM-CUST-006-A-STEALTH-DISTRIBUTED-2,SIM-CUST-006,Kang Yuna,162500,2026-04-14T14:49:54,KR,Seoul,37.5665,126.978,distributed-grocery-01-sim-cust-006,GROCERY,mobile-primary-sim-cust-006,ACCOUNT,14,1,0,0,0,0,1,RAPID_DISTRIBUTED_MERCHANTS
SIM-CUST-006-A-STEALTH-DISTRIBUTED-3,SIM-CUST-006,Kang Yuna,175000,2026-04-14T14:55:54,KR,Seoul,37.5665,126.978,distributed-dining-01-sim-cust-006,DINING,mobile-primary-sim-cust-006,ACCOUNT,14,1,0,0,0,0,1,RAPID_DISTRIBUTED_MERCHANTS
SIM-CUST-006-NORMAL-0138,SIM-CUST-006,Kang Yuna,112667,2026-04-14T15:14:14,KR,Seoul,37.560388,126.98922,dining-seoul-06,DINING,mobile-primary-sim-cust-006,ACCOUNT,15,1,0,0,0,0,0,NORMAL_BASELINE
SIM-CUST-006-A-STEALTH-NEW-CATEGORY,SIM-CUST-006,Kang Yuna,348830,2026-04-14T15:23:54,KR,Seoul,37.5665,126.978,new-category-jewelry-01-sim-cust-006,JEWELRY,mobile-primary-sim-cust-006,ACCOUNT,15,1,0,0,0,0,1,DOMESTIC_NEW_CATEGORY_HIGH_AMOUNT
SIM-CUST-012-NORMAL-0138,SIM-CUST-012,Oh Seoyeon,44126,2026-04-14T15:32:56,KR,Busan,35.162827,129.068064,dining-busan-06,DINING,mobile-primary-sim-cust-012,ACCOUNT,15,1,0,0,0,0,0,NORMAL_BASELINE
SIM-CUST-008-NORMAL-0138,SIM-CUST-008,Yoon Sumin,61716,2026-04-14T16:20:48,KR,Incheon,37.471429,126.701067,dining-incheon-06,DINING,mobile-primary-sim-cust-008,CARD,16,1,0,0,0,0,0,NORMAL_BASELINE
SIM-CUST-013-NORMAL-0138,SIM-CUST-013,Seo Jiho,104237,2026-04-14T18:35:13,KR,Incheon,37.433546,126.722802,cafe-incheon-06,CAFE,mobile-primary-sim-cust-013,CARD,18,1,0,0,0,0,0,NORMAL_BASELINE
SIM-CUST-014-NORMAL-0138,SIM-CUST-014,Shin Haein,107557,2026-04-14T18:38:30,KR,Daegu,35.874591,128.584697,utility-daegu-06,UTILITY,mobile-primary-sim-cust-014,E-PAY,18,1,0,0,0,0,0,NORMAL_BASELINE
SIM-CUST-016-NORMAL-0138,SIM-CUST-016,Hwang Yuna,78613,2026-04-14T18:44:04,KR,Seoul,37.560873,126.973379,cafe-seoul-06,CAFE,mobile-primary-sim-cust-016,CARD,18,1,0,0,0,0,0,NORMAL_BASELINE
SIM-CUST-019-A-FOREIGN-HIGH,SIM-CUST-019,Hong Jiwon,1567196,2026-04-14T20:17:19,CN,Shanghai,31.2304,121.4737,online-shanghai-fraud,ONLINE,unknown-mobile-sim-cust-019,CARD,20,1,1,1,0,0,1,FOREIGN_HIGH_AMOUNT_NEW_DEVICE
SIM-CUST-002-A-FOREIGN-HIGH,SIM-CUST-002,Lee Seoyeon,650000,2026-04-14T20:17:30,JP,Tokyo,35.6762,139.6503,hotel-tokyo-fraud,HOTEL,unknown-mobile-sim-cust-002,CARD,20,1,1,1,0,0,1,FOREIGN_HIGH_AMOUNT_NEW_DEVICE
SIM-CUST-010-NORMAL-0138,SIM-CUST-010,Lim Nari,45555,2026-04-14T20:26:22,KR,Daejeon,36.36229,127.38449,online-daejeon-06,ONLINE,mobile-primary-sim-cust-010,CARD,20,1,0,0,0,0,0,NORMAL_BASELINE
SIM-CUST-017-NORMAL-0138,SIM-CUST-017,Ahn Hyunwoo,60740,2026-04-14T20:47:21,KR,Busan,35.194086,129.085329,medical-busan-06,MEDICAL,mobile-primary-sim-cust-017,E-PAY,20,1,0,0,0,0,0,NORMAL_BASELINE
SIM-CUST-011-A-BURST-01,SIM-CUST-011,Han Minjun,157482,2026-04-15T01:05:13,KR,Seoul,37.5665,126.978,online-burst-01,ONLINE,burst-device-sim-cust-011,E-PAY,1,2,0,1,0,1,1,BURST_DAWN_NEW_DEVICE_METHOD
SIM-CUST-011-A-BURST-02,SIM-CUST-011,Han Minjun,179357,2026-04-15T01:13:13,KR,Seoul,37.5665,126.978,online-burst-02,ONLINE,burst-device-sim-cust-011,E-PAY,1,2,0,1,0,1,1,BURST_DAWN_NEW_DEVICE_METHOD
SIM-CUST-011-A-BURST-03,SIM-CUST-011,Han Minjun,196541,2026-04-15T01:21:13,KR,Seoul,37.5665,126.978,online-burst-03,ONLINE,burst-device-sim-cust-011,E-PAY,1,2,0,1,0,1,1,BURST_DAWN_NEW_DEVICE_METHOD
SIM-CUST-019-NORMAL-0139,SIM-CUST-019,Hong Jiwon,130789,2026-04-15T09:00:29,KR,Daegu,35.855155,128.618545,grocery-daegu-07,GROCERY,mobile-primary-sim-cust-019,CARD,9,2,0,0,0,0,0,NORMAL_BASELINE
SIM-CUST-001-NORMAL-0139,SIM-CUST-001,Kim Minjun,54071,2026-04-15T09:06:23,KR,Seoul,37.576371,126.959314,transport-seoul-07,TRANSPORT,mobile-primary-sim-cust-001,CARD,9,2,0,0,0,0,0,NORMAL_BASELINE
SIM-CUST-008-NORMAL-0139,SIM-CUST-008,Yoon Sumin,54394,2026-04-15T09:27:22,KR,Incheon,37.432169,126.69761,medical-incheon-07,MEDICAL,mobile-primary-sim-cust-008,CARD,9,2,0,0,0,0,0,NORMAL_BASELINE
SIM-CUST-003-NORMAL-0139,SIM-CUST-003,Park Jiho,76719,2026-04-15T10:12:57,KR,Incheon,37.442788,126.725264,utility-incheon-07,UTILITY,mobile-primary-sim-cust-003,E-PAY,10,2,0,0,0,0,0,NORMAL_BASELINE
SIM-CUST-007-NORMAL-0139,SIM-CUST-007,Cho Hyunwoo,79609,2026-04-15T10:24:05,KR,Busan,35.174313,129.066506,shopping-busan-07,SHOPPING,mobile-primary-sim-cust-007,E-PAY,10,2,0,0,0,0,0,NORMAL_BASELINE
SIM-CUST-009-NORMAL-0139,SIM-CUST-009,Jang Jiwon,158023,2026-04-15T10:30:39,KR,Daegu,35.868306,128.601782,dining-daegu-07,DINING,mobile-primary-sim-cust-009,ACCOUNT,10,2,0,0,0,0,0,NORMAL_BASELINE
SIM-CUST-013-NORMAL-0139,SIM-CUST-013,Seo Jiho,112021,2026-04-15T10:42:47,KR,Incheon,37.456272,126.714166,online-incheon-07,ONLINE,mobile-primary-sim-cust-013,CARD,10,2,0,0,0,0,0,NORMAL_BASELINE
SIM-CUST-005-NORMAL-0139,SIM-CUST-005,Jung Doyun,91158,2026-04-15T12:18:31,KR,Daejeon,36.329997,127.37056,grocery-daejeon-07,GROCERY,mobile-primary-sim-cust-005,CARD,12,2,0,0,0,0,0,NORMAL_BASELINE
SIM-CUST-011-NORMAL-0139,SIM-CUST-011,Han Minjun,58983,2026-04-15T12:36:13,KR,Seoul,37.547,126.980418,cafe-seoul-07,CAFE,mobile-primary-sim-cust-011,E-PAY,12,2,0,0,0,0,0,NORMAL_BASELINE
SIM-CUST-014-NORMAL-0139,SIM-CUST-014,Shin Haein,92686,2026-04-15T12:45:04,KR,Daegu,35.8771,128.612124,grocery-daegu-07,GROCERY,mobile-primary-sim-cust-014,E-PAY,12,2,0,0,0,0,0,NORMAL_BASELINE
SIM-CUST-006-NORMAL-0139,SIM-CUST-006,Kang Yuna,127923,2026-04-15T14:21:48,KR,Seoul,37.563375,126.967736,utility-seoul-07,UTILITY,mobile-primary-sim-cust-006,ACCOUNT,14,2,0,0,0,0,0,NORMAL_BASELINE
SIM-CUST-012-NORMAL-0139,SIM-CUST-012,Oh Seoyeon,42456,2026-04-15T15:39:30,KR,Busan,35.193793,129.098879,grocery-busan-07,GROCERY,mobile-primary-sim-cust-012,ACCOUNT,15,2,0,0,0,0,0,NORMAL_BASELINE
SIM-CUST-018-NORMAL-0139,SIM-CUST-018,Song Sumin,55697,2026-04-15T15:57:12,KR,Incheon,37.472355,126.70778,transfer-incheon-07,TRANSFER,mobile-primary-sim-cust-018,ACCOUNT,15,2,0,0,0,0,0,NORMAL_BASELINE
SIM-CUST-020-NORMAL-0139,SIM-CUST-020,Moon Nari,41351,2026-04-15T18:03:46,KR,Daejeon,36.367488,127.381158,dining-daejeon-07,DINING,mobile-primary-sim-cust-020,E-PAY,18,2,0,0,0,0,0,NORMAL_BASELINE
SIM-CUST-004-NORMAL-0139,SIM-CUST-004,Choi Haein,35548,2026-04-15T18:15:14,KR,Daegu,35.86253,128.625193,cafe-daegu-07,CAFE,web-trusted-sim-cust-004,CARD,18,2,0,0,0,0,0,NORMAL_BASELINE
SIM-CUST-010-NORMAL-0139,SIM-CUST-010,Lim Nari,47348,2026-04-15T18:33:56,KR,Daejeon,36.359688,127.379668,utility-daejeon-07,UTILITY,mobile-primary-sim-cust-010,CARD,18,2,0,0,0,0,0,NORMAL_BASELINE
SIM-CUST-016-NORMAL-0139,SIM-CUST-016,Hwang Yuna,69235,2026-04-15T18:51:38,KR,Seoul,37.546293,126.970758,shopping-seoul-07,SHOPPING,mobile-primary-sim-cust-016,CARD,18,2,0,0,0,0,0,NORMAL_BASELINE
SIM-CUST-002-NORMAL-0139,SIM-CUST-002,Lee Seoyeon,43361,2026-04-15T19:09:40,KR,Busan,35.193409,129.062482,cafe-busan-07,CAFE,mobile-primary-sim-cust-002,CARD,19,2,0,0,0,0,0,NORMAL_BASELINE
SIM-CUST-018-A-FOREIGN-HIGH,SIM-CUST-018,Song Sumin,650000,2026-04-15T20:17:28,JP,Tokyo,35.6762,139.6503,hotel-tokyo-fraud,HOTEL,unknown-mobile-sim-cust-018,ACCOUNT,20,2,1,1,0,0,1,FOREIGN_HIGH_AMOUNT_NEW_DEVICE
SIM-CUST-016-A-NEW-METHOD,SIM-CUST-016,Hwang Yuna,212989,2026-04-15T20:17:54,KR,Seoul,37.5665,126.978,online-seoul-fraud,ONLINE,new-browser-sim-cust-016,E-PAY,20,2,0,1,1,0,1,NEW_DEVICE_PAYMENT_METHOD
SIM-CUST-017-NORMAL-0139,SIM-CUST-017,Ahn Hyunwoo,67277,2026-04-15T20:54:55,KR,Busan,35.177025,129.056362,online-busan-07,ONLINE,mobile-primary-sim-cust-017,E-PAY,20,2,0,0,0,0,0,NORMAL_BASELINE
SIM-CUST-015-NORMAL-0139,SIM-CUST-015,Kwon Doyun,85547,2026-04-15T21:48:21,KR,Daejeon,36.369482,127.362054,grocery-daejeon-07,GROCERY,mobile-primary-sim-cust-015,ACCOUNT,21,2,0,0,0,0,0,NORMAL_BASELINE
SIM-CUST-002-NORMAL-0140,SIM-CUST-002,Lee Seoyeon,43854,2026-04-16T08:16:14,KR,Busan,35.194295,129.073456,cafe-busan-08,CAFE,mobile-primary-sim-cust-002,CARD,8,3,0,0,0,0,0,NORMAL_BASELINE
SIM-CUST-018-NORMAL-0140,SIM-CUST-018,Song Sumin,64388,2026-04-16T09:04:46,KR,Incheon,37.455273,126.697824,utility-incheon-08,UTILITY,mobile-primary-sim-cust-018,ACCOUNT,9,3,0,0,0,0,0,NORMAL_BASELINE
SIM-CUST-008-NORMAL-0140,SIM-CUST-008,Yoon Sumin,59465,2026-04-16T11:34:56,KR,Incheon,37.480679,126.706356,medical-incheon-08,MEDICAL,mobile-primary-sim-cust-008,CARD,11,3,0,0,0,0,0,NORMAL_BASELINE
SIM-CUST-011-NORMAL-0140,SIM-CUST-011,Han Minjun,59153,2026-04-16T11:43:47,KR,Seoul,37.586962,126.991904,cafe-seoul-08,CAFE,mobile-primary-sim-cust-011,E-PAY,11,3,0,0,0,0,0,NORMAL_BASELINE
SIM-CUST-013-NORMAL-0140,SIM-CUST-013,Seo Jiho,121504,2026-04-16T11:49:21,KR,Incheon,37.471728,126.716832,dining-incheon-08,DINING,mobile-primary-sim-cust-013,CARD,11,3,0,0,0,0,0,NORMAL_BASELINE
SIM-CUST-019-NORMAL-0140,SIM-CUST-019,Hong Jiwon,157891,2026-04-16T12:07:03,KR,Daegu,35.856989,128.584087,grocery-daegu-08,GROCERY,mobile-primary-sim-cust-019,CARD,12,3,0,0,0,0,0,NORMAL_BASELINE
SIM-CUST-005-NORMAL-0140,SIM-CUST-005,Jung Doyun,87837,2026-04-16T12:25:05,KR,Daejeon,36.340079,127.407015,cafe-daejeon-08,CAFE,mobile-primary-sim-cust-005,CARD,12,3,0,0,0,0,0,NORMAL_BASELINE
SIM-CUST-017-NORMAL-0140,SIM-CUST-017,Ahn Hyunwoo,56791,2026-04-16T13:01:29,KR,Busan,35.188776,129.051811,medical-busan-08,MEDICAL,mobile-primary-sim-cust-017,E-PAY,13,3,0,0,0,0,0,NORMAL_BASELINE
SIM-CUST-009-NORMAL-0140,SIM-CUST-009,Jang Jiwon,155019,2026-04-16T14:37:13,KR,Daegu,35.876505,128.618523,utility-daegu-08,UTILITY,mobile-primary-sim-cust-009,ACCOUNT,14,3,0,0,0,0,0,NORMAL_BASELINE
SIM-CUST-006-NORMAL-0140,SIM-CUST-006,Kang Yuna,120352,2026-04-16T15:28:22,KR,Seoul,37.558883,126.98962,transfer-seoul-08,TRANSFER,mobile-primary-sim-cust-006,ACCOUNT,15,3,0,0,0,0,0,NORMAL_BASELINE
SIM-CUST-012-NORMAL-0140,SIM-CUST-012,Oh Seoyeon,44552,2026-04-16T15:46:04,KR,Busan,35.174057,129.051097,grocery-busan-08,GROCERY,mobile-primary-sim-cust-012,ACCOUNT,15,3,0,0,0,0,0,NORMAL_BASELINE
SIM-CUST-004-NORMAL-0140,SIM-CUST-004,Choi Haein,41477,2026-04-16T18:22:48,KR,Daegu,35.878859,128.58511,online-daegu-08,ONLINE,mobile-primary-sim-cust-004,CARD,18,3,0,0,0,0,0,NORMAL_BASELINE
SIM-CUST-014-NORMAL-0140,SIM-CUST-014,Shin Haein,100166,2026-04-16T18:52:38,KR,Daegu,35.856931,128.592909,cafe-daegu-08,CAFE,mobile-primary-sim-cust-014,E-PAY,18,3,0,0,0,0,0,NORMAL_BASELINE
SIM-CUST-016-NORMAL-0140,SIM-CUST-016,Hwang Yuna,72757,2026-04-16T18:58:12,KR,Seoul,37.550728,126.973071,online-seoul-08,ONLINE,mobile-primary-sim-cust-016,CARD,18,3,0,0,0,0,0,NORMAL_BASELINE
SIM-CUST-020-NORMAL-0140,SIM-CUST-020,Moon Nari,46710,2026-04-16T19:10:20,KR,Daejeon,36.350768,127.374093,cafe-daejeon-08,CAFE,mobile-primary-sim-cust-020,E-PAY,19,3,0,0,0,0,0,NORMAL_BASELINE
SIM-CUST-001-NORMAL-0140,SIM-CUST-001,Kim Minjun,48998,2026-04-16T20:13:57,KR,Seoul,37.542113,126.967217,dining-seoul-08,DINING,mobile-primary-sim-cust-001,CARD,20,3,0,0,0,0,0,NORMAL_BASELINE
SIM-CUST-007-NORMAL-0140,SIM-CUST-007,Cho Hyunwoo,75747,2026-04-16T20:31:39,KR,Busan,35.165161,129.059271,grocery-busan-08,GROCERY,mobile-primary-sim-cust-007,E-PAY,20,3,0,0,0,0,0,NORMAL_BASELINE
SIM-CUST-010-NORMAL-0140,SIM-CUST-010,Lim Nari,49854,2026-04-16T20:40:30,KR,Daejeon,36.353779,127.36111,utility-daejeon-08,UTILITY,mobile-primary-sim-cust-010,CARD,20,3,0,0,0,0,0,NORMAL_BASELINE
SIM-CUST-003-NORMAL-0140,SIM-CUST-003,Park Jiho,70276,2026-04-16T22:19:31,KR,Incheon,37.433628,126.683917,online-incheon-08,ONLINE,mobile-primary-sim-cust-003,E-PAY,22,3,0,0,0,0,0,NORMAL_BASELINE
SIM-CUST-015-NORMAL-0140,SIM-CUST-015,Kwon Doyun,95142,2026-04-16T22:55:55,KR,Daejeon,36.347495,127.383302,transport-daejeon-08,TRANSPORT,mobile-primary-sim-cust-015,ACCOUNT,22,3,0,0,0,0,0,NORMAL_BASELINE
SIM-CUST-016-NORMAL-0141,SIM-CUST-016,Hwang Yuna,64190,2026-04-17T08:05:46,KR,Seoul,37.545578,126.975586,grocery-seoul-09,GROCERY,mobile-primary-sim-cust-016,CARD,8,4,0,0,0,0,0,NORMAL_BASELINE
SIM-CUST-002-NORMAL-0141,SIM-CUST-002,Lee Seoyeon,38110,2026-04-17T08:23:48,KR,Busan,35.181403,129.082198,online-busan-09,ONLINE,mobile-primary-sim-cust-002,CARD,8,4,0,0,0,0,0,NORMAL_BASELINE
SIM-CUST-019-NORMAL-0141,SIM-CUST-019,Hong Jiwon,132696,2026-04-17T09:14:37,KR,Daegu,35.854709,128.612085,grocery-daegu-09,GROCERY,mobile-primary-sim-cust-019,CARD,9,4,0,0,0,0,0,NORMAL_BASELINE
SIM-CUST-020-NORMAL-0141,SIM-CUST-020,Moon Nari,39058,2026-04-17T09:17:54,KR,Daejeon,36.367707,127.389986,cafe-daejeon-09,CAFE,mobile-primary-sim-cust-020,E-PAY,9,4,0,0,0,0,0,NORMAL_BASELINE
SIM-CUST-015-NORMAL-0141,SIM-CUST-015,Kwon Doyun,76072,2026-04-17T10:02:29,KR,Daejeon,36.349762,127.387966,cafe-daejeon-09,CAFE,mobile-primary-sim-cust-015,ACCOUNT,10,4,0,0,0,0,0,NORMAL_BASELINE
SIM-CUST-018-NORMAL-0141,SIM-CUST-018,Song Sumin,50599,2026-04-17T10:11:20,KR,Incheon,37.431853,126.685265,transfer-incheon-09,TRANSFER,mobile-primary-sim-cust-018,ACCOUNT,10,4,0,0,0,0,0,NORMAL_BASELINE
SIM-CUST-013-NORMAL-0141,SIM-CUST-013,Seo Jiho,101399,2026-04-17T10:56:55,KR,Incheon,37.467708,126.699404,online-incheon-09,ONLINE,mobile-primary-sim-cust-013,CARD,10,4,0,0,0,0,0,NORMAL_BASELINE
SIM-CUST-007-NORMAL-0141,SIM-CUST-007,Cho Hyunwoo,63806,2026-04-17T11:38:13,KR,Busan,35.200824,129.092598,shopping-busan-09,SHOPPING,mobile-primary-sim-cust-007,E-PAY,11,4,0,0,0,0,0,NORMAL_BASELINE
SIM-CUST-008-NORMAL-0141,SIM-CUST-008,Yoon Sumin,49043,2026-04-17T11:41:30,KR,Incheon,37.468523,126.68613,medical-incheon-09,MEDICAL,mobile-primary-sim-cust-008,CARD,11,4,0,0,0,0,0,NORMAL_BASELINE
SIM-CUST-001-NORMAL-0141,SIM-CUST-001,Kim Minjun,42665,2026-04-17T12:20:31,KR,Seoul,37.544069,127.000053,grocery-seoul-09,GROCERY,mobile-primary-sim-cust-001,CARD,12,4,0,0,0,0,0,NORMAL_BASELINE
SIM-CUST-003-NORMAL-0141,SIM-CUST-003,Park Jiho,61169,2026-04-17T12:26:05,KR,Incheon,37.432945,126.726638,utility-incheon-09,UTILITY,mobile-primary-sim-cust-003,E-PAY,12,4,0,0,0,0,0,NORMAL_BASELINE
SIM-CUST-011-NORMAL-0141,SIM-CUST-011,Han Minjun,52234,2026-04-17T12:50:21,KR,Seoul,37.541993,126.971858,online-seoul-09,ONLINE,mobile-primary-sim-cust-011,E-PAY,12,4,0,0,0,0,0,NORMAL_BASELINE
SIM-CUST-010-NORMAL-0141,SIM-CUST-010,Lim Nari,46093,2026-04-17T13:47:04,KR,Daejeon,36.341913,127.390992,utility-daejeon-09,UTILITY,mobile-primary-sim-cust-010,CARD,13,4,0,0,0,0,0,NORMAL_BASELINE
SIM-CUST-006-NORMAL-0141,SIM-CUST-006,Kang Yuna,113360,2026-04-17T14:35:56,KR,Seoul,37.584528,126.961017,online-seoul-09,ONLINE,mobile-primary-sim-cust-006,ACCOUNT,14,4,0,0,0,0,0,NORMAL_BASELINE
SIM-CUST-009-NORMAL-0141,SIM-CUST-009,Jang Jiwon,149763,2026-04-17T15:44:47,KR,Daegu,35.88255,128.595919,grocery-daegu-09,GROCERY,mobile-primary-sim-cust-009,ACCOUNT,15,4,0,0,0,0,0,NORMAL_BASELINE
SIM-CUST-012-NORMAL-0141,SIM-CUST-012,Oh Seoyeon,38243,2026-04-17T16:53:38,KR,Busan,35.183524,129.057831,dining-busan-09,DINING,mobile-primary-sim-cust-012,ACCOUNT,16,4,0,0,0,0,0,NORMAL_BASELINE
SIM-CUST-004-NORMAL-0141,SIM-CUST-004,Choi Haein,35126,2026-04-17T19:29:22,KR,Daegu,35.88575,128.587562,dining-daegu-09,DINING,mobile-primary-sim-cust-004,CARD,19,4,0,0,0,0,0,NORMAL_BASELINE
SIM-CUST-014-NORMAL-0141,SIM-CUST-014,Shin Haein,93100,2026-04-17T19:59:12,KR,Daegu,35.853167,128.602619,dining-daegu-09,DINING,mobile-primary-sim-cust-014,E-PAY,19,4,0,0,0,0,0,NORMAL_BASELINE
SIM-CUST-005-NORMAL-0141,SIM-CUST-005,Jung Doyun,87109,2026-04-17T20:32:39,KR,Daejeon,36.366584,127.408557,cafe-daejeon-09,CAFE,mobile-primary-sim-cust-005,CARD,20,4,0,0,0,0,0,NORMAL_BASELINE
SIM-CUST-017-NORMAL-0141,SIM-CUST-017,Ahn Hyunwoo,50573,2026-04-17T21:08:03,KR,Busan,35.15672,129.06155,online-busan-09,ONLINE,mobile-primary-sim-cust-017,E-PAY,21,4,0,0,0,0,0,NORMAL_BASELINE
SIM-CUST-016-A-DAWN-TRANSFER,SIM-CUST-016,Hwang Yuna,437976,2026-04-18T03:17:12,KR,Seoul,37.5665,126.978,transfer-seoul-fraud,TRANSFER,mobile-primary-sim-cust-016,ACCOUNT,3,5,0,0,1,1,1,DAWN_HIGH_TRANSFER
SIM-CUST-016-NORMAL-0142,SIM-CUST-016,Hwang Yuna,56169,2026-04-18T07:12:20,KR,Seoul,37.571808,127.002101,grocery-seoul-10,GROCERY,mobile-primary-sim-cust-016,CARD,7,5,0,0,0,0,0,NORMAL_BASELINE
SIM-CUST-008-NORMAL-0142,SIM-CUST-008,Yoon Sumin,48046,2026-04-18T10:48:04,KR,Incheon,37.442629,126.686467,online-incheon-10,ONLINE,mobile-primary-sim-cust-008,CARD,10,5,0,0,0,0,0,NORMAL_BASELINE
SIM-CUST-005-NORMAL-0142,SIM-CUST-005,Jung Doyun,76711,2026-04-18T11:39:13,KR,Daejeon,36.337417,127.391613,dining-daejeon-10,DINING,web-trusted-sim-cust-005,CARD,11,5,0,0,0,0,0,NORMAL_BASELINE
SIM-CUST-007-NORMAL-0142,SIM-CUST-007,Cho Hyunwoo,72802,2026-04-18T11:45:47,KR,Busan,35.160877,129.05118,shopping-busan-10,SHOPPING,mobile-primary-sim-cust-007,E-PAY,11,5,0,0,0,0,0,NORMAL_BASELINE
SIM-CUST-013-NORMAL-0142,SIM-CUST-013,Seo Jiho,85182,2026-04-18T12:03:29,KR,Incheon,37.443824,126.682071,utility-incheon-10,UTILITY,mobile-primary-sim-cust-013,CARD,12,5,0,0,0,0,0,NORMAL_BASELINE
SIM-CUST-017-NORMAL-0142,SIM-CUST-017,Ahn Hyunwoo,61073,2026-04-18T12:15:37,KR,Busan,35.161484,129.066573,utility-busan-10,UTILITY,mobile-primary-sim-cust-017,E-PAY,12,5,0,0,0,0,0,NORMAL_BASELINE
SIM-CUST-001-NORMAL-0142,SIM-CUST-001,Kim Minjun,42223,2026-04-18T12:27:05,KR,Seoul,37.566087,126.981851,grocery-seoul-10,GROCERY,mobile-primary-sim-cust-001,CARD,12,5,0,0,0,0,0,NORMAL_BASELINE
SIM-CUST-003-NORMAL-0142,SIM-CUST-003,Park Jiho,57267,2026-04-18T12:33:39,KR,Incheon,37.43851,126.721235,online-incheon-10,ONLINE,mobile-primary-sim-cust-003,E-PAY,12,5,0,0,0,0,0,NORMAL_BASELINE
SIM-CUST-011-NORMAL-0142,SIM-CUST-011,Han Minjun,51687,2026-04-18T12:57:55,KR,Seoul,37.587782,126.961787,grocery-seoul-10,GROCERY,mobile-primary-sim-cust-011,E-PAY,12,5,0,0,0,0,0,NORMAL_BASELINE
SIM-CUST-014-NORMAL-0142,SIM-CUST-014,Shin Haein,86008,2026-04-18T13:06:46,KR,Daegu,35.853917,128.579752,utility-daegu-10,UTILITY,mobile-primary-sim-cust-014,E-PAY,13,5,0,0,0,0,0,NORMAL_BASELINE
SIM-CUST-009-NORMAL-0142,SIM-CUST-009,Jang Jiwon,145906,2026-04-18T13:51:21,KR,Daegu,35.883129,128.616199,online-daegu-10,ONLINE,mobile-primary-sim-cust-009,ACCOUNT,13,5,0,0,0,0,0,NORMAL_BASELINE
SIM-CUST-012-NORMAL-0142,SIM-CUST-012,Oh Seoyeon,40544,2026-04-18T14:00:12,KR,Busan,35.201291,129.075572,dining-busan-10,DINING,mobile-primary-sim-cust-012,ACCOUNT,14,5,0,0,0,0,0,NORMAL_BASELINE
SIM-CUST-018-NORMAL-0142,SIM-CUST-018,Song Sumin,45790,2026-04-18T16:18:54,KR,Incheon,37.442235,126.706255,transfer-incheon-10,TRANSFER,mobile-primary-sim-cust-018,ACCOUNT,16,5,0,0,0,0,0,NORMAL_BASELINE
SIM-CUST-006-NORMAL-0142,SIM-CUST-006,Kang Yuna,107626,2026-04-18T16:42:30,KR,Seoul,37.554667,126.971356,transfer-seoul-10,TRANSFER,mobile-primary-sim-cust-006,ACCOUNT,16,5,0,0,0,0,0,NORMAL_BASELINE
SIM-CUST-020-NORMAL-0142,SIM-CUST-020,Moon Nari,40241,2026-04-18T18:24:28,KR,Daejeon,36.339578,127.382093,cafe-daejeon-10,CAFE,mobile-primary-sim-cust-020,E-PAY,18,5,0,0,0,0,0,NORMAL_BASELINE
SIM-CUST-002-NORMAL-0142,SIM-CUST-002,Lee Seoyeon,35631,2026-04-18T18:30:22,KR,Busan,35.176062,129.08134,cafe-busan-10,CAFE,mobile-primary-sim-cust-002,CARD,18,5,0,0,0,0,0,NORMAL_BASELINE
SIM-CUST-019-NORMAL-0142,SIM-CUST-019,Hong Jiwon,134733,2026-04-18T19:21:11,KR,Daegu,35.893898,128.623003,cafe-daegu-10,CAFE,mobile-primary-sim-cust-019,CARD,19,5,0,0,0,0,0,NORMAL_BASELINE
SIM-CUST-004-NORMAL-0142,SIM-CUST-004,Choi Haein,31630,2026-04-18T19:36:56,KR,Daegu,35.8831,128.591126,online-daegu-10,ONLINE,mobile-primary-sim-cust-004,CARD,19,5,0,0,0,0,0,NORMAL_BASELINE
SIM-CUST-010-NORMAL-0142,SIM-CUST-010,Lim Nari,43250,2026-04-18T20:54:38,KR,Daejeon,36.344944,127.378566,utility-daejeon-10,UTILITY,mobile-primary-sim-cust-010,CARD,20,5,0,0,0,0,0,NORMAL_BASELINE
SIM-CUST-015-NORMAL-0142,SIM-CUST-015,Kwon Doyun,91143,2026-04-18T21:09:03,KR,Daejeon,36.361399,127.381632,grocery-daejeon-10,GROCERY,mobile-primary-sim-cust-015,ACCOUNT,21,5,0,0,0,0,0,NORMAL_BASELINE
SIM-CUST-016-NORMAL-0143,SIM-CUST-016,Hwang Yuna,58604,2026-04-19T07:19:54,KR,Seoul,37.541586,127.002256,dining-seoul-11,DINING,mobile-primary-sim-cust-016,CARD,7,6,0,0,0,0,0,NORMAL_BASELINE
SIM-CUST-014-NORMAL-0143,SIM-CUST-014,Shin Haein,83155,2026-04-19T08:13:20,KR,Daegu,35.881102,128.603287,utility-daegu-11,UTILITY,mobile-primary-sim-cust-014,E-PAY,8,6,0,0,0,0,0,NORMAL_BASELINE
SIM-CUST-004-NORMAL-0143,SIM-CUST-004,Choi Haein,36827,2026-04-19T08:43:30,KR,Daegu,35.893835,128.59598,dining-daegu-11,DINING,mobile-primary-sim-cust-004,CARD,8,6,0,0,0,0,0,NORMAL_BASELINE
SIM-CUST-018-NORMAL-0143,SIM-CUST-018,Song Sumin,50681,2026-04-19T09:25:28,KR,Incheon,37.461946,126.697546,grocery-incheon-11,GROCERY,mobile-primary-sim-cust-018,ACCOUNT,9,6,0,0,0,0,0,NORMAL_BASELINE
SIM-CUST-002-NORMAL-0143,SIM-CUST-002,Lee Seoyeon,36859,2026-04-19T09:37:56,KR,Busan,35.188011,129.076774,cafe-busan-11,CAFE,mobile-primary-sim-cust-002,CARD,9,6,0,0,0,0,0,NORMAL_BASELINE
SIM-CUST-006-NORMAL-0143,SIM-CUST-006,Kang Yuna,115820,2026-04-19T09:49:04,KR,Seoul,37.578183,126.997147,dining-seoul-11,DINING,mobile-primary-sim-cust-006,ACCOUNT,9,6,0,0,0,0,0,NORMAL_BASELINE
SIM-CUST-009-NORMAL-0143,SIM-CUST-009,Jang Jiwon,136075,2026-04-19T09:58:55,KR,Daegu,35.883863,128.609753,cafe-daegu-11,CAFE,mobile-primary-sim-cust-009,ACCOUNT,9,6,0,0,0,0,0,NORMAL_BASELINE
SIM-CUST-007-NORMAL-0143,SIM-CUST-007,Cho Hyunwoo,74670,2026-04-19T10:52:21,KR,Busan,35.187496,129.099349,shopping-busan-11,SHOPPING,mobile-primary-sim-cust-007,E-PAY,10,6,0,0,0,0,0,NORMAL_BASELINE
SIM-CUST-008-NORMAL-0143,SIM-CUST-008,Yoon Sumin,52716,2026-04-19T10:55:38,KR,Incheon,37.469451,126.685786,transport-incheon-11,TRANSPORT,mobile-primary-sim-cust-008,CARD,10,6,0,0,0,0,0,NORMAL_BASELINE
SIM-CUST-012-NORMAL-0143,SIM-CUST-012,Oh Seoyeon,42131,2026-04-19T14:07:46,KR,Busan,35.174919,129.076635,dining-busan-11,DINING,mobile-primary-sim-cust-012,ACCOUNT,14,6,0,0,0,0,0,NORMAL_BASELINE
SIM-CUST-019-NORMAL-0143,SIM-CUST-019,Hong Jiwon,144342,2026-04-19T18:28:45,KR,Daegu,35.85427,128.626261,transport-daegu-11,TRANSPORT,mobile-primary-sim-cust-019,CARD,18,6,0,0,0,0,0,NORMAL_BASELINE
SIM-CUST-020-NORMAL-0143,SIM-CUST-020,Moon Nari,44116,2026-04-19T18:31:02,KR,Daejeon,36.362959,127.36129,grocery-daejeon-11,GROCERY,mobile-primary-sim-cust-020,E-PAY,18,6,0,0,0,0,0,NORMAL_BASELINE
SIM-CUST-010-NORMAL-0143,SIM-CUST-010,Lim Nari,42325,2026-04-19T19:01:12,KR,Daejeon,36.349139,127.375942,utility-daejeon-11,UTILITY,mobile-primary-sim-cust-010,CARD,19,6,0,0,0,0,0,NORMAL_BASELINE
SIM-CUST-013-NORMAL-0143,SIM-CUST-013,Seo Jiho,103173,2026-04-19T19:10:03,KR,Incheon,37.461627,126.722234,online-incheon-11,ONLINE,mobile-primary-sim-cust-013,CARD,19,6,0,0,0,0,0,NORMAL_BASELINE
SIM-CUST-017-NORMAL-0143,SIM-CUST-017,Ahn Hyunwoo,58702,2026-04-19T19:22:11,KR,Busan,35.155563,129.088877,dining-busan-11,DINING,mobile-primary-sim-cust-017,E-PAY,19,6,0,0,0,0,0,NORMAL_BASELINE
SIM-CUST-001-NORMAL-0143,SIM-CUST-001,Kim Minjun,44142,2026-04-19T19:34:39,KR,Seoul,37.569642,126.968192,grocery-seoul-11,GROCERY,mobile-primary-sim-cust-001,CARD,19,6,0,0,0,0,0,NORMAL_BASELINE
SIM-CUST-001-A-STEALTH-SMALL-TEST,SIM-CUST-001,Kim Minjun,7000,2026-04-19T20:03:29,KR,Seoul,37.5665,126.978,digital-test-01-sim-cust-001,DIGITAL,mobile-primary-sim-cust-001,CARD,20,6,0,0,0,0,0,STEALTH_PRECURSOR_SMALL_TEST
SIM-CUST-001-A-STEALTH-LARGE-FOLLOWUP,SIM-CUST-001,Kim Minjun,186706,2026-04-19T20:07:29,KR,Seoul,37.5665,126.978,electronics-followup-01-sim-cust-001,ELECTRONICS,mobile-primary-sim-cust-001,CARD,20,6,0,0,0,0,1,SMALL_TEST_THEN_LARGE
SIM-CUST-001-A-STEALTH-REPEAT-1,SIM-CUST-001,Kim Minjun,70200,2026-04-19T20:21:29,KR,Seoul,37.5665,126.978,same-amount-01-sim-cust-001,ONLINE,mobile-primary-sim-cust-001,CARD,20,6,0,0,0,0,0,STEALTH_PRECURSOR_REPEAT_FIRST
SIM-CUST-001-A-STEALTH-REPEAT-2,SIM-CUST-001,Kim Minjun,70200,2026-04-19T20:24:29,KR,Seoul,37.5665,126.978,same-amount-02-sim-cust-001,ONLINE,mobile-primary-sim-cust-001,CARD,20,6,0,0,0,0,1,SAME_AMOUNT_REPEATED
SIM-CUST-001-A-STEALTH-REPEAT-3,SIM-CUST-001,Kim Minjun,70200,2026-04-19T20:27:29,KR,Seoul,37.5665,126.978,same-amount-03-sim-cust-001,ONLINE,mobile-primary-sim-cust-001,CARD,20,6,0,0,0,0,1,SAME_AMOUNT_REPEATED
SIM-CUST-003-NORMAL-0143,SIM-CUST-003,Park Jiho,59947,2026-04-19T20:40:13,KR,Incheon,37.459498,126.708535,utility-incheon-11,UTILITY,mobile-primary-sim-cust-003,E-PAY,20,6,0,0,0,0,0,NORMAL_BASELINE
SIM-CUST-001-A-STEALTH-DISTRIBUTED-1,SIM-CUST-001,Kim Minjun,62400,2026-04-19T20:43:29,KR,Seoul,37.5665,126.978,distributed-cafe-01-sim-cust-001,CAFE,mobile-primary-sim-cust-001,CARD,20,6,0,0,0,0,1,RAPID_DISTRIBUTED_MERCHANTS
SIM-CUST-005-NORMAL-0143,SIM-CUST-005,Jung Doyun,72608,2026-04-19T20:46:47,KR,Daejeon,36.369683,127.378569,dining-daejeon-11,DINING,mobile-primary-sim-cust-005,CARD,20,6,0,0,0,0,0,NORMAL_BASELINE
SIM-CUST-001-A-STEALTH-DISTRIBUTED-2,SIM-CUST-001,Kim Minjun,67600,2026-04-19T20:49:29,KR,Seoul,37.5665,126.978,distributed-grocery-01-sim-cust-001,GROCERY,mobile-primary-sim-cust-001,CARD,20,6,0,0,0,0,1,RAPID_DISTRIBUTED_MERCHANTS
SIM-CUST-001-A-STEALTH-DISTRIBUTED-3,SIM-CUST-001,Kim Minjun,72800,2026-04-19T20:55:29,KR,Seoul,37.5665,126.978,distributed-dining-01-sim-cust-001,DINING,mobile-primary-sim-cust-001,CARD,20,6,0,0,0,0,1,RAPID_DISTRIBUTED_MERCHANTS
SIM-CUST-011-NORMAL-0143,SIM-CUST-011,Han Minjun,59510,2026-04-19T21:04:29,KR,Seoul,37.58184,126.957777,online-seoul-11,ONLINE,mobile-primary-sim-cust-011,E-PAY,21,6,0,0,0,0,0,NORMAL_BASELINE
SIM-CUST-001-A-STEALTH-NEW-CATEGORY,SIM-CUST-001,Kim Minjun,134919,2026-04-19T21:23:29,KR,Seoul,37.5665,126.978,new-category-jewelry-01-sim-cust-001,JEWELRY,mobile-primary-sim-cust-001,CARD,21,6,0,0,0,0,1,DOMESTIC_NEW_CATEGORY_HIGH_AMOUNT
SIM-CUST-015-NORMAL-0143,SIM-CUST-015,Kwon Doyun,91249,2026-04-19T22:16:37,KR,Daejeon,36.356121,127.382313,transport-daejeon-11,TRANSPORT,mobile-primary-sim-cust-015,ACCOUNT,22,6,0,0,0,0,0,NORMAL_BASELINE
SIM-CUST-006-A-BURST-01,SIM-CUST-006,Kang Yuna,422443,2026-04-20T01:05:48,KR,Seoul,37.5665,126.978,online-burst-01,ONLINE,burst-device-sim-cust-006,E-PAY,1,0,0,1,1,1,1,BURST_DAWN_NEW_DEVICE_METHOD
SIM-CUST-006-A-BURST-02,SIM-CUST-006,Kang Yuna,364364,2026-04-20T01:13:48,KR,Seoul,37.5665,126.978,online-burst-02,ONLINE,burst-device-sim-cust-006,E-PAY,1,0,0,1,1,1,1,BURST_DAWN_NEW_DEVICE_METHOD
SIM-CUST-006-A-BURST-03,SIM-CUST-006,Kang Yuna,352641,2026-04-20T01:21:48,KR,Seoul,37.5665,126.978,online-burst-03,ONLINE,burst-device-sim-cust-006,E-PAY,1,0,0,1,1,1,1,BURST_DAWN_NEW_DEVICE_METHOD
SIM-CUST-016-NORMAL-0144,SIM-CUST-016,Hwang Yuna,64628,2026-04-20T07:26:28,KR,Seoul,37.542883,126.998257,shopping-seoul-12,SHOPPING,mobile-primary-sim-cust-016,CARD,7,0,0,0,0,0,0,NORMAL_BASELINE
SIM-CUST-008-NORMAL-0144,SIM-CUST-008,Yoon Sumin,58374,2026-04-20T09:02:12,KR,Incheon,37.433426,126.685591,dining-incheon-12,DINING,mobile-primary-sim-cust-008,CARD,9,0,0,0,0,0,0,NORMAL_BASELINE
SIM-CUST-009-NORMAL-0144,SIM-CUST-009,Jang Jiwon,135199,2026-04-20T09:05:29,KR,Daegu,35.871009,128.616074,transfer-daegu-12,TRANSFER,mobile-primary-sim-cust-009,ACCOUNT,9,0,0,0,0,0,0,NORMAL_BASELINE
SIM-CUST-012-NORMAL-0144,SIM-CUST-012,Oh Seoyeon,42967,2026-04-20T09:14:20,KR,Busan,35.197463,129.082315,transport-busan-12,TRANSPORT,mobile-primary-sim-cust-012,ACCOUNT,9,0,0,0,0,0,0,NORMAL_BASELINE
SIM-CUST-013-NORMAL-0144,SIM-CUST-013,Seo Jiho,104303,2026-04-20T10:17:37,KR,Incheon,37.450181,126.729644,online-incheon-12,ONLINE,mobile-primary-sim-cust-013,CARD,10,0,0,0,0,0,0,NORMAL_BASELINE
SIM-CUST-015-NORMAL-0144,SIM-CUST-015,Kwon Doyun,85400,2026-04-20T10:23:11,KR,Daejeon,36.338937,127.391056,transport-daejeon-12,TRANSPORT,mobile-primary-sim-cust-015,ACCOUNT,10,0,0,0,0,0,0,NORMAL_BASELINE
SIM-CUST-001-NORMAL-0144,SIM-CUST-001,Kim Minjun,52418,2026-04-20T10:41:13,KR,Seoul,37.571816,126.992537,grocery-seoul-12,GROCERY,mobile-primary-sim-cust-001,CARD,10,0,0,0,0,0,0,NORMAL_BASELINE
SIM-CUST-005-NORMAL-0144,SIM-CUST-005,Jung Doyun,84302,2026-04-20T11:53:21,KR,Daejeon,36.339541,127.405067,grocery-daejeon-12,GROCERY,mobile-primary-sim-cust-005,CARD,11,0,0,0,0,0,0,NORMAL_BASELINE
SIM-CUST-007-NORMAL-0144,SIM-CUST-007,Cho Hyunwoo,72576,2026-04-20T11:59:55,KR,Busan,35.175393,129.073401,shopping-busan-12,SHOPPING,mobile-primary-sim-cust-007,E-PAY,11,0,0,0,0,0,0,NORMAL_BASELINE
SIM-CUST-014-NORMAL-0144,SIM-CUST-014,Shin Haein,94759,2026-04-20T12:20:54,KR,Daegu,35.876123,128.579739,utility-daegu-12,UTILITY,mobile-primary-sim-cust-014,E-PAY,12,0,0,0,0,0,0,NORMAL_BASELINE
SIM-CUST-002-NORMAL-0144,SIM-CUST-002,Lee Seoyeon,41057,2026-04-20T12:44:30,KR,Busan,35.179966,129.100017,cafe-busan-12,CAFE,mobile-primary-sim-cust-002,CARD,12,0,0,0,0,0,0,NORMAL_BASELINE
SIM-CUST-011-NORMAL-0144,SIM-CUST-011,Han Minjun,64927,2026-04-20T13:11:03,KR,Seoul,37.569077,126.983373,dining-seoul-12,DINING,mobile-primary-sim-cust-011,E-PAY,13,0,0,0,0,0,0,NORMAL_BASELINE
SIM-CUST-018-NORMAL-0144,SIM-CUST-018,Song Sumin,48377,2026-04-20T14:32:02,KR,Incheon,37.45715,126.686365,transfer-incheon-12,TRANSFER,mobile-primary-sim-cust-018,ACCOUNT,14,0,0,0,0,0,0,NORMAL_BASELINE
SIM-CUST-006-NORMAL-0144,SIM-CUST-006,Kang Yuna,126328,2026-04-20T16:56:38,KR,Seoul,37.553439,126.98905,online-seoul-12,ONLINE,mobile-primary-sim-cust-006,ACCOUNT,16,0,0,0,0,0,0,NORMAL_BASELINE
SIM-CUST-019-NORMAL-0144,SIM-CUST-019,Hong Jiwon,126624,2026-04-20T18:35:19,KR,Daegu,35.868853,128.585007,cafe-daegu-12,CAFE,mobile-primary-sim-cust-019,CARD,18,0,0,0,0,0,0,NORMAL_BASELINE
SIM-CUST-010-NORMAL-0144,SIM-CUST-010,Lim Nari,42552,2026-04-20T19:08:46,KR,Daejeon,36.333971,127.393244,cafe-daejeon-12,CAFE,mobile-primary-sim-cust-010,CARD,19,0,0,0,0,0,0,NORMAL_BASELINE
SIM-CUST-017-NORMAL-0144,SIM-CUST-017,Ahn Hyunwoo,60813,2026-04-20T19:29:45,KR,Busan,35.175347,129.053998,medical-busan-12,MEDICAL,mobile-primary-sim-cust-017,E-PAY,19,0,0,0,0,0,0,NORMAL_BASELINE
SIM-CUST-020-NORMAL-0144,SIM-CUST-020,Moon Nari,39433,2026-04-20T19:38:36,KR,Daejeon,36.334352,127.40426,grocery-daejeon-12,GROCERY,mobile-primary-sim-cust-020,E-PAY,19,0,0,0,0,0,0,NORMAL_BASELINE
SIM-CUST-004-NORMAL-0144,SIM-CUST-004,Choi Haein,34987,2026-04-20T19:50:04,KR,Daegu,35.892452,128.624777,transport-daegu-12,TRANSPORT,mobile-primary-sim-cust-004,CARD,19,0,0,0,0,0,0,NORMAL_BASELINE
SIM-CUST-016-A-FOREIGN-HIGH,SIM-CUST-016,Hwang Yuna,708224,2026-04-20T20:17:04,VN,Ho Chi Minh City,10.8231,106.6297,shopping-ho-chi-minh-city-fraud,SHOPPING,unknown-mobile-sim-cust-016,CARD,20,0,1,1,0,0,1,FOREIGN_HIGH_AMOUNT_NEW_DEVICE
SIM-CUST-003-NORMAL-0144,SIM-CUST-003,Park Jiho,65147,2026-04-20T20:47:47,KR,Incheon,37.450492,126.717187,dining-incheon-12,DINING,mobile-primary-sim-cust-003,E-PAY,20,0,0,0,0,0,0,NORMAL_BASELINE
SIM-CUST-011-A-NEW-METHOD,SIM-CUST-011,Han Minjun,209324,2026-04-20T22:17:39,KR,Seoul,37.5665,126.978,online-seoul-fraud,ONLINE,new-browser-sim-cust-011,CARD,22,0,0,1,1,0,1,NEW_DEVICE_PAYMENT_METHOD
SIM-CUST-004-NORMAL-0145,SIM-CUST-004,Choi Haein,46197,2026-04-21T08:57:38,KR,Daegu,35.871209,128.592958,cafe-daegu-01,CAFE,mobile-primary-sim-cust-004,CARD,8,1,0,0,0,0,0,NORMAL_BASELINE
SIM-CUST-001-NORMAL-0145,SIM-CUST-001,Kim Minjun,71512,2026-04-21T10:48:47,KR,Seoul,37.586925,126.967868,dining-seoul-01,DINING,mobile-primary-sim-cust-001,CARD,10,1,0,0,0,0,0,NORMAL_BASELINE
SIM-CUST-011-NORMAL-0145,SIM-CUST-011,Han Minjun,98514,2026-04-21T11:18:37,KR,Seoul,37.560978,126.970259,cafe-seoul-01,CAFE,mobile-primary-sim-cust-011,E-PAY,11,1,0,0,0,0,0,NORMAL_BASELINE
SIM-CUST-015-NORMAL-0145,SIM-CUST-015,Kwon Doyun,130620,2026-04-21T12:30:45,KR,Daejeon,36.372972,127.374482,grocery-daejeon-01,GROCERY,mobile-primary-sim-cust-015,ACCOUNT,12,1,0,0,0,0,0,NORMAL_BASELINE
SIM-CUST-017-NORMAL-0145,SIM-CUST-017,Ahn Hyunwoo,80405,2026-04-21T12:36:19,KR,Busan,35.183737,129.050958,cafe-busan-01,CAFE,mobile-primary-sim-cust-017,E-PAY,12,1,0,0,0,0,0,NORMAL_BASELINE
SIM-CUST-005-NORMAL-0145,SIM-CUST-005,Jung Doyun,124780,2026-04-21T13:00:55,KR,Daejeon,36.34974,127.374322,grocery-daejeon-01,GROCERY,mobile-primary-sim-cust-005,CARD,13,1,0,0,0,0,0,NORMAL_BASELINE
SIM-CUST-009-NORMAL-0145,SIM-CUST-009,Jang Jiwon,204337,2026-04-21T13:12:03,KR,Daegu,35.848752,128.577307,transfer-daegu-01,TRANSFER,mobile-primary-sim-cust-009,ACCOUNT,13,1,0,0,0,0,0,NORMAL_BASELINE
SIM-CUST-010-NORMAL-0145,SIM-CUST-010,Lim Nari,69465,2026-04-21T13:15:20,KR,Daejeon,36.349831,127.368835,utility-daejeon-01,UTILITY,mobile-primary-sim-cust-010,CARD,13,1,0,0,0,0,0,NORMAL_BASELINE
SIM-CUST-020-NORMAL-0145,SIM-CUST-020,Moon Nari,60526,2026-04-21T13:45:10,KR,Daejeon,36.352364,127.408105,grocery-daejeon-01,GROCERY,mobile-primary-sim-cust-020,E-PAY,13,1,0,0,0,0,0,NORMAL_BASELINE
SIM-CUST-018-NORMAL-0145,SIM-CUST-018,Song Sumin,79394,2026-04-21T15:39:36,KR,Incheon,37.456999,126.713516,dining-incheon-01,DINING,mobile-primary-sim-cust-018,ACCOUNT,15,1,0,0,0,0,0,NORMAL_BASELINE
SIM-CUST-006-NORMAL-0145,SIM-CUST-006,Kang Yuna,163974,2026-04-21T16:03:12,KR,Seoul,37.575661,126.991287,online-seoul-01,ONLINE,web-trusted-sim-cust-006,ACCOUNT,16,1,0,0,0,0,0,NORMAL_BASELINE
SIM-CUST-008-NORMAL-0145,SIM-CUST-008,Yoon Sumin,81476,2026-04-21T16:09:46,KR,Incheon,37.476726,126.682364,cafe-incheon-01,CAFE,mobile-primary-sim-cust-008,CARD,16,1,0,0,0,0,0,NORMAL_BASELINE
SIM-CUST-012-NORMAL-0145,SIM-CUST-012,Oh Seoyeon,54176,2026-04-21T16:21:54,KR,Busan,35.203552,129.071609,dining-busan-01,DINING,mobile-primary-sim-cust-012,ACCOUNT,16,1,0,0,0,0,0,NORMAL_BASELINE
SIM-CUST-013-NORMAL-0145,SIM-CUST-013,Seo Jiho,137943,2026-04-21T18:24:11,KR,Incheon,37.455855,126.714142,cafe-incheon-01,CAFE,mobile-primary-sim-cust-013,CARD,18,1,0,0,0,0,0,NORMAL_BASELINE
SIM-CUST-002-NORMAL-0145,SIM-CUST-002,Lee Seoyeon,66192,2026-04-21T18:51:04,KR,Busan,35.156777,129.069944,cafe-busan-01,CAFE,mobile-primary-sim-cust-002,CARD,18,1,0,0,0,0,0,NORMAL_BASELINE
SIM-CUST-014-NORMAL-0145,SIM-CUST-014,Shin Haein,128412,2026-04-21T19:27:28,KR,Daegu,35.877841,128.622794,cafe-daegu-01,CAFE,mobile-primary-sim-cust-014,E-PAY,19,1,0,0,0,0,0,NORMAL_BASELINE
SIM-CUST-016-NORMAL-0145,SIM-CUST-016,Hwang Yuna,89017,2026-04-21T19:33:02,KR,Seoul,37.55012,126.984824,grocery-seoul-01,GROCERY,mobile-primary-sim-cust-016,CARD,19,1,0,0,0,0,0,NORMAL_BASELINE
SIM-CUST-019-NORMAL-0145,SIM-CUST-019,Hong Jiwon,191838,2026-04-21T20:42:53,KR,Daegu,35.859411,128.587107,online-daegu-01,ONLINE,mobile-primary-sim-cust-019,CARD,20,1,0,0,0,0,0,NORMAL_BASELINE
SIM-CUST-007-NORMAL-0145,SIM-CUST-007,Cho Hyunwoo,107750,2026-04-21T21:06:29,KR,Busan,35.17732,129.071806,utility-busan-01,UTILITY,mobile-primary-sim-cust-007,E-PAY,21,1,0,0,0,0,0,NORMAL_BASELINE
SIM-CUST-003-NORMAL-0145,SIM-CUST-003,Park Jiho,96241,2026-04-21T22:54:21,KR,Incheon,37.480016,126.682885,dining-incheon-01,DINING,mobile-primary-sim-cust-003,E-PAY,22,1,0,0,0,0,0,NORMAL_BASELINE
SIM-CUST-004-NORMAL-0146,SIM-CUST-004,Choi Haein,58478,2026-04-22T07:04:12,KR,Daegu,35.854794,128.620666,transport-daegu-02,TRANSPORT,mobile-primary-sim-cust-004,CARD,7,2,0,0,0,0,0,NORMAL_BASELINE
SIM-CUST-020-NORMAL-0146,SIM-CUST-020,Moon Nari,64435,2026-04-22T09:52:44,KR,Daejeon,36.339145,127.398512,cafe-daejeon-02,CAFE,mobile-primary-sim-cust-020,E-PAY,9,2,0,0,0,0,0,NORMAL_BASELINE
SIM-CUST-006-NORMAL-0146,SIM-CUST-006,Kang Yuna,174739,2026-04-22T10:10:46,KR,Seoul,37.573545,126.958523,cafe-seoul-02,CAFE,mobile-primary-sim-cust-006,ACCOUNT,10,2,0,0,0,0,0,NORMAL_BASELINE
SIM-CUST-009-NORMAL-0146,SIM-CUST-009,Jang Jiwon,207952,2026-04-22T10:19:37,KR,Daegu,35.887797,128.621123,grocery-daegu-02,GROCERY,mobile-primary-sim-cust-009,ACCOUNT,10,2,0,0,0,0,0,NORMAL_BASELINE
SIM-CUST-013-NORMAL-0146,SIM-CUST-013,Seo Jiho,140996,2026-04-22T10:31:45,KR,Incheon,37.471992,126.720634,online-incheon-02,ONLINE,mobile-primary-sim-cust-013,CARD,10,2,0,0,0,0,0,NORMAL_BASELINE
SIM-CUST-008-NORMAL-0146,SIM-CUST-008,Yoon Sumin,89679,2026-04-22T11:16:20,KR,Incheon,37.470419,126.726205,cafe-incheon-02,CAFE,mobile-primary-sim-cust-008,CARD,11,2,0,0,0,0,0,NORMAL_BASELINE
SIM-CUST-010-NORMAL-0146,SIM-CUST-010,Lim Nari,66723,2026-04-22T12:22:54,KR,Daejeon,36.335695,127.374055,utility-daejeon-02,UTILITY,mobile-primary-sim-cust-010,CARD,12,2,0,0,0,0,0,NORMAL_BASELINE
SIM-CUST-014-NORMAL-0146,SIM-CUST-014,Shin Haein,155206,2026-04-22T12:34:02,KR,Daegu,35.867708,128.612866,utility-daegu-02,UTILITY,mobile-primary-sim-cust-014,E-PAY,12,2,0,0,0,0,0,NORMAL_BASELINE
SIM-CUST-002-NORMAL-0146,SIM-CUST-002,Lee Seoyeon,55589,2026-04-22T12:58:38,KR,Busan,35.194026,129.06784,cafe-busan-02,CAFE,mobile-primary-sim-cust-002,CARD,12,2,0,0,0,0,0,NORMAL_BASELINE
SIM-CUST-012-NORMAL-0146,SIM-CUST-012,Oh Seoyeon,61232,2026-04-22T16:28:28,KR,Busan,35.165407,129.061088,dining-busan-02,DINING,mobile-primary-sim-cust-012,ACCOUNT,16,2,0,0,0,0,0,NORMAL_BASELINE
SIM-CUST-018-NORMAL-0146,SIM-CUST-018,Song Sumin,84450,2026-04-22T16:46:10,KR,Incheon,37.434664,126.728606,dining-incheon-02,DINING,mobile-primary-sim-cust-018,ACCOUNT,16,2,0,0,0,0,0,NORMAL_BASELINE
SIM-CUST-016-NORMAL-0146,SIM-CUST-016,Hwang Yuna,95350,2026-04-22T18:40:36,KR,Seoul,37.558762,126.996605,shopping-seoul-02,SHOPPING,mobile-primary-sim-cust-016,CARD,18,2,0,0,0,0,0,NORMAL_BASELINE
SIM-CUST-001-NORMAL-0146,SIM-CUST-001,Kim Minjun,72384,2026-04-22T18:55:21,KR,Seoul,37.572551,126.983482,transport-seoul-02,TRANSPORT,mobile-primary-sim-cust-001,CARD,18,2,0,0,0,0,0,NORMAL_BASELINE
SIM-CUST-019-NORMAL-0146,SIM-CUST-019,Hong Jiwon,225083,2026-04-22T19:49:27,KR,Daegu,35.856213,128.591177,online-daegu-02,ONLINE,mobile-primary-sim-cust-019,CARD,19,2,0,0,0,0,0,NORMAL_BASELINE
SIM-CUST-003-NORMAL-0146,SIM-CUST-003,Park Jiho,89303,2026-04-22T20:01:55,KR,Incheon,37.461558,126.710893,online-incheon-02,ONLINE,mobile-primary-sim-cust-003,E-PAY,20,2,0,0,0,0,0,NORMAL_BASELINE
SIM-CUST-007-NORMAL-0146,SIM-CUST-007,Cho Hyunwoo,100985,2026-04-22T20:13:03,KR,Busan,35.175839,129.050971,grocery-busan-02,GROCERY,mobile-primary-sim-cust-007,E-PAY,20,2,0,0,0,0,0,NORMAL_BASELINE
SIM-CUST-005-NORMAL-0146,SIM-CUST-005,Jung Doyun,128795,2026-04-22T21:07:29,KR,Daejeon,36.372811,127.36787,dining-daejeon-02,DINING,mobile-primary-sim-cust-005,CARD,21,2,0,0,0,0,0,NORMAL_BASELINE
SIM-CUST-011-NORMAL-0146,SIM-CUST-011,Han Minjun,98149,2026-04-22T21:25:11,KR,Seoul,37.569084,126.997101,dining-seoul-02,DINING,mobile-primary-sim-cust-011,E-PAY,21,2,0,0,0,0,0,NORMAL_BASELINE
SIM-CUST-015-NORMAL-0146,SIM-CUST-015,Kwon Doyun,127114,2026-04-22T21:37:19,KR,Daejeon,36.353463,127.37494,transport-daejeon-02,TRANSPORT,mobile-primary-sim-cust-015,ACCOUNT,21,2,0,0,0,0,0,NORMAL_BASELINE
SIM-CUST-017-NORMAL-0146,SIM-CUST-017,Ahn Hyunwoo,96978,2026-04-22T21:43:53,KR,Busan,35.180057,129.092052,medical-busan-02,MEDICAL,mobile-primary-sim-cust-017,E-PAY,21,2,0,0,0,0,0,NORMAL_BASELINE
SIM-CUST-011-A-DAWN-TRANSFER,SIM-CUST-011,Han Minjun,420000,2026-04-23T02:17:57,KR,Seoul,37.5665,126.978,transfer-seoul-fraud,TRANSFER,mobile-primary-sim-cust-011,ACCOUNT,2,3,0,0,1,1,1,DAWN_HIGH_TRANSFER
SIM-CUST-004-NORMAL-0147,SIM-CUST-004,Choi Haein,38918,2026-04-23T07:11:46,KR,Daegu,35.882864,128.593187,online-daegu-03,ONLINE,mobile-primary-sim-cust-004,CARD,7,3,0,0,0,0,0,NORMAL_BASELINE
SIM-CUST-009-NORMAL-0147,SIM-CUST-009,Jang Jiwon,154965,2026-04-23T08:26:11,KR,Daegu,35.852098,128.587735,online-daegu-03,ONLINE,mobile-primary-sim-cust-009,ACCOUNT,8,3,0,0,0,0,0,NORMAL_BASELINE
SIM-CUST-016-NORMAL-0147,SIM-CUST-016,Hwang Yuna,74029,2026-04-23T08:47:10,KR,Seoul,37.586072,126.988318,cafe-seoul-03,CAFE,mobile-primary-sim-cust-016,CARD,8,3,0,0,0,0,0,NORMAL_BASELINE
SIM-CUST-008-NORMAL-0147,SIM-CUST-008,Yoon Sumin,56033,2026-04-23T10:23:54,KR,Incheon,37.46483,126.681663,cafe-incheon-03,CAFE,mobile-primary-sim-cust-008,CARD,10,3,0,0,0,0,0,NORMAL_BASELINE
SIM-CUST-012-NORMAL-0147,SIM-CUST-012,Oh Seoyeon,43388,2026-04-23T10:35:02,KR,Busan,35.155319,129.091289,transport-busan-03,TRANSPORT,mobile-primary-sim-cust-012,ACCOUNT,10,3,0,0,0,0,0,NORMAL_BASELINE
SIM-CUST-013-NORMAL-0147,SIM-CUST-013,Seo Jiho,96925,2026-04-23T10:38:19,KR,Incheon,37.479292,126.68501,online-incheon-03,ONLINE,mobile-primary-sim-cust-013,CARD,10,3,0,0,0,0,0,NORMAL_BASELINE
SIM-CUST-014-NORMAL-0147,SIM-CUST-014,Shin Haein,98533,2026-04-23T12:41:36,KR,Daegu,35.859137,128.603451,cafe-daegu-03,CAFE,mobile-primary-sim-cust-014,E-PAY,12,3,0,0,0,0,0,NORMAL_BASELINE
SIM-CUST-018-NORMAL-0147,SIM-CUST-018,Song Sumin,62236,2026-04-23T15:53:44,KR,Incheon,37.467872,126.71196,transfer-incheon-03,TRANSFER,mobile-primary-sim-cust-018,ACCOUNT,15,3,0,0,0,0,0,NORMAL_BASELINE
SIM-CUST-006-NORMAL-0147,SIM-CUST-006,Kang Yuna,115985,2026-04-23T16:17:20,KR,Seoul,37.58839,126.961932,cafe-seoul-03,CAFE,mobile-primary-sim-cust-006,ACCOUNT,16,3,0,0,0,0,0,NORMAL_BASELINE
SIM-CUST-020-NORMAL-0147,SIM-CUST-020,Moon Nari,46041,2026-04-23T18:59:18,KR,Daejeon,36.374068,127.384245,cafe-daejeon-03,CAFE,mobile-primary-sim-cust-020,E-PAY,18,3,0,0,0,0,0,NORMAL_BASELINE
SIM-CUST-001-NORMAL-0147,SIM-CUST-001,Kim Minjun,57393,2026-04-23T19:02:55,KR,Seoul,37.572776,126.966232,grocery-seoul-03,GROCERY,mobile-primary-sim-cust-001,CARD,19,3,0,0,0,0,0,NORMAL_BASELINE
SIM-CUST-002-NORMAL-0147,SIM-CUST-002,Lee Seoyeon,40529,2026-04-23T19:05:12,KR,Busan,35.183695,129.088434,cafe-busan-03,CAFE,mobile-primary-sim-cust-002,CARD,19,3,0,0,0,0,0,NORMAL_BASELINE
SIM-CUST-011-NORMAL-0147,SIM-CUST-011,Han Minjun,59747,2026-04-23T19:32:45,KR,Seoul,37.541975,126.978678,grocery-seoul-03,GROCERY,mobile-primary-sim-cust-011,E-PAY,19,3,0,0,0,0,0,NORMAL_BASELINE
SIM-CUST-017-NORMAL-0147,SIM-CUST-017,Ahn Hyunwoo,63948,2026-04-23T19:50:27,KR,Busan,35.20036,129.087813,medical-busan-03,MEDICAL,mobile-primary-sim-cust-017,E-PAY,19,3,0,0,0,0,0,NORMAL_BASELINE
SIM-CUST-005-NORMAL-0147,SIM-CUST-005,Jung Doyun,94204,2026-04-23T20:14:03,KR,Daejeon,36.335939,127.390976,cafe-daejeon-03,CAFE,mobile-primary-sim-cust-005,CARD,20,3,0,0,0,0,0,NORMAL_BASELINE
SIM-CUST-007-NORMAL-0147,SIM-CUST-007,Cho Hyunwoo,72156,2026-04-23T20:20:37,KR,Busan,35.179686,129.071142,online-busan-03,ONLINE,mobile-primary-sim-cust-007,E-PAY,20,3,0,0,0,0,0,NORMAL_BASELINE
SIM-CUST-010-NORMAL-0147,SIM-CUST-010,Lim Nari,43767,2026-04-23T20:29:28,KR,Daejeon,36.351327,127.368091,utility-daejeon-03,UTILITY,mobile-primary-sim-cust-010,CARD,20,3,0,0,0,0,0,NORMAL_BASELINE
SIM-CUST-015-NORMAL-0147,SIM-CUST-015,Kwon Doyun,101404,2026-04-23T20:44:53,KR,Daejeon,36.334509,127.359826,transport-daejeon-03,TRANSPORT,mobile-primary-sim-cust-015,ACCOUNT,20,3,0,0,0,0,0,NORMAL_BASELINE
SIM-CUST-019-NORMAL-0147,SIM-CUST-019,Hong Jiwon,163586,2026-04-23T20:56:01,KR,Daegu,35.890136,128.582167,cafe-daegu-03,CAFE,mobile-primary-sim-cust-019,CARD,20,3,0,0,0,0,0,NORMAL_BASELINE
SIM-CUST-003-NORMAL-0147,SIM-CUST-003,Park Jiho,75233,2026-04-23T21:08:29,KR,Incheon,37.432781,126.693866,grocery-incheon-03,GROCERY,mobile-primary-sim-cust-003,E-PAY,21,3,0,0,0,0,0,NORMAL_BASELINE
SIM-CUST-004-NORMAL-0148,SIM-CUST-004,Choi Haein,30649,2026-04-24T07:18:20,KR,Daegu,35.84979,128.589233,transport-daegu-04,TRANSPORT,mobile-primary-sim-cust-004,CARD,7,4,0,0,0,0,0,NORMAL_BASELINE
SIM-CUST-016-NORMAL-0148,SIM-CUST-016,Hwang Yuna,68012,2026-04-24T08:54:44,KR,Seoul,37.563755,126.984104,grocery-seoul-04,GROCERY,mobile-primary-sim-cust-016,CARD,8,4,0,0,0,0,0,NORMAL_BASELINE
SIM-CUST-001-NORMAL-0148,SIM-CUST-001,Kim Minjun,43433,2026-04-24T09:09:29,KR,Seoul,37.545253,126.953134,grocery-seoul-04,GROCERY,mobile-primary-sim-cust-001,CARD,9,4,0,0,0,0,0,NORMAL_BASELINE
SIM-CUST-002-NORMAL-0148,SIM-CUST-002,Lee Seoyeon,39322,2026-04-24T09:12:46,KR,Busan,35.195275,129.059354,cafe-busan-04,CAFE,mobile-primary-sim-cust-002,CARD,9,4,0,0,0,0,0,NORMAL_BASELINE
SIM-CUST-006-NORMAL-0148,SIM-CUST-006,Kang Yuna,112696,2026-04-24T09:24:54,KR,Seoul,37.546438,126.981551,transfer-seoul-04,TRANSFER,mobile-primary-sim-cust-006,ACCOUNT,9,4,0,0,0,0,0,NORMAL_BASELINE
SIM-CUST-012-NORMAL-0148,SIM-CUST-012,Oh Seoyeon,35407,2026-04-24T09:42:36,KR,Busan,35.195553,129.056837,dining-busan-04,DINING,mobile-primary-sim-cust-012,ACCOUNT,9,4,0,0,0,0,0,NORMAL_BASELINE
SIM-CUST-013-NORMAL-0148,SIM-CUST-013,Seo Jiho,103782,2026-04-24T09:45:53,KR,Incheon,37.449278,126.700601,online-incheon-04,ONLINE,mobile-primary-sim-cust-013,CARD,9,4,0,0,0,0,0,NORMAL_BASELINE
SIM-CUST-018-NORMAL-0148,SIM-CUST-018,Song Sumin,56602,2026-04-24T10:00:18,KR,Incheon,37.435959,126.699394,transfer-incheon-04,TRANSFER,mobile-primary-sim-cust-018,ACCOUNT,10,4,0,0,0,0,0,NORMAL_BASELINE
SIM-CUST-008-NORMAL-0148,SIM-CUST-008,Yoon Sumin,57927,2026-04-24T10:30:28,KR,Incheon,37.47874,126.697592,online-incheon-04,ONLINE,mobile-primary-sim-cust-008,CARD,10,4,0,0,0,0,0,NORMAL_BASELINE
SIM-CUST-005-NORMAL-0148,SIM-CUST-005,Jung Doyun,78192,2026-04-24T12:21:37,KR,Daejeon,36.330596,127.386388,online-daejeon-04,ONLINE,mobile-primary-sim-cust-005,CARD,12,4,0,0,0,0,0,NORMAL_BASELINE
SIM-CUST-011-NORMAL-0148,SIM-CUST-011,Han Minjun,52203,2026-04-24T12:39:19,KR,Seoul,37.569878,126.966368,cafe-seoul-04,CAFE,mobile-primary-sim-cust-011,E-PAY,12,4,0,0,0,0,0,NORMAL_BASELINE
SIM-CUST-017-NORMAL-0148,SIM-CUST-017,Ahn Hyunwoo,53553,2026-04-24T13:57:01,KR,Busan,35.174021,129.092341,medical-busan-04,MEDICAL,mobile-primary-sim-cust-017,E-PAY,13,4,0,0,0,0,0,NORMAL_BASELINE
SIM-CUST-009-NORMAL-0148,SIM-CUST-009,Jang Jiwon,132235,2026-04-24T14:33:45,KR,Daegu,35.863416,128.594162,transfer-daegu-04,TRANSFER,mobile-primary-sim-cust-009,ACCOUNT,14,4,0,0,0,0,0,NORMAL_BASELINE
SIM-CUST-020-NORMAL-0148,SIM-CUST-020,Moon Nari,39285,2026-04-24T18:06:52,KR,Daejeon,36.368251,127.38823,grocery-daejeon-04,GROCERY,mobile-primary-sim-cust-020,E-PAY,18,4,0,0,0,0,0,NORMAL_BASELINE
SIM-CUST-019-NORMAL-0148,SIM-CUST-019,Hong Jiwon,115787,2026-04-24T19:03:35,KR,Daegu,35.88325,128.603077,grocery-daegu-04,GROCERY,mobile-primary-sim-cust-019,CARD,19,4,0,0,0,0,0,NORMAL_BASELINE
SIM-CUST-010-NORMAL-0148,SIM-CUST-010,Lim Nari,47418,2026-04-24T19:36:02,KR,Daejeon,36.331857,127.380421,grocery-daejeon-04,GROCERY,mobile-primary-sim-cust-010,CARD,19,4,0,0,0,0,0,NORMAL_BASELINE
SIM-CUST-014-NORMAL-0148,SIM-CUST-014,Shin Haein,89667,2026-04-24T19:48:10,KR,Daegu,35.851549,128.587222,utility-daegu-04,UTILITY,mobile-primary-sim-cust-014,E-PAY,19,4,0,0,0,0,0,NORMAL_BASELINE
SIM-CUST-003-NORMAL-0148,SIM-CUST-003,Park Jiho,59431,2026-04-24T20:15:03,KR,Incheon,37.478357,126.701792,grocery-incheon-04,GROCERY,mobile-primary-sim-cust-003,E-PAY,20,4,0,0,0,0,0,NORMAL_BASELINE
SIM-CUST-007-NORMAL-0148,SIM-CUST-007,Cho Hyunwoo,59597,2026-04-24T21:27:11,KR,Busan,35.156493,129.074763,cafe-busan-04,CAFE,web-trusted-sim-cust-007,E-PAY,21,4,0,0,0,0,0,NORMAL_BASELINE
SIM-CUST-015-NORMAL-0148,SIM-CUST-015,Kwon Doyun,76633,2026-04-24T21:51:27,KR,Daejeon,36.328678,127.381101,grocery-daejeon-04,GROCERY,mobile-primary-sim-cust-015,ACCOUNT,21,4,0,0,0,0,0,NORMAL_BASELINE
SIM-CUST-001-A-BURST-01,SIM-CUST-001,Kim Minjun,121634,2026-04-25T01:05:23,KR,Seoul,37.5665,126.978,online-burst-01,ONLINE,burst-device-sim-cust-001,E-PAY,1,5,0,1,1,1,1,BURST_DAWN_NEW_DEVICE_METHOD
SIM-CUST-001-A-BURST-02,SIM-CUST-001,Kim Minjun,162607,2026-04-25T01:13:23,KR,Seoul,37.5665,126.978,online-burst-02,ONLINE,burst-device-sim-cust-001,E-PAY,1,5,0,1,1,1,1,BURST_DAWN_NEW_DEVICE_METHOD
SIM-CUST-001-A-BURST-03,SIM-CUST-001,Kim Minjun,168370,2026-04-25T01:21:23,KR,Seoul,37.5665,126.978,online-burst-03,ONLINE,burst-device-sim-cust-001,E-PAY,1,5,0,1,1,1,1,BURST_DAWN_NEW_DEVICE_METHOD
SIM-CUST-004-NORMAL-0149,SIM-CUST-004,Choi Haein,30288,2026-04-25T07:25:54,KR,Daegu,35.868311,128.597383,dining-daegu-05,DINING,mobile-primary-sim-cust-004,CARD,7,5,0,0,0,0,0,NORMAL_BASELINE
SIM-CUST-009-NORMAL-0149,SIM-CUST-009,Jang Jiwon,147877,2026-04-25T08:40:19,KR,Daegu,35.891216,128.61907,dining-daegu-05,DINING,mobile-primary-sim-cust-009,ACCOUNT,8,5,0,0,0,0,0,NORMAL_BASELINE
SIM-CUST-014-NORMAL-0149,SIM-CUST-014,Shin Haein,82772,2026-04-25T09:55:44,KR,Daegu,35.886244,128.605766,utility-daegu-05,UTILITY,mobile-primary-sim-cust-014,E-PAY,9,5,0,0,0,0,0,NORMAL_BASELINE
SIM-CUST-008-NORMAL-0149,SIM-CUST-008,Yoon Sumin,58209,2026-04-25T10:37:02,KR,Incheon,37.461948,126.705445,online-incheon-05,ONLINE,mobile-primary-sim-cust-008,CARD,10,5,0,0,0,0,0,NORMAL_BASELINE
SIM-CUST-001-NORMAL-0149,SIM-CUST-001,Kim Minjun,48607,2026-04-25T12:16:03,KR,Seoul,37.543132,126.967405,dining-seoul-05,DINING,mobile-primary-sim-cust-001,CARD,12,5,0,0,0,0,0,NORMAL_BASELINE
SIM-CUST-010-NORMAL-0149,SIM-CUST-010,Lim Nari,48448,2026-04-25T12:43:36,KR,Daejeon,36.335724,127.403022,grocery-daejeon-05,GROCERY,mobile-primary-sim-cust-010,CARD,12,5,0,0,0,0,0,NORMAL_BASELINE
SIM-CUST-015-NORMAL-0149,SIM-CUST-015,Kwon Doyun,93988,2026-04-25T12:58:01,KR,Daejeon,36.342522,127.393848,transport-daejeon-05,TRANSPORT,mobile-primary-sim-cust-015,ACCOUNT,12,5,0,0,0,0,0,NORMAL_BASELINE
SIM-CUST-020-NORMAL-0149,SIM-CUST-020,Moon Nari,42562,2026-04-25T13:13:26,KR,Daejeon,36.333096,127.401204,grocery-daejeon-05,GROCERY,mobile-primary-sim-cust-020,E-PAY,13,5,0,0,0,0,0,NORMAL_BASELINE
SIM-CUST-018-NORMAL-0149,SIM-CUST-018,Song Sumin,47903,2026-04-25T15:07:52,KR,Incheon,37.431906,126.686847,transfer-incheon-05,TRANSFER,mobile-primary-sim-cust-018,ACCOUNT,15,5,0,0,0,0,0,NORMAL_BASELINE
SIM-CUST-006-NORMAL-0149,SIM-CUST-006,Kang Yuna,118391,2026-04-25T15:31:28,KR,Seoul,37.576566,126.965797,cafe-seoul-05,CAFE,mobile-primary-sim-cust-006,ACCOUNT,15,5,0,0,0,0,0,NORMAL_BASELINE
SIM-CUST-012-NORMAL-0149,SIM-CUST-012,Oh Seoyeon,38198,2026-04-25T15:49:10,KR,Busan,35.175119,129.068211,cafe-busan-05,CAFE,mobile-primary-sim-cust-012,ACCOUNT,15,5,0,0,0,0,0,NORMAL_BASELINE
SIM-CUST-011-A-FOREIGN-HIGH,SIM-CUST-011,Han Minjun,650000,2026-04-25T18:17:49,CN,Shanghai,31.2304,121.4737,online-shanghai-fraud,ONLINE,unknown-mobile-sim-cust-011,E-PAY,18,5,1,1,0,0,1,FOREIGN_HIGH_AMOUNT_NEW_DEVICE
SIM-CUST-013-NORMAL-0149,SIM-CUST-013,Seo Jiho,95143,2026-04-25T18:52:27,KR,Incheon,37.465418,126.728087,online-incheon-05,ONLINE,mobile-primary-sim-cust-013,CARD,18,5,0,0,0,0,0,NORMAL_BASELINE
SIM-CUST-016-NORMAL-0149,SIM-CUST-016,Hwang Yuna,70452,2026-04-25T19:01:18,KR,Seoul,37.547514,126.999712,online-seoul-05,ONLINE,mobile-primary-sim-cust-016,CARD,19,5,0,0,0,0,0,NORMAL_BASELINE
SIM-CUST-002-NORMAL-0149,SIM-CUST-002,Lee Seoyeon,42342,2026-04-25T19:19:20,KR,Busan,35.186187,129.091175,grocery-busan-05,GROCERY,mobile-primary-sim-cust-002,CARD,19,5,0,0,0,0,0,NORMAL_BASELINE
SIM-CUST-007-NORMAL-0149,SIM-CUST-007,Cho Hyunwoo,69362,2026-04-25T19:34:45,KR,Busan,35.189125,129.057704,shopping-busan-05,SHOPPING,mobile-primary-sim-cust-007,E-PAY,19,5,0,0,0,0,0,NORMAL_BASELINE
SIM-CUST-017-NORMAL-0149,SIM-CUST-017,Ahn Hyunwoo,53315,2026-04-25T20:04:35,KR,Busan,35.199496,129.070232,medical-busan-05,MEDICAL,mobile-primary-sim-cust-017,E-PAY,20,5,0,0,0,0,0,NORMAL_BASELINE
SIM-CUST-019-NORMAL-0149,SIM-CUST-019,Hong Jiwon,133967,2026-04-25T20:10:09,KR,Daegu,35.891867,128.605433,grocery-daegu-05,GROCERY,mobile-primary-sim-cust-019,CARD,20,5,0,0,0,0,0,NORMAL_BASELINE
SIM-CUST-006-A-NEW-METHOD,SIM-CUST-006,Kang Yuna,517969,2026-04-25T20:17:24,KR,Seoul,37.5665,126.978,online-seoul-fraud,ONLINE,new-browser-sim-cust-006,E-PAY,20,5,0,1,1,0,1,NEW_DEVICE_PAYMENT_METHOD
SIM-CUST-005-NORMAL-0149,SIM-CUST-005,Jung Doyun,87549,2026-04-25T21:28:11,KR,Daejeon,36.347162,127.400338,online-daejeon-05,ONLINE,mobile-primary-sim-cust-005,CARD,21,5,0,0,0,0,0,NORMAL_BASELINE
SIM-CUST-011-NORMAL-0149,SIM-CUST-011,Han Minjun,57497,2026-04-25T21:46:53,KR,Seoul,37.580376,126.986911,cafe-seoul-05,CAFE,mobile-primary-sim-cust-011,E-PAY,21,5,0,0,0,0,0,NORMAL_BASELINE
SIM-CUST-003-NORMAL-0149,SIM-CUST-003,Park Jiho,62210,2026-04-25T22:22:37,KR,Incheon,37.469908,126.694969,cafe-incheon-05,CAFE,mobile-primary-sim-cust-003,E-PAY,22,5,0,0,0,0,0,NORMAL_BASELINE
SIM-CUST-002-NORMAL-0150,SIM-CUST-002,Lee Seoyeon,46540,2026-04-26T08:26:54,KR,Busan,35.156449,129.06068,dining-busan-06,DINING,mobile-primary-sim-cust-002,CARD,8,6,0,0,0,0,0,NORMAL_BASELINE
SIM-CUST-004-NORMAL-0150,SIM-CUST-004,Choi Haein,35224,2026-04-26T08:32:28,KR,Daegu,35.865336,128.603701,online-daegu-06,ONLINE,mobile-primary-sim-cust-004,CARD,8,6,0,0,0,0,0,NORMAL_BASELINE
SIM-CUST-016-NORMAL-0150,SIM-CUST-016,Hwang Yuna,71556,2026-04-26T09:08:52,KR,Seoul,37.571005,126.961369,shopping-seoul-06,SHOPPING,mobile-primary-sim-cust-016,CARD,9,6,0,0,0,0,0,NORMAL_BASELINE
SIM-CUST-008-NORMAL-0150,SIM-CUST-008,Yoon Sumin,57887,2026-04-26T09:44:36,KR,Incheon,37.431999,126.69105,medical-incheon-06,MEDICAL,mobile-primary-sim-cust-008,CARD,9,6,0,0,0,0,0,NORMAL_BASELINE
SIM-CUST-015-NORMAL-0150,SIM-CUST-015,Kwon Doyun,81861,2026-04-26T11:05:35,KR,Daejeon,36.33699,127.37486,transport-daejeon-06,TRANSPORT,mobile-primary-sim-cust-015,ACCOUNT,11,6,0,0,0,0,0,NORMAL_BASELINE
SIM-CUST-001-NORMAL-0150,SIM-CUST-001,Kim Minjun,50410,2026-04-26T11:23:37,KR,Seoul,37.575869,126.999196,dining-seoul-06,DINING,mobile-primary-sim-cust-001,CARD,11,6,0,0,0,0,0,NORMAL_BASELINE
SIM-CUST-003-NORMAL-0150,SIM-CUST-003,Park Jiho,60088,2026-04-26T11:29:11,KR,Incheon,37.439011,126.715784,dining-incheon-06,DINING,mobile-primary-sim-cust-003,E-PAY,11,6,0,0,0,0,0,NORMAL_BASELINE
SIM-CUST-005-NORMAL-0150,SIM-CUST-005,Jung Doyun,79216,2026-04-26T11:35:45,KR,Daejeon,36.348361,127.376086,dining-daejeon-06,DINING,mobile-primary-sim-cust-005,CARD,11,6,0,0,0,0,0,NORMAL_BASELINE
SIM-CUST-020-NORMAL-0150,SIM-CUST-020,Moon Nari,39128,2026-04-26T12:20:00,KR,Daejeon,36.37511,127.361409,grocery-daejeon-06,GROCERY,mobile-primary-sim-cust-020,E-PAY,12,6,0,0,0,0,0,NORMAL_BASELINE
SIM-CUST-014-NORMAL-0150,SIM-CUST-014,Shin Haein,101146,2026-04-26T13:02:18,KR,Daegu,35.876008,128.590262,utility-daegu-06,UTILITY,mobile-primary-sim-cust-014,E-PAY,13,6,0,0,0,0,0,NORMAL_BASELINE
SIM-CUST-006-NORMAL-0150,SIM-CUST-006,Kang Yuna,128783,2026-04-26T14:38:02,KR,Seoul,37.542154,126.999052,transfer-seoul-06,TRANSFER,mobile-primary-sim-cust-006,ACCOUNT,14,6,0,0,0,0,0,NORMAL_BASELINE
SIM-CUST-009-NORMAL-0150,SIM-CUST-009,Jang Jiwon,137755,2026-04-26T14:47:53,KR,Daegu,35.848921,128.623713,cafe-daegu-06,CAFE,mobile-primary-sim-cust-009,ACCOUNT,14,6,0,0,0,0,0,NORMAL_BASELINE
SIM-CUST-018-NORMAL-0150,SIM-CUST-018,Song Sumin,54778,2026-04-26T15:14:26,KR,Incheon,37.472596,126.687782,cafe-incheon-06,CAFE,mobile-primary-sim-cust-018,ACCOUNT,15,6,0,0,0,0,0,NORMAL_BASELINE
SIM-CUST-012-NORMAL-0150,SIM-CUST-012,Oh Seoyeon,44663,2026-04-26T16:56:44,KR,Busan,35.171391,129.096917,grocery-busan-06,GROCERY,mobile-primary-sim-cust-012,ACCOUNT,16,6,0,0,0,0,0,NORMAL_BASELINE
SIM-CUST-010-NORMAL-0150,SIM-CUST-010,Lim Nari,48334,2026-04-26T18:50:10,KR,Daejeon,36.349139,127.389685,grocery-daejeon-06,GROCERY,mobile-primary-sim-cust-010,CARD,18,6,0,0,0,0,0,NORMAL_BASELINE
SIM-CUST-019-NORMAL-0150,SIM-CUST-019,Hong Jiwon,125398,2026-04-26T19:17:43,KR,Daegu,35.85539,128.62019,online-daegu-06,ONLINE,mobile-primary-sim-cust-019,CARD,19,6,0,0,0,0,0,NORMAL_BASELINE
SIM-CUST-011-NORMAL-0150,SIM-CUST-011,Han Minjun,57138,2026-04-26T19:53:27,KR,Seoul,37.590812,126.992923,dining-seoul-06,DINING,mobile-primary-sim-cust-011,E-PAY,19,6,0,0,0,0,0,NORMAL_BASELINE
SIM-CUST-013-NORMAL-0150,SIM-CUST-013,Seo Jiho,102810,2026-04-26T19:59:01,KR,Incheon,37.47292,126.708719,cafe-incheon-06,CAFE,mobile-primary-sim-cust-013,CARD,19,6,0,0,0,0,0,NORMAL_BASELINE
SIM-CUST-017-NORMAL-0150,SIM-CUST-017,Ahn Hyunwoo,53154,2026-04-26T21:11:09,KR,Busan,35.184768,129.08317,medical-busan-06,MEDICAL,mobile-primary-sim-cust-017,E-PAY,21,6,0,0,0,0,0,NORMAL_BASELINE
SIM-CUST-007-NORMAL-0150,SIM-CUST-007,Cho Hyunwoo,80775,2026-04-26T21:41:19,KR,Busan,35.193543,129.073847,transport-busan-06,TRANSPORT,mobile-primary-sim-cust-007,E-PAY,21,6,0,0,0,0,0,NORMAL_BASELINE
SIM-CUST-016-NORMAL-0151,SIM-CUST-016,Hwang Yuna,73139,2026-04-27T07:15:26,KR,Seoul,37.591367,126.999,grocery-seoul-07,GROCERY,mobile-primary-sim-cust-016,CARD,7,0,0,0,0,0,0,NORMAL_BASELINE
SIM-CUST-004-NORMAL-0151,SIM-CUST-004,Choi Haein,39215,2026-04-27T07:39:02,KR,Daegu,35.875303,128.614312,online-daegu-07,ONLINE,mobile-primary-sim-cust-004,CARD,7,0,0,0,0,0,0,NORMAL_BASELINE
SIM-CUST-002-NORMAL-0151,SIM-CUST-002,Lee Seoyeon,41957,2026-04-27T09:33:28,KR,Busan,35.170104,129.070511,online-busan-07,ONLINE,mobile-primary-sim-cust-002,CARD,9,0,0,0,0,0,0,NORMAL_BASELINE
SIM-CUST-007-NORMAL-0151,SIM-CUST-007,Cho Hyunwoo,77435,2026-04-27T10:48:53,KR,Busan,35.166862,129.082133,grocery-busan-07,GROCERY,mobile-primary-sim-cust-007,E-PAY,10,0,0,0,0,0,0,NORMAL_BASELINE
SIM-CUST-008-NORMAL-0151,SIM-CUST-008,Yoon Sumin,54591,2026-04-27T10:51:10,KR,Incheon,37.469001,126.680416,transport-incheon-07,TRANSPORT,web-trusted-sim-cust-008,CARD,10,0,0,0,0,0,0,NORMAL_BASELINE
SIM-CUST-005-NORMAL-0151,SIM-CUST-005,Jung Doyun,82959,2026-04-27T11:42:19,KR,Daejeon,36.337995,127.363022,dining-daejeon-07,DINING,mobile-primary-sim-cust-005,CARD,11,0,0,0,0,0,0,NORMAL_BASELINE
SIM-CUST-013-NORMAL-0151,SIM-CUST-013,Seo Jiho,103483,2026-04-27T12:06:35,KR,Incheon,37.476288,126.722871,grocery-incheon-07,GROCERY,mobile-primary-sim-cust-013,CARD,12,0,0,0,0,0,0,NORMAL_BASELINE
SIM-CUST-015-NORMAL-0151,SIM-CUST-015,Kwon Doyun,94511,2026-04-27T12:12:09,KR,Daejeon,36.330546,127.374503,transport-daejeon-07,TRANSPORT,mobile-primary-sim-cust-015,ACCOUNT,12,0,0,0,0,0,0,NORMAL_BASELINE
SIM-CUST-009-NORMAL-0151,SIM-CUST-009,Jang Jiwon,167614,2026-04-27T13:54:27,KR,Daegu,35.895133,128.615483,transport-daegu-07,TRANSPORT,mobile-primary-sim-cust-009,ACCOUNT,13,0,0,0,0,0,0,NORMAL_BASELINE
SIM-CUST-012-NORMAL-0151,SIM-CUST-012,Oh Seoyeon,38641,2026-04-27T15:03:18,KR,Busan,35.184345,129.077738,grocery-busan-07,GROCERY,mobile-primary-sim-cust-012,ACCOUNT,15,0,0,0,0,0,0,NORMAL_BASELINE
SIM-CUST-006-NORMAL-0151,SIM-CUST-006,Kang Yuna,137462,2026-04-27T15:45:36,KR,Seoul,37.564903,126.984946,utility-seoul-07,UTILITY,mobile-primary-sim-cust-006,ACCOUNT,15,0,0,0,0,0,0,NORMAL_BASELINE
SIM-CUST-018-NORMAL-0151,SIM-CUST-018,Song Sumin,64849,2026-04-27T16:21:00,KR,Incheon,37.441831,126.729751,cafe-incheon-07,CAFE,mobile-primary-sim-cust-018,ACCOUNT,16,0,0,0,0,0,0,NORMAL_BASELINE
SIM-CUST-010-NORMAL-0151,SIM-CUST-010,Lim Nari,47968,2026-04-27T18:57:44,KR,Daejeon,36.359642,127.373272,cafe-daejeon-07,CAFE,mobile-primary-sim-cust-010,CARD,18,0,0,0,0,0,0,NORMAL_BASELINE
SIM-CUST-014-NORMAL-0151,SIM-CUST-014,Shin Haein,102863,2026-04-27T19:09:52,KR,Daegu,35.87007,128.584805,online-daegu-07,ONLINE,mobile-primary-sim-cust-014,E-PAY,19,0,0,0,0,0,0,NORMAL_BASELINE
SIM-CUST-020-NORMAL-0151,SIM-CUST-020,Moon Nari,45734,2026-04-27T19:27:34,KR,Daejeon,36.325433,127.391677,cafe-daejeon-07,CAFE,mobile-primary-sim-cust-020,E-PAY,19,0,0,0,0,0,0,NORMAL_BASELINE
SIM-CUST-011-NORMAL-0151,SIM-CUST-011,Han Minjun,71104,2026-04-27T20:00:01,KR,Seoul,37.56753,126.988923,cafe-seoul-07,CAFE,mobile-primary-sim-cust-011,E-PAY,20,0,0,0,0,0,0,NORMAL_BASELINE
SIM-CUST-017-NORMAL-0151,SIM-CUST-017,Ahn Hyunwoo,57895,2026-04-27T20:18:43,KR,Busan,35.160235,129.069973,dining-busan-07,DINING,mobile-primary-sim-cust-017,E-PAY,20,0,0,0,0,0,0,NORMAL_BASELINE
SIM-CUST-019-NORMAL-0151,SIM-CUST-019,Hong Jiwon,159863,2026-04-27T20:24:17,KR,Daegu,35.871821,128.606745,grocery-daegu-07,GROCERY,mobile-primary-sim-cust-019,CARD,20,0,0,0,0,0,0,NORMAL_BASELINE
SIM-CUST-001-NORMAL-0151,SIM-CUST-001,Kim Minjun,54161,2026-04-27T20:30:11,KR,Seoul,37.581695,126.962891,online-seoul-07,ONLINE,mobile-primary-sim-cust-001,CARD,20,0,0,0,0,0,0,NORMAL_BASELINE
SIM-CUST-003-NORMAL-0151,SIM-CUST-003,Park Jiho,67559,2026-04-27T22:36:45,KR,Incheon,37.449335,126.684776,online-incheon-07,ONLINE,mobile-primary-sim-cust-003,E-PAY,22,0,0,0,0,0,0,NORMAL_BASELINE
SIM-CUST-006-A-DAWN-TRANSFER,SIM-CUST-006,Kang Yuna,749411,2026-04-28T03:17:42,KR,Seoul,37.5665,126.978,transfer-seoul-fraud,TRANSFER,mobile-primary-sim-cust-006,ACCOUNT,3,1,0,0,0,1,1,DAWN_HIGH_TRANSFER
SIM-CUST-004-NORMAL-0152,SIM-CUST-004,Choi Haein,34356,2026-04-28T08:46:36,KR,Daegu,35.888688,128.591145,transport-daegu-08,TRANSPORT,mobile-primary-sim-cust-004,CARD,8,1,0,0,0,0,0,NORMAL_BASELINE
SIM-CUST-014-NORMAL-0152,SIM-CUST-014,Shin Haein,92996,2026-04-28T09:16:26,KR,Daegu,35.886568,128.583725,transport-daegu-08,TRANSPORT,mobile-primary-sim-cust-014,E-PAY,9,1,0,0,0,0,0,NORMAL_BASELINE
SIM-CUST-019-NORMAL-0152,SIM-CUST-019,Hong Jiwon,153548,2026-04-28T09:31:51,KR,Daegu,35.863356,128.603278,grocery-daegu-08,GROCERY,mobile-primary-sim-cust-019,CARD,9,1,0,0,0,0,0,NORMAL_BASELINE
SIM-CUST-001-NORMAL-0152,SIM-CUST-001,Kim Minjun,57073,2026-04-28T09:37:45,KR,Seoul,37.586921,126.994332,cafe-seoul-08,CAFE,mobile-primary-sim-cust-001,CARD,9,1,0,0,0,0,0,NORMAL_BASELINE
SIM-CUST-008-NORMAL-0152,SIM-CUST-008,Yoon Sumin,67608,2026-04-28T09:58:44,KR,Incheon,37.473865,126.703936,utility-incheon-08,UTILITY,mobile-primary-sim-cust-008,CARD,9,1,0,0,0,0,0,NORMAL_BASELINE
SIM-CUST-018-NORMAL-0152,SIM-CUST-018,Song Sumin,57125,2026-04-28T10:28:34,KR,Incheon,37.455433,126.683504,online-incheon-08,ONLINE,mobile-primary-sim-cust-018,ACCOUNT,10,1,0,0,0,0,0,NORMAL_BASELINE
SIM-CUST-007-NORMAL-0152,SIM-CUST-007,Cho Hyunwoo,79217,2026-04-28T10:55:27,KR,Busan,35.183581,129.081252,dining-busan-08,DINING,mobile-primary-sim-cust-007,E-PAY,10,1,0,0,0,0,0,NORMAL_BASELINE
SIM-CUST-017-NORMAL-0152,SIM-CUST-017,Ahn Hyunwoo,70401,2026-04-28T11:25:17,KR,Busan,35.164607,129.07911,dining-busan-08,DINING,mobile-primary-sim-cust-017,E-PAY,11,1,0,0,0,0,0,NORMAL_BASELINE
SIM-CUST-010-NORMAL-0152,SIM-CUST-010,Lim Nari,49217,2026-04-28T12:04:18,KR,Daejeon,36.366629,127.389742,transport-daejeon-08,TRANSPORT,mobile-primary-sim-cust-010,CARD,12,1,0,0,0,0,0,NORMAL_BASELINE
SIM-CUST-011-NORMAL-0152,SIM-CUST-011,Han Minjun,72453,2026-04-28T12:07:35,KR,Seoul,37.588873,126.973326,cafe-seoul-08,CAFE,mobile-primary-sim-cust-011,E-PAY,12,1,0,0,0,0,0,NORMAL_BASELINE
SIM-CUST-003-NORMAL-0152,SIM-CUST-003,Park Jiho,76564,2026-04-28T12:43:19,KR,Incheon,37.436412,126.684565,grocery-incheon-08,GROCERY,mobile-primary-sim-cust-003,E-PAY,12,1,0,0,0,0,0,NORMAL_BASELINE
SIM-CUST-005-NORMAL-0152,SIM-CUST-005,Jung Doyun,91314,2026-04-28T12:49:53,KR,Daejeon,36.347956,127.379722,utility-daejeon-08,UTILITY,mobile-primary-sim-cust-005,CARD,12,1,0,0,0,0,0,NORMAL_BASELINE
SIM-CUST-009-NORMAL-0152,SIM-CUST-009,Jang Jiwon,181718,2026-04-28T14:01:01,KR,Daegu,35.887581,128.578498,dining-daegu-08,DINING,mobile-primary-sim-cust-009,ACCOUNT,14,1,0,0,0,0,0,NORMAL_BASELINE
SIM-CUST-006-NORMAL-0152,SIM-CUST-006,Kang Yuna,146262,2026-04-28T14:52:10,KR,Seoul,37.562298,126.971453,cafe-seoul-08,CAFE,mobile-primary-sim-cust-006,ACCOUNT,14,1,0,0,0,0,0,NORMAL_BASELINE
SIM-CUST-012-NORMAL-0152,SIM-CUST-012,Oh Seoyeon,45123,2026-04-28T15:10:52,KR,Busan,35.188614,129.082305,dining-busan-08,DINING,mobile-primary-sim-cust-012,ACCOUNT,15,1,0,0,0,0,0,NORMAL_BASELINE
SIM-CUST-016-NORMAL-0152,SIM-CUST-016,Hwang Yuna,75088,2026-04-28T18:22:00,KR,Seoul,37.560942,126.975397,utility-seoul-08,UTILITY,mobile-primary-sim-cust-016,CARD,18,1,0,0,0,0,0,NORMAL_BASELINE
SIM-CUST-002-NORMAL-0152,SIM-CUST-002,Lee Seoyeon,40638,2026-04-28T18:40:02,KR,Busan,35.186945,129.064906,grocery-busan-08,GROCERY,mobile-primary-sim-cust-002,CARD,18,1,0,0,0,0,0,NORMAL_BASELINE
SIM-CUST-020-NORMAL-0152,SIM-CUST-020,Moon Nari,42793,2026-04-28T19:34:08,KR,Daejeon,36.327994,127.372966,cafe-daejeon-08,CAFE,mobile-primary-sim-cust-020,E-PAY,19,1,0,0,0,0,0,NORMAL_BASELINE
SIM-CUST-013-NORMAL-0152,SIM-CUST-013,Seo Jiho,109476,2026-04-28T20:13:09,KR,Incheon,37.450106,126.683743,online-incheon-08,ONLINE,mobile-primary-sim-cust-013,CARD,20,1,0,0,0,0,0,NORMAL_BASELINE
SIM-CUST-015-NORMAL-0152,SIM-CUST-015,Kwon Doyun,101533,2026-04-28T21:19:43,KR,Daejeon,36.341588,127.369095,transport-daejeon-08,TRANSPORT,mobile-primary-sim-cust-015,ACCOUNT,21,1,0,0,0,0,0,NORMAL_BASELINE
SIM-CUST-016-NORMAL-0153,SIM-CUST-016,Hwang Yuna,69221,2026-04-29T07:29:34,KR,Seoul,37.553811,126.960069,cafe-seoul-09,CAFE,mobile-primary-sim-cust-016,CARD,7,2,0,0,0,0,0,NORMAL_BASELINE
SIM-CUST-009-NORMAL-0153,SIM-CUST-009,Jang Jiwon,155388,2026-04-29T08:08:35,KR,Daegu,35.856669,128.594482,transfer-daegu-09,TRANSFER,mobile-primary-sim-cust-009,ACCOUNT,8,2,0,0,0,0,0,NORMAL_BASELINE
SIM-CUST-020-NORMAL-0153,SIM-CUST-020,Moon Nari,51463,2026-04-29T08:41:42,KR,Daejeon,36.363178,127.379008,cafe-daejeon-09,CAFE,mobile-primary-sim-cust-020,E-PAY,8,2,0,0,0,0,0,NORMAL_BASELINE
SIM-CUST-002-NORMAL-0153,SIM-CUST-002,Lee Seoyeon,45491,2026-04-29T08:47:36,KR,Busan,35.160824,129.069001,online-busan-09,ONLINE,mobile-primary-sim-cust-002,CARD,8,2,0,0,0,0,0,NORMAL_BASELINE
SIM-CUST-013-NORMAL-0153,SIM-CUST-013,Seo Jiho,116126,2026-04-29T09:20:43,KR,Incheon,37.436346,126.705136,online-incheon-09,ONLINE,mobile-primary-sim-cust-013,CARD,9,2,0,0,0,0,0,NORMAL_BASELINE
SIM-CUST-014-NORMAL-0153,SIM-CUST-014,Shin Haein,94281,2026-04-29T09:23:00,KR,Daegu,35.850289,128.624892,grocery-daegu-09,GROCERY,mobile-primary-sim-cust-014,E-PAY,9,2,0,0,0,0,0,NORMAL_BASELINE
SIM-CUST-001-NORMAL-0153,SIM-CUST-001,Kim Minjun,61221,2026-04-29T09:44:19,KR,Seoul,37.571252,126.994212,grocery-seoul-09,GROCERY,mobile-primary-sim-cust-001,CARD,9,2,0,0,0,0,0,NORMAL_BASELINE
SIM-CUST-004-NORMAL-0153,SIM-CUST-004,Choi Haein,35966,2026-04-29T09:53:10,KR,Daegu,35.86349,128.620797,transport-daegu-09,TRANSPORT,mobile-primary-sim-cust-004,CARD,9,2,0,0,0,0,0,NORMAL_BASELINE
SIM-CUST-006-NORMAL-0153,SIM-CUST-006,Kang Yuna,130100,2026-04-29T09:59:44,KR,Seoul,37.543533,126.956519,online-seoul-09,ONLINE,mobile-primary-sim-cust-006,ACCOUNT,9,2,0,0,0,0,0,NORMAL_BASELINE
SIM-CUST-019-NORMAL-0153,SIM-CUST-019,Hong Jiwon,159326,2026-04-29T11:38:25,KR,Daegu,35.887806,128.578601,grocery-daegu-09,GROCERY,mobile-primary-sim-cust-019,CARD,11,2,0,0,0,0,0,NORMAL_BASELINE
SIM-CUST-010-NORMAL-0153,SIM-CUST-010,Lim Nari,56768,2026-04-29T13:11:52,KR,Daejeon,36.369362,127.38251,grocery-daejeon-09,GROCERY,mobile-primary-sim-cust-010,CARD,13,2,0,0,0,0,0,NORMAL_BASELINE
SIM-CUST-011-NORMAL-0153,SIM-CUST-011,Han Minjun,71593,2026-04-29T13:14:09,KR,Seoul,37.545335,126.965002,online-seoul-09,ONLINE,mobile-primary-sim-cust-011,E-PAY,13,2,0,0,0,0,0,NORMAL_BASELINE
SIM-CUST-005-NORMAL-0153,SIM-CUST-005,Jung Doyun,100884,2026-04-29T13:56:27,KR,Daejeon,36.352142,127.391571,dining-daejeon-09,DINING,mobile-primary-sim-cust-005,CARD,13,2,0,0,0,0,0,NORMAL_BASELINE
SIM-CUST-018-NORMAL-0153,SIM-CUST-018,Song Sumin,57845,2026-04-29T15:35:08,KR,Incheon,37.464931,126.685912,utility-incheon-09,UTILITY,mobile-primary-sim-cust-018,ACCOUNT,15,2,0,0,0,0,0,NORMAL_BASELINE
SIM-CUST-008-NORMAL-0153,SIM-CUST-008,Yoon Sumin,66495,2026-04-29T16:05:18,KR,Incheon,37.436666,126.721937,medical-incheon-09,MEDICAL,mobile-primary-sim-cust-008,CARD,16,2,0,0,0,0,0,NORMAL_BASELINE
SIM-CUST-012-NORMAL-0153,SIM-CUST-012,Oh Seoyeon,49474,2026-04-29T16:17:26,KR,Busan,35.159561,129.054981,utility-busan-09,UTILITY,mobile-primary-sim-cust-012,ACCOUNT,16,2,0,0,0,0,0,NORMAL_BASELINE
SIM-CUST-007-NORMAL-0153,SIM-CUST-007,Cho Hyunwoo,72128,2026-04-29T19:02:01,KR,Busan,35.177302,129.095903,cafe-busan-09,CAFE,mobile-primary-sim-cust-007,E-PAY,19,2,0,0,0,0,0,NORMAL_BASELINE
SIM-CUST-015-NORMAL-0153,SIM-CUST-015,Kwon Doyun,109739,2026-04-29T20:26:17,KR,Daejeon,36.355906,127.367357,dining-daejeon-09,DINING,mobile-primary-sim-cust-015,ACCOUNT,20,2,0,0,0,0,0,NORMAL_BASELINE
SIM-CUST-003-NORMAL-0153,SIM-CUST-003,Park Jiho,75866,2026-04-29T20:50:53,KR,Incheon,37.451702,126.681513,grocery-incheon-09,GROCERY,mobile-primary-sim-cust-003,E-PAY,20,2,0,0,0,0,0,NORMAL_BASELINE
SIM-CUST-017-NORMAL-0153,SIM-CUST-017,Ahn Hyunwoo,70191,2026-04-29T21:32:51,KR,Busan,35.165317,129.080263,medical-busan-09,MEDICAL,mobile-primary-sim-cust-017,E-PAY,21,2,0,0,0,0,0,NORMAL_BASELINE
SIM-CUST-004-NORMAL-0154,SIM-CUST-004,Choi Haein,41553,2026-04-30T08:00:44,KR,Daegu,35.891306,128.581055,dining-daegu-10,DINING,mobile-primary-sim-cust-004,CARD,8,3,0,0,0,0,0,NORMAL_BASELINE
SIM-CUST-012-NORMAL-0154,SIM-CUST-012,Oh Seoyeon,41481,2026-04-30T09:24:00,KR,Busan,35.201225,129.055784,dining-busan-10,DINING,mobile-primary-sim-cust-012,ACCOUNT,9,3,0,0,0,0,0,NORMAL_BASELINE
SIM-CUST-013-NORMAL-0154,SIM-CUST-013,Seo Jiho,115101,2026-04-30T09:27:17,KR,Incheon,37.442501,126.727231,cafe-incheon-10,CAFE,mobile-primary-sim-cust-013,CARD,9,3,0,0,0,0,0,NORMAL_BASELINE
SIM-CUST-014-NORMAL-0154,SIM-CUST-014,Shin Haein,109165,2026-04-30T09:30:34,KR,Daegu,35.879642,128.592754,grocery-daegu-10,GROCERY,mobile-primary-sim-cust-014,E-PAY,9,3,0,0,0,0,0,NORMAL_BASELINE
SIM-CUST-011-NORMAL-0154,SIM-CUST-011,Han Minjun,64432,2026-04-30T11:21:43,KR,Seoul,37.57867,126.980708,cafe-seoul-10,CAFE,mobile-primary-sim-cust-011,E-PAY,11,3,0,0,0,0,0,NORMAL_BASELINE
SIM-CUST-001-NORMAL-0154,SIM-CUST-001,Kim Minjun,58927,2026-04-30T11:51:53,KR,Seoul,37.556705,126.973125,grocery-seoul-10,GROCERY,mobile-primary-sim-cust-001,CARD,11,3,0,0,0,0,0,NORMAL_BASELINE
SIM-CUST-019-NORMAL-0154,SIM-CUST-019,Hong Jiwon,151931,2026-04-30T12:45:59,KR,Daegu,35.886544,128.587425,online-daegu-10,ONLINE,mobile-primary-sim-cust-019,CARD,12,3,0,0,0,0,0,NORMAL_BASELINE
SIM-CUST-003-NORMAL-0154,SIM-CUST-003,Park Jiho,79400,2026-04-30T12:57:27,KR,Incheon,37.470522,126.723386,cafe-incheon-10,CAFE,mobile-primary-sim-cust-003,E-PAY,12,3,0,0,0,0,0,NORMAL_BASELINE
SIM-CUST-017-NORMAL-0154,SIM-CUST-017,Ahn Hyunwoo,62337,2026-04-30T13:39:25,KR,Busan,35.185906,129.078942,grocery-busan-10,GROCERY,mobile-primary-sim-cust-017,E-PAY,13,3,0,0,0,0,0,NORMAL_BASELINE
SIM-CUST-002-NORMAL-0154,SIM-CUST-002,Lee Seoyeon,53648,2026-04-30T13:54:10,KR,Busan,35.173932,129.099286,dining-busan-10,DINING,mobile-primary-sim-cust-002,CARD,13,3,0,0,0,0,0,NORMAL_BASELINE
SIM-CUST-006-NORMAL-0154,SIM-CUST-006,Kang Yuna,133163,2026-04-30T14:06:18,KR,Seoul,37.567474,126.958061,transfer-seoul-10,TRANSFER,mobile-primary-sim-cust-006,ACCOUNT,14,3,0,0,0,0,0,NORMAL_BASELINE
SIM-CUST-008-NORMAL-0154,SIM-CUST-008,Yoon Sumin,66436,2026-04-30T15:12:52,KR,Incheon,37.451679,126.71827,grocery-incheon-10,GROCERY,mobile-primary-sim-cust-008,CARD,15,3,0,0,0,0,0,NORMAL_BASELINE
SIM-CUST-009-NORMAL-0154,SIM-CUST-009,Jang Jiwon,174515,2026-04-30T15:15:09,KR,Daegu,35.871695,128.613028,transfer-daegu-10,TRANSFER,web-trusted-sim-cust-009,ACCOUNT,15,3,0,0,0,0,0,NORMAL_BASELINE
SIM-CUST-018-NORMAL-0154,SIM-CUST-018,Song Sumin,62664,2026-04-30T15:42:42,KR,Incheon,37.467696,126.698806,online-incheon-10,ONLINE,mobile-primary-sim-cust-018,ACCOUNT,15,3,0,0,0,0,0,NORMAL_BASELINE
SIM-CUST-006-A-FOREIGN-HIGH,SIM-CUST-006,Kang Yuna,1095004,2026-04-30T18:17:34,JP,Tokyo,35.6762,139.6503,hotel-tokyo-fraud,HOTEL,unknown-mobile-sim-cust-006,ACCOUNT,18,3,1,1,0,0,1,FOREIGN_HIGH_AMOUNT_NEW_DEVICE
SIM-CUST-016-NORMAL-0154,SIM-CUST-016,Hwang Yuna,78113,2026-04-30T18:36:08,KR,Seoul,37.559416,126.998831,shopping-seoul-10,SHOPPING,mobile-primary-sim-cust-016,CARD,18,3,0,0,0,0,0,NORMAL_BASELINE
SIM-CUST-020-NORMAL-0154,SIM-CUST-020,Moon Nari,51233,2026-04-30T19:48:16,KR,Daejeon,36.35386,127.361032,cafe-daejeon-10,CAFE,mobile-primary-sim-cust-020,E-PAY,19,3,0,0,0,0,0,NORMAL_BASELINE
SIM-CUST-005-NORMAL-0154,SIM-CUST-005,Jung Doyun,106276,2026-04-30T20:03:01,KR,Daejeon,36.327676,127.401913,dining-daejeon-10,DINING,mobile-primary-sim-cust-005,CARD,20,3,0,0,0,0,0,NORMAL_BASELINE
SIM-CUST-010-NORMAL-0154,SIM-CUST-010,Lim Nari,48494,2026-04-30T20:18:26,KR,Daejeon,36.357715,127.405445,utility-daejeon-10,UTILITY,mobile-primary-sim-cust-010,CARD,20,3,0,0,0,0,0,NORMAL_BASELINE
SIM-CUST-007-NORMAL-0154,SIM-CUST-007,Cho Hyunwoo,82910,2026-04-30T21:09:35,KR,Busan,35.202629,129.090511,dining-busan-10,DINING,mobile-primary-sim-cust-007,E-PAY,21,3,0,0,0,0,0,NORMAL_BASELINE
SIM-CUST-001-A-NEW-METHOD,SIM-CUST-001,Kim Minjun,180000,2026-04-30T21:17:09,KR,Seoul,37.5665,126.978,online-seoul-fraud,ONLINE,new-browser-sim-cust-001,E-PAY,21,3,0,1,1,0,1,NEW_DEVICE_PAYMENT_METHOD
SIM-CUST-015-NORMAL-0154,SIM-CUST-015,Kwon Doyun,108822,2026-04-30T21:33:51,KR,Daejeon,36.364837,127.398488,transport-daejeon-10,TRANSPORT,mobile-primary-sim-cust-015,ACCOUNT,21,3,0,0,0,0,0,NORMAL_BASELINE
SIM-CUST-009-NORMAL-0155,SIM-CUST-009,Jang Jiwon,148917,2026-05-01T08:22:43,KR,Daegu,35.887358,128.582549,transfer-daegu-11,TRANSFER,mobile-primary-sim-cust-009,ACCOUNT,8,4,0,0,0,0,0,NORMAL_BASELINE
SIM-CUST-020-NORMAL-0155,SIM-CUST-020,Moon Nari,46696,2026-05-01T08:55:50,KR,Daejeon,36.334195,127.396824,cafe-daejeon-11,CAFE,mobile-primary-sim-cust-020,E-PAY,8,4,0,0,0,0,0,NORMAL_BASELINE
SIM-CUST-003-NORMAL-0155,SIM-CUST-003,Park Jiho,65714,2026-05-01T10:04:01,KR,Incheon,37.435535,126.725257,online-incheon-11,ONLINE,mobile-primary-sim-cust-003,E-PAY,10,4,0,0,0,0,0,NORMAL_BASELINE
SIM-CUST-006-NORMAL-0155,SIM-CUST-006,Kang Yuna,115007,2026-05-01T10:13:52,KR,Seoul,37.56781,126.965438,cafe-seoul-11,CAFE,mobile-primary-sim-cust-006,ACCOUNT,10,4,0,0,0,0,0,NORMAL_BASELINE
SIM-CUST-008-NORMAL-0155,SIM-CUST-008,Yoon Sumin,52291,2026-05-01T11:19:26,KR,Incheon,37.438096,126.718314,medical-incheon-11,MEDICAL,mobile-primary-sim-cust-008,CARD,11,4,0,0,0,0,0,NORMAL_BASELINE
SIM-CUST-001-NORMAL-0155,SIM-CUST-001,Kim Minjun,51539,2026-05-01T11:58:27,KR,Seoul,37.545522,126.954993,grocery-seoul-11,GROCERY,mobile-primary-sim-cust-001,CARD,11,4,0,0,0,0,0,NORMAL_BASELINE
SIM-CUST-015-NORMAL-0155,SIM-CUST-015,Kwon Doyun,86222,2026-05-01T12:40:25,KR,Daejeon,36.372116,127.401222,transport-daejeon-11,TRANSPORT,mobile-primary-sim-cust-015,ACCOUNT,12,4,0,0,0,0,0,NORMAL_BASELINE
SIM-CUST-002-NORMAL-0155,SIM-CUST-002,Lee Seoyeon,41349,2026-05-01T13:01:44,KR,Busan,35.194465,129.063936,dining-busan-11,DINING,mobile-primary-sim-cust-002,CARD,13,4,0,0,0,0,0,NORMAL_BASELINE
SIM-CUST-005-NORMAL-0155,SIM-CUST-005,Jung Doyun,79252,2026-05-01T13:10:35,KR,Daejeon,36.364745,127.374568,utility-daejeon-11,UTILITY,mobile-primary-sim-cust-005,CARD,13,4,0,0,0,0,0,NORMAL_BASELINE
SIM-CUST-017-NORMAL-0155,SIM-CUST-017,Ahn Hyunwoo,53763,2026-05-01T13:46:59,KR,Busan,35.155218,129.092079,medical-busan-11,MEDICAL,mobile-primary-sim-cust-017,E-PAY,13,4,0,0,0,0,0,NORMAL_BASELINE
SIM-CUST-018-NORMAL-0155,SIM-CUST-018,Song Sumin,53357,2026-05-01T15:49:16,KR,Incheon,37.459228,126.724659,utility-incheon-11,UTILITY,mobile-primary-sim-cust-018,ACCOUNT,15,4,0,0,0,0,0,NORMAL_BASELINE
SIM-CUST-012-NORMAL-0155,SIM-CUST-012,Oh Seoyeon,36863,2026-05-01T16:31:34,KR,Busan,35.176805,129.079662,utility-busan-11,UTILITY,mobile-primary-sim-cust-012,ACCOUNT,16,4,0,0,0,0,0,NORMAL_BASELINE
SIM-CUST-010-NORMAL-0155,SIM-CUST-010,Lim Nari,48975,2026-05-01T18:25:00,KR,Daejeon,36.340272,127.390151,dining-daejeon-11,DINING,mobile-primary-sim-cust-010,CARD,18,4,0,0,0,0,0,NORMAL_BASELINE
SIM-CUST-014-NORMAL-0155,SIM-CUST-014,Shin Haein,90408,2026-05-01T18:37:08,KR,Daegu,35.866062,128.615096,dining-daegu-11,DINING,mobile-primary-sim-cust-014,E-PAY,18,4,0,0,0,0,0,NORMAL_BASELINE
SIM-CUST-016-NORMAL-0155,SIM-CUST-016,Hwang Yuna,76178,2026-05-01T18:43:42,KR,Seoul,37.576882,126.994953,online-seoul-11,ONLINE,mobile-primary-sim-cust-016,CARD,18,4,0,0,0,0,0,NORMAL_BASELINE
SIM-CUST-004-NORMAL-0155,SIM-CUST-004,Choi Haein,39039,2026-05-01T19:07:18,KR,Daegu,35.881625,128.597966,transport-daegu-11,TRANSPORT,mobile-primary-sim-cust-004,CARD,19,4,0,0,0,0,0,NORMAL_BASELINE
SIM-CUST-007-NORMAL-0155,SIM-CUST-007,Cho Hyunwoo,76822,2026-05-01T19:16:09,KR,Busan,35.184482,129.065804,shopping-busan-11,SHOPPING,mobile-primary-sim-cust-007,E-PAY,19,4,0,0,0,0,0,NORMAL_BASELINE
SIM-CUST-011-NORMAL-0155,SIM-CUST-011,Han Minjun,55333,2026-05-01T19:28:17,KR,Seoul,37.58892,126.986852,online-seoul-11,ONLINE,mobile-primary-sim-cust-011,E-PAY,19,4,0,0,0,0,0,NORMAL_BASELINE
SIM-CUST-019-NORMAL-0155,SIM-CUST-019,Hong Jiwon,130177,2026-05-01T19:52:33,KR,Daegu,35.868517,128.597506,grocery-daegu-11,GROCERY,mobile-primary-sim-cust-019,CARD,19,4,0,0,0,0,0,NORMAL_BASELINE
SIM-CUST-013-NORMAL-0155,SIM-CUST-013,Seo Jiho,109206,2026-05-01T20:34:51,KR,Incheon,37.434698,126.723774,online-incheon-11,ONLINE,mobile-primary-sim-cust-013,CARD,20,4,0,0,0,0,0,NORMAL_BASELINE
SIM-CUST-016-NORMAL-0156,SIM-CUST-016,Hwang Yuna,65018,2026-05-02T07:50:16,KR,Seoul,37.57424,126.998593,online-seoul-12,ONLINE,mobile-primary-sim-cust-016,CARD,7,5,0,0,0,0,0,NORMAL_BASELINE
SIM-CUST-002-NORMAL-0156,SIM-CUST-002,Lee Seoyeon,39814,2026-05-02T08:08:18,KR,Busan,35.184723,129.091717,dining-busan-12,DINING,mobile-primary-sim-cust-002,CARD,8,5,0,0,0,0,0,NORMAL_BASELINE
SIM-CUST-004-NORMAL-0156,SIM-CUST-004,Choi Haein,36426,2026-05-02T08:14:52,KR,Daegu,35.849078,128.592955,cafe-daegu-12,CAFE,mobile-primary-sim-cust-004,CARD,8,5,0,0,0,0,0,NORMAL_BASELINE
SIM-CUST-009-NORMAL-0156,SIM-CUST-009,Jang Jiwon,156142,2026-05-02T09:29:17,KR,Daegu,35.884852,128.588666,grocery-daegu-12,GROCERY,mobile-primary-sim-cust-009,ACCOUNT,9,5,0,0,0,0,0,NORMAL_BASELINE
SIM-CUST-012-NORMAL-0156,SIM-CUST-012,Oh Seoyeon,45624,2026-05-02T09:38:08,KR,Busan,35.165194,129.089444,cafe-busan-12,CAFE,mobile-primary-sim-cust-012,ACCOUNT,9,5,0,0,0,0,0,NORMAL_BASELINE
SIM-CUST-006-NORMAL-0156,SIM-CUST-006,Kang Yuna,130225,2026-05-02T10:20:26,KR,Seoul,37.578805,126.991314,cafe-seoul-12,CAFE,mobile-primary-sim-cust-006,ACCOUNT,10,5,0,0,0,0,0,NORMAL_BASELINE
SIM-CUST-003-NORMAL-0156,SIM-CUST-003,Park Jiho,64453,2026-05-02T11:11:35,KR,Incheon,37.450337,126.687142,cafe-incheon-12,CAFE,mobile-primary-sim-cust-003,E-PAY,11,5,0,0,0,0,0,NORMAL_BASELINE
SIM-CUST-005-NORMAL-0156,SIM-CUST-005,Jung Doyun,99521,2026-05-02T11:17:09,KR,Daejeon,36.344471,127.400606,dining-daejeon-12,DINING,mobile-primary-sim-cust-005,CARD,11,5,0,0,0,0,0,NORMAL_BASELINE
SIM-CUST-008-NORMAL-0156,SIM-CUST-008,Yoon Sumin,53166,2026-05-02T11:26:00,KR,Incheon,37.447706,126.685986,cafe-incheon-12,CAFE,mobile-primary-sim-cust-008,CARD,11,5,0,0,0,0,0,NORMAL_BASELINE
SIM-CUST-013-NORMAL-0156,SIM-CUST-013,Seo Jiho,109826,2026-05-02T11:41:25,KR,Incheon,37.47396,126.72679,online-incheon-12,ONLINE,mobile-primary-sim-cust-013,CARD,11,5,0,0,0,0,0,NORMAL_BASELINE
SIM-CUST-020-NORMAL-0156,SIM-CUST-020,Moon Nari,40892,2026-05-02T12:02:24,KR,Daejeon,36.351579,127.382534,cafe-daejeon-12,CAFE,mobile-primary-sim-cust-020,E-PAY,12,5,0,0,0,0,0,NORMAL_BASELINE
SIM-CUST-001-NORMAL-0156,SIM-CUST-001,Kim Minjun,54747,2026-05-02T12:05:01,KR,Seoul,37.542793,126.964446,dining-seoul-12,DINING,mobile-primary-sim-cust-001,CARD,12,5,0,0,0,0,0,NORMAL_BASELINE
SIM-CUST-015-NORMAL-0156,SIM-CUST-015,Kwon Doyun,90853,2026-05-02T12:47:59,KR,Daejeon,36.343097,127.396761,transport-daejeon-12,TRANSPORT,mobile-primary-sim-cust-015,ACCOUNT,12,5,0,0,0,0,0,NORMAL_BASELINE
SIM-CUST-010-NORMAL-0156,SIM-CUST-010,Lim Nari,44662,2026-05-02T13:32:34,KR,Daejeon,36.356287,127.381104,grocery-daejeon-12,GROCERY,mobile-primary-sim-cust-010,CARD,13,5,0,0,0,0,0,NORMAL_BASELINE
SIM-CUST-017-NORMAL-0156,SIM-CUST-017,Ahn Hyunwoo,69283,2026-05-02T13:53:33,KR,Busan,35.174029,129.066968,medical-busan-12,MEDICAL,mobile-primary-sim-cust-017,E-PAY,13,5,0,0,0,0,0,NORMAL_BASELINE
SIM-CUST-018-NORMAL-0156,SIM-CUST-018,Song Sumin,56190,2026-05-02T14:56:50,KR,Incheon,37.43908,126.714298,cafe-incheon-12,CAFE,mobile-primary-sim-cust-018,ACCOUNT,14,5,0,0,0,0,0,NORMAL_BASELINE
SIM-CUST-014-NORMAL-0156,SIM-CUST-014,Shin Haein,95276,2026-05-02T19:44:42,KR,Daegu,35.872499,128.602934,grocery-daegu-12,GROCERY,mobile-primary-sim-cust-014,E-PAY,19,5,0,0,0,0,0,NORMAL_BASELINE
SIM-CUST-019-NORMAL-0156,SIM-CUST-019,Hong Jiwon,155188,2026-05-02T19:59:07,KR,Daegu,35.862492,128.584632,cafe-daegu-12,CAFE,mobile-primary-sim-cust-019,CARD,19,5,0,0,0,0,0,NORMAL_BASELINE
SIM-CUST-007-NORMAL-0156,SIM-CUST-007,Cho Hyunwoo,78367,2026-05-02T21:23:43,KR,Busan,35.183507,129.079243,shopping-busan-12,SHOPPING,mobile-primary-sim-cust-007,E-PAY,21,5,0,0,0,0,0,NORMAL_BASELINE
SIM-CUST-011-NORMAL-0156,SIM-CUST-011,Han Minjun,64714,2026-05-02T21:35:51,KR,Seoul,37.575756,126.986839,cafe-seoul-12,CAFE,mobile-primary-sim-cust-011,E-PAY,21,5,0,0,0,0,0,NORMAL_BASELINE
SIM-CUST-001-A-DAWN-TRANSFER,SIM-CUST-001,Kim Minjun,420000,2026-05-03T02:17:27,KR,Seoul,37.5665,126.978,transfer-seoul-fraud,TRANSFER,mobile-primary-sim-cust-001,ACCOUNT,2,6,0,0,1,1,1,DAWN_HIGH_TRANSFER
SIM-CUST-004-NORMAL-0157,SIM-CUST-004,Choi Haein,38672,2026-05-03T08:21:26,KR,Daegu,35.892679,128.603406,grocery-daegu-01,GROCERY,mobile-primary-sim-cust-004,CARD,8,6,0,0,0,0,0,NORMAL_BASELINE
SIM-CUST-019-NORMAL-0157,SIM-CUST-019,Hong Jiwon,145888,2026-05-03T11:06:41,KR,Daegu,35.848055,128.576976,transport-daegu-01,TRANSPORT,mobile-primary-sim-cust-019,CARD,11,6,0,0,0,0,0,NORMAL_BASELINE
SIM-CUST-005-NORMAL-0157,SIM-CUST-005,Jung Doyun,94077,2026-05-03T11:24:43,KR,Daejeon,36.332219,127.37905,grocery-daejeon-01,GROCERY,mobile-primary-sim-cust-005,CARD,11,6,0,0,0,0,0,NORMAL_BASELINE
SIM-CUST-008-NORMAL-0157,SIM-CUST-008,Yoon Sumin,64940,2026-05-03T11:33:34,KR,Incheon,37.465652,126.722255,grocery-incheon-01,GROCERY,mobile-primary-sim-cust-008,CARD,11,6,0,0,0,0,0,NORMAL_BASELINE
SIM-CUST-003-NORMAL-0157,SIM-CUST-003,Park Jiho,66119,2026-05-03T12:18:09,KR,Incheon,37.43966,126.693998,online-incheon-01,ONLINE,mobile-primary-sim-cust-003,E-PAY,12,6,0,0,0,0,0,NORMAL_BASELINE
SIM-CUST-020-NORMAL-0157,SIM-CUST-020,Moon Nari,44033,2026-05-03T13:09:58,KR,Daejeon,36.366161,127.374208,cafe-daejeon-01,CAFE,mobile-primary-sim-cust-020,E-PAY,13,6,0,0,0,0,0,NORMAL_BASELINE
SIM-CUST-009-NORMAL-0157,SIM-CUST-009,Jang Jiwon,164604,2026-05-03T13:36:51,KR,Daegu,35.850662,128.595022,transfer-daegu-01,TRANSFER,mobile-primary-sim-cust-009,ACCOUNT,13,6,0,0,0,0,0,NORMAL_BASELINE
SIM-CUST-018-NORMAL-0157,SIM-CUST-018,Song Sumin,57316,2026-05-03T16:03:24,KR,Incheon,37.460993,126.72503,grocery-incheon-01,GROCERY,mobile-primary-sim-cust-018,ACCOUNT,16,6,0,0,0,0,0,NORMAL_BASELINE
SIM-CUST-006-NORMAL-0157,SIM-CUST-006,Kang Yuna,131301,2026-05-03T16:27:00,KR,Seoul,37.574762,126.997141,grocery-seoul-01,GROCERY,mobile-primary-sim-cust-006,ACCOUNT,16,6,0,0,0,0,0,NORMAL_BASELINE
SIM-CUST-012-NORMAL-0157,SIM-CUST-012,Oh Seoyeon,40374,2026-05-03T16:45:42,KR,Busan,35.178079,129.056822,grocery-busan-01,GROCERY,mobile-primary-sim-cust-012,ACCOUNT,16,6,0,0,0,0,0,NORMAL_BASELINE
SIM-CUST-002-NORMAL-0157,SIM-CUST-002,Lee Seoyeon,41346,2026-05-03T18:15:52,KR,Busan,35.170996,129.065382,cafe-busan-01,CAFE,mobile-primary-sim-cust-002,CARD,18,6,0,0,0,0,0,NORMAL_BASELINE
SIM-CUST-013-NORMAL-0157,SIM-CUST-013,Seo Jiho,114483,2026-05-03T18:48:59,KR,Incheon,37.458597,126.72479,online-incheon-01,ONLINE,mobile-primary-sim-cust-013,CARD,18,6,0,0,0,0,0,NORMAL_BASELINE
SIM-CUST-014-NORMAL-0157,SIM-CUST-014,Shin Haein,113913,2026-05-03T18:51:16,KR,Daegu,35.893674,128.61808,online-daegu-01,ONLINE,mobile-primary-sim-cust-014,E-PAY,18,6,0,0,0,0,0,NORMAL_BASELINE
SIM-CUST-017-NORMAL-0157,SIM-CUST-017,Ahn Hyunwoo,59607,2026-05-03T19:00:07,KR,Busan,35.179184,129.078641,cafe-busan-01,CAFE,mobile-primary-sim-cust-017,E-PAY,19,6,0,0,0,0,0,NORMAL_BASELINE
SIM-CUST-001-NORMAL-0157,SIM-CUST-001,Kim Minjun,56133,2026-05-03T19:12:35,KR,Seoul,37.589039,127.002979,online-seoul-01,ONLINE,mobile-primary-sim-cust-001,CARD,19,6,0,0,0,0,0,NORMAL_BASELINE
SIM-CUST-007-NORMAL-0157,SIM-CUST-007,Cho Hyunwoo,80788,2026-05-03T19:30:17,KR,Busan,35.168941,129.054726,online-busan-01,ONLINE,mobile-primary-sim-cust-007,E-PAY,19,6,0,0,0,0,0,NORMAL_BASELINE
SIM-CUST-010-NORMAL-0157,SIM-CUST-010,Lim Nari,46140,2026-05-03T19:39:08,KR,Daejeon,36.353831,127.379178,utility-daejeon-01,UTILITY,web-trusted-sim-cust-010,CARD,19,6,0,0,0,0,0,NORMAL_BASELINE
SIM-CUST-016-NORMAL-0157,SIM-CUST-016,Hwang Yuna,74807,2026-05-03T19:57:50,KR,Seoul,37.561209,126.980319,cafe-seoul-01,CAFE,mobile-primary-sim-cust-016,CARD,19,6,0,0,0,0,0,NORMAL_BASELINE
SIM-CUST-011-NORMAL-0157,SIM-CUST-011,Han Minjun,65338,2026-05-03T20:42:25,KR,Seoul,37.572314,126.998544,dining-seoul-01,DINING,mobile-primary-sim-cust-011,E-PAY,20,6,0,0,0,0,0,NORMAL_BASELINE
SIM-CUST-015-NORMAL-0157,SIM-CUST-015,Kwon Doyun,99038,2026-05-03T20:54:33,KR,Daejeon,36.363535,127.359784,transport-daejeon-01,TRANSPORT,mobile-primary-sim-cust-015,ACCOUNT,20,6,0,0,0,0,0,NORMAL_BASELINE
SIM-CUST-016-NORMAL-0158,SIM-CUST-016,Hwang Yuna,69820,2026-05-04T08:04:24,KR,Seoul,37.579676,126.967648,shopping-seoul-02,SHOPPING,mobile-primary-sim-cust-016,CARD,8,0,0,0,0,0,0,NORMAL_BASELINE
SIM-CUST-019-NORMAL-0158,SIM-CUST-019,Hong Jiwon,163021,2026-05-04T09:13:15,KR,Daegu,35.889544,128.612555,dining-daegu-02,DINING,mobile-primary-sim-cust-019,CARD,9,0,0,0,0,0,0,NORMAL_BASELINE
SIM-CUST-004-NORMAL-0158,SIM-CUST-004,Choi Haein,35542,2026-05-04T09:28:00,KR,Daegu,35.866045,128.603883,transport-daegu-02,TRANSPORT,mobile-primary-sim-cust-004,CARD,9,0,0,0,0,0,0,NORMAL_BASELINE
SIM-CUST-018-NORMAL-0158,SIM-CUST-018,Song Sumin,61220,2026-05-04T10:10:58,KR,Incheon,37.444909,126.727197,online-incheon-02,ONLINE,mobile-primary-sim-cust-018,ACCOUNT,10,0,0,0,0,0,0,NORMAL_BASELINE
SIM-CUST-006-NORMAL-0158,SIM-CUST-006,Kang Yuna,137979,2026-05-04T10:34:34,KR,Seoul,37.566735,126.985877,online-seoul-02,ONLINE,mobile-primary-sim-cust-006,ACCOUNT,10,0,0,0,0,0,0,NORMAL_BASELINE
SIM-CUST-008-NORMAL-0158,SIM-CUST-008,Yoon Sumin,60161,2026-05-04T10:40:08,KR,Incheon,37.474068,126.689639,cafe-incheon-02,CAFE,mobile-primary-sim-cust-008,CARD,10,0,0,0,0,0,0,NORMAL_BASELINE
SIM-CUST-003-NORMAL-0158,SIM-CUST-003,Park Jiho,66803,2026-05-04T12:25:43,KR,Incheon,37.443885,126.69253,grocery-incheon-02,GROCERY,mobile-primary-sim-cust-003,E-PAY,12,0,0,0,0,0,0,NORMAL_BASELINE
SIM-CUST-010-NORMAL-0158,SIM-CUST-010,Lim Nari,55748,2026-05-04T12:46:42,KR,Daejeon,36.339089,127.390904,utility-daejeon-02,UTILITY,mobile-primary-sim-cust-010,CARD,12,0,0,0,0,0,0,NORMAL_BASELINE
SIM-CUST-017-NORMAL-0158,SIM-CUST-017,Ahn Hyunwoo,69167,2026-05-04T13:07:41,KR,Busan,35.201491,129.054484,online-busan-02,ONLINE,mobile-primary-sim-cust-017,E-PAY,13,0,0,0,0,0,0,NORMAL_BASELINE
SIM-CUST-002-NORMAL-0158,SIM-CUST-002,Lee Seoyeon,46098,2026-05-04T13:22:26,KR,Busan,35.189088,129.068177,cafe-busan-02,CAFE,mobile-primary-sim-cust-002,CARD,13,0,0,0,0,0,0,NORMAL_BASELINE
SIM-CUST-009-NORMAL-0158,SIM-CUST-009,Jang Jiwon,175671,2026-05-04T13:43:25,KR,Daegu,35.853981,128.614075,grocery-daegu-02,GROCERY,mobile-primary-sim-cust-009,ACCOUNT,13,0,0,0,0,0,0,NORMAL_BASELINE
SIM-CUST-012-NORMAL-0158,SIM-CUST-012,Oh Seoyeon,48104,2026-05-04T15:52:16,KR,Busan,35.189792,129.087658,grocery-busan-02,GROCERY,mobile-primary-sim-cust-012,ACCOUNT,15,0,0,0,0,0,0,NORMAL_BASELINE
SIM-CUST-013-NORMAL-0158,SIM-CUST-013,Seo Jiho,125806,2026-05-04T18:55:33,KR,Incheon,37.444453,126.681699,grocery-incheon-02,GROCERY,mobile-primary-sim-cust-013,CARD,18,0,0,0,0,0,0,NORMAL_BASELINE
SIM-CUST-020-NORMAL-0158,SIM-CUST-020,Moon Nari,51899,2026-05-04T19:16:32,KR,Daejeon,36.359576,127.396468,cafe-daejeon-02,CAFE,mobile-primary-sim-cust-020,E-PAY,19,0,0,0,0,0,0,NORMAL_BASELINE
SIM-CUST-001-NORMAL-0158,SIM-CUST-001,Kim Minjun,57750,2026-05-04T19:19:09,KR,Seoul,37.579655,126.96176,online-seoul-02,ONLINE,mobile-primary-sim-cust-001,CARD,19,0,0,0,0,0,0,NORMAL_BASELINE
SIM-CUST-014-NORMAL-0158,SIM-CUST-014,Shin Haein,104265,2026-05-04T19:58:50,KR,Daegu,35.868482,128.611155,utility-daegu-02,UTILITY,mobile-primary-sim-cust-014,E-PAY,19,0,0,0,0,0,0,NORMAL_BASELINE
SIM-CUST-015-NORMAL-0158,SIM-CUST-015,Kwon Doyun,98219,2026-05-04T20:01:07,KR,Daejeon,36.35769,127.366497,transport-daejeon-02,TRANSPORT,mobile-primary-sim-cust-015,ACCOUNT,20,0,0,0,0,0,0,NORMAL_BASELINE
SIM-CUST-005-NORMAL-0158,SIM-CUST-005,Jung Doyun,99037,2026-05-04T20:31:17,KR,Daejeon,36.340303,127.403849,dining-daejeon-02,DINING,mobile-primary-sim-cust-005,CARD,20,0,0,0,0,0,0,NORMAL_BASELINE
SIM-CUST-007-NORMAL-0158,SIM-CUST-007,Cho Hyunwoo,86125,2026-05-04T21:37:51,KR,Busan,35.167203,129.08139,shopping-busan-02,SHOPPING,mobile-primary-sim-cust-007,E-PAY,21,0,0,0,0,0,0,NORMAL_BASELINE
SIM-CUST-011-NORMAL-0158,SIM-CUST-011,Han Minjun,67520,2026-05-04T21:49:59,KR,Seoul,37.568216,126.970253,cafe-seoul-02,CAFE,mobile-primary-sim-cust-011,E-PAY,21,0,0,0,0,0,0,NORMAL_BASELINE
SIM-CUST-002-NORMAL-0159,SIM-CUST-002,Lee Seoyeon,52743,2026-05-05T08:29:00,KR,Busan,35.185343,129.072347,dining-busan-03,DINING,mobile-primary-sim-cust-002,CARD,8,1,0,0,0,0,0,NORMAL_BASELINE
SIM-CUST-019-NORMAL-0159,SIM-CUST-019,Hong Jiwon,169606,2026-05-05T09:20:49,KR,Daegu,35.886799,128.605692,grocery-daegu-03,GROCERY,mobile-primary-sim-cust-019,CARD,9,1,0,0,0,0,0,NORMAL_BASELINE
SIM-CUST-008-NORMAL-0159,SIM-CUST-008,Yoon Sumin,69476,2026-05-05T09:47:42,KR,Incheon,37.478254,126.698572,utility-incheon-03,UTILITY,mobile-primary-sim-cust-008,CARD,9,1,0,0,0,0,0,NORMAL_BASELINE
SIM-CUST-012-NORMAL-0159,SIM-CUST-012,Oh Seoyeon,48894,2026-05-05T09:59:50,KR,Busan,35.179978,129.06398,utility-busan-03,UTILITY,mobile-primary-sim-cust-012,ACCOUNT,9,1,0,0,0,0,0,NORMAL_BASELINE
SIM-CUST-013-NORMAL-0159,SIM-CUST-013,Seo Jiho,109145,2026-05-05T11:02:07,KR,Incheon,37.475701,126.68317,grocery-incheon-03,GROCERY,mobile-primary-sim-cust-013,CARD,11,1,0,0,0,0,0,NORMAL_BASELINE
SIM-CUST-017-NORMAL-0159,SIM-CUST-017,Ahn Hyunwoo,73876,2026-05-05T11:14:15,KR,Busan,35.185564,129.093458,online-busan-03,ONLINE,mobile-primary-sim-cust-017,E-PAY,11,1,0,0,0,0,0,NORMAL_BASELINE
SIM-CUST-014-NORMAL-0159,SIM-CUST-014,Shin Haein,109951,2026-05-05T12:05:24,KR,Daegu,35.868171,128.593809,dining-daegu-03,DINING,mobile-primary-sim-cust-014,E-PAY,12,1,0,0,0,0,0,NORMAL_BASELINE
SIM-CUST-020-NORMAL-0159,SIM-CUST-020,Moon Nari,51823,2026-05-05T12:23:06,KR,Daejeon,36.33651,127.40653,dining-daejeon-03,DINING,mobile-primary-sim-cust-020,E-PAY,12,1,0,0,0,0,0,NORMAL_BASELINE
SIM-CUST-009-NORMAL-0159,SIM-CUST-009,Jang Jiwon,158570,2026-05-05T13:50:59,KR,Daegu,35.867841,128.622301,dining-daegu-03,DINING,mobile-primary-sim-cust-009,ACCOUNT,13,1,0,0,0,0,0,NORMAL_BASELINE
SIM-CUST-018-NORMAL-0159,SIM-CUST-018,Song Sumin,67106,2026-05-05T14:17:32,KR,Incheon,37.451535,126.727805,grocery-incheon-03,GROCERY,mobile-primary-sim-cust-018,ACCOUNT,14,1,0,0,0,0,0,NORMAL_BASELINE
SIM-CUST-006-NORMAL-0159,SIM-CUST-006,Kang Yuna,137911,2026-05-05T16:41:08,KR,Seoul,37.559116,126.968758,transport-seoul-03,TRANSPORT,mobile-primary-sim-cust-006,ACCOUNT,16,1,0,0,0,0,0,NORMAL_BASELINE
SIM-CUST-016-NORMAL-0159,SIM-CUST-016,Hwang Yuna,76016,2026-05-05T18:11:58,KR,Seoul,37.566023,126.977562,grocery-seoul-03,GROCERY,mobile-primary-sim-cust-016,CARD,18,1,0,0,0,0,0,NORMAL_BASELINE
SIM-CUST-001-NORMAL-0159,SIM-CUST-001,Kim Minjun,63844,2026-05-05T18:26:43,KR,Seoul,37.550574,126.982266,cafe-seoul-03,CAFE,mobile-primary-sim-cust-001,CARD,18,1,0,0,0,0,0,NORMAL_BASELINE
SIM-CUST-004-NORMAL-0159,SIM-CUST-004,Choi Haein,38940,2026-05-05T18:35:34,KR,Daegu,35.86778,128.591127,transport-daegu-03,TRANSPORT,mobile-primary-sim-cust-004,CARD,18,1,0,0,0,0,0,NORMAL_BASELINE
SIM-CUST-010-NORMAL-0159,SIM-CUST-010,Lim Nari,47201,2026-05-05T18:53:16,KR,Daejeon,36.361727,127.404612,cafe-daejeon-03,CAFE,mobile-primary-sim-cust-010,CARD,18,1,0,0,0,0,0,NORMAL_BASELINE
SIM-CUST-007-NORMAL-0159,SIM-CUST-007,Cho Hyunwoo,73294,2026-05-05T19:44:25,KR,Busan,35.160177,129.059331,online-busan-03,ONLINE,mobile-primary-sim-cust-007,E-PAY,19,1,0,0,0,0,0,NORMAL_BASELINE
SIM-CUST-015-NORMAL-0159,SIM-CUST-015,Kwon Doyun,91250,2026-05-05T20:08:41,KR,Daejeon,36.360617,127.36993,dining-daejeon-03,DINING,mobile-primary-sim-cust-015,ACCOUNT,20,1,0,0,0,0,0,NORMAL_BASELINE
SIM-CUST-001-A-FOREIGN-HIGH,SIM-CUST-001,Kim Minjun,650000,2026-05-05T20:17:19,US,New York,40.7128,-74.006,online-new-york-fraud,ONLINE,unknown-mobile-sim-cust-001,CARD,20,1,1,1,0,0,1,FOREIGN_HIGH_AMOUNT_NEW_DEVICE
SIM-CUST-005-NORMAL-0159,SIM-CUST-005,Jung Doyun,109000,2026-05-05T21:38:51,KR,Daejeon,36.325958,127.403238,cafe-daejeon-03,CAFE,mobile-primary-sim-cust-005,CARD,21,1,0,0,0,0,0,NORMAL_BASELINE
SIM-CUST-011-NORMAL-0159,SIM-CUST-011,Han Minjun,77422,2026-05-05T21:56:33,KR,Seoul,37.591458,127.000247,cafe-seoul-03,CAFE,mobile-primary-sim-cust-011,E-PAY,21,1,0,0,0,0,0,NORMAL_BASELINE
SIM-CUST-003-NORMAL-0159,SIM-CUST-003,Park Jiho,78131,2026-05-05T22:32:17,KR,Incheon,37.454193,126.686974,grocery-incheon-03,GROCERY,mobile-primary-sim-cust-003,E-PAY,22,1,0,0,0,0,0,NORMAL_BASELINE
SIM-CUST-014-NORMAL-0160,SIM-CUST-014,Shin Haein,120068,2026-05-06T08:12:58,KR,Daegu,35.884937,128.5937,online-daegu-04,ONLINE,mobile-primary-sim-cust-014,E-PAY,8,2,0,0,0,0,0,NORMAL_BASELINE
SIM-CUST-016-NORMAL-0160,SIM-CUST-016,Hwang Yuna,82024,2026-05-06T09:18:32,KR,Seoul,37.556795,127.002614,cafe-seoul-04,CAFE,mobile-primary-sim-cust-016,CARD,9,2,0,0,0,0,0,NORMAL_BASELINE
SIM-CUST-019-NORMAL-0160,SIM-CUST-019,Hong Jiwon,162610,2026-05-06T09:27:23,KR,Daegu,35.886669,128.598349,dining-daegu-04,DINING,mobile-primary-sim-cust-019,CARD,9,2,0,0,0,0,0,NORMAL_BASELINE
SIM-CUST-008-NORMAL-0160,SIM-CUST-008,Yoon Sumin,66123,2026-05-06T09:54:16,KR,Incheon,37.436559,126.702103,transport-incheon-04,TRANSPORT,mobile-primary-sim-cust-008,CARD,9,2,0,0,0,0,0,NORMAL_BASELINE
SIM-CUST-013-NORMAL-0160,SIM-CUST-013,Seo Jiho,126542,2026-05-06T10:09:41,KR,Incheon,37.477509,126.713367,cafe-incheon-04,CAFE,mobile-primary-sim-cust-013,CARD,10,2,0,0,0,0,0,NORMAL_BASELINE
SIM-CUST-003-NORMAL-0160,SIM-CUST-003,Park Jiho,74610,2026-05-06T10:39:51,KR,Incheon,37.46231,126.720404,utility-incheon-04,UTILITY,mobile-primary-sim-cust-003,E-PAY,10,2,0,0,0,0,0,NORMAL_BASELINE
SIM-CUST-005-NORMAL-0160,SIM-CUST-005,Jung Doyun,88815,2026-05-06T12:45:25,KR,Daejeon,36.355233,127.386358,dining-daejeon-04,DINING,mobile-primary-sim-cust-005,CARD,12,2,0,0,0,0,0,NORMAL_BASELINE
SIM-CUST-017-NORMAL-0160,SIM-CUST-017,Ahn Hyunwoo,66458,2026-05-06T13:21:49,KR,Busan,35.173671,129.079006,utility-busan-04,UTILITY,mobile-primary-sim-cust-017,E-PAY,13,2,0,0,0,0,0,NORMAL_BASELINE
SIM-CUST-009-NORMAL-0160,SIM-CUST-009,Jang Jiwon,177730,2026-05-06T13:57:33,KR,Daegu,35.88051,128.623587,utility-daegu-04,UTILITY,mobile-primary-sim-cust-009,ACCOUNT,13,2,0,0,0,0,0,NORMAL_BASELINE
SIM-CUST-012-NORMAL-0160,SIM-CUST-012,Oh Seoyeon,51272,2026-05-06T14:06:24,KR,Busan,35.200067,129.084265,dining-busan-04,DINING,mobile-primary-sim-cust-012,ACCOUNT,14,2,0,0,0,0,0,NORMAL_BASELINE
SIM-CUST-018-NORMAL-0160,SIM-CUST-018,Song Sumin,61398,2026-05-06T14:24:06,KR,Incheon,37.472503,126.707951,online-incheon-04,ONLINE,mobile-primary-sim-cust-018,ACCOUNT,14,2,0,0,0,0,0,NORMAL_BASELINE
SIM-CUST-006-NORMAL-0160,SIM-CUST-006,Kang Yuna,139843,2026-05-06T14:48:42,KR,Seoul,37.573162,126.994308,online-seoul-04,ONLINE,mobile-primary-sim-cust-006,ACCOUNT,14,2,0,0,0,0,0,NORMAL_BASELINE
SIM-CUST-020-NORMAL-0160,SIM-CUST-020,Moon Nari,54017,2026-05-06T18:30:40,KR,Daejeon,36.372127,127.376509,transport-daejeon-04,TRANSPORT,mobile-primary-sim-cust-020,E-PAY,18,2,0,0,0,0,0,NORMAL_BASELINE
SIM-CUST-010-NORMAL-0160,SIM-CUST-010,Lim Nari,56996,2026-05-06T19:00:50,KR,Daejeon,36.331462,127.377937,grocery-daejeon-04,GROCERY,mobile-primary-sim-cust-010,CARD,19,2,0,0,0,0,0,NORMAL_BASELINE
SIM-CUST-001-NORMAL-0160,SIM-CUST-001,Kim Minjun,65955,2026-05-06T19:33:17,KR,Seoul,37.565001,126.973417,online-seoul-04,ONLINE,mobile-primary-sim-cust-001,CARD,19,2,0,0,0,0,0,NORMAL_BASELINE
SIM-CUST-002-NORMAL-0160,SIM-CUST-002,Lee Seoyeon,54296,2026-05-06T19:36:34,KR,Busan,35.158352,129.082476,transport-busan-04,TRANSPORT,mobile-primary-sim-cust-002,CARD,19,2,0,0,0,0,0,NORMAL_BASELINE
SIM-CUST-004-NORMAL-0160,SIM-CUST-004,Choi Haein,37223,2026-05-06T19:42:08,KR,Daegu,35.856748,128.60831,grocery-daegu-04,GROCERY,mobile-primary-sim-cust-004,CARD,19,2,0,0,0,0,0,NORMAL_BASELINE
SIM-CUST-011-NORMAL-0160,SIM-CUST-011,Han Minjun,73783,2026-05-06T21:03:07,KR,Seoul,37.589732,126.986726,cafe-seoul-04,CAFE,web-trusted-sim-cust-011,E-PAY,21,2,0,0,0,0,0,NORMAL_BASELINE
SIM-CUST-007-NORMAL-0160,SIM-CUST-007,Cho Hyunwoo,87696,2026-05-06T21:51:59,KR,Busan,35.173088,129.05937,dining-busan-04,DINING,mobile-primary-sim-cust-007,E-PAY,21,2,0,0,0,0,0,NORMAL_BASELINE
SIM-CUST-015-NORMAL-0160,SIM-CUST-015,Kwon Doyun,113315,2026-05-06T22:15:15,KR,Daejeon,36.326584,127.380875,transport-daejeon-04,TRANSPORT,mobile-primary-sim-cust-015,ACCOUNT,22,2,0,0,0,0,0,NORMAL_BASELINE
